id_municipio,nome_municipio,capital,regiao_metropolitana,sigla_uf,nome_uf,domicilios,populacao,area,taxa_alfabetizacao,idade_mediana,razao_sexo,indice_envelhecimento,populacao_indigena,populacao_indigena_terra_indigena,populacao_quilombola,populacao_quilombola_territorio_quilombola
1400704,Uiramutã,0,,RR,Roraima,2339,13695,8114,87.529,15,105.76,5.4,13264,12213,0,0
1200435,Santa Rosa do Purus,0,,AC,Acre,1344,6717,6156,77.397,17,103.73,7.68,4297,2639,0,0
1400407,Normandia,0,,RR,Roraima,2719,13893,6960,91.823,17,106.53,8.23,12397,10081,0,0
1200328,Jordão,0,,AC,Acre,2003,9201,5357,81.876,18,107.1,6.55,4109,3273,0,0
1303908,São Paulo de Olivença,0,,AM,Amazonas,6010,32931,19659,85.195,19,105.88,11.12,26603,12081,0,0
1302306,Jutaí,0,,AM,Amazonas,4845,24981,69457,84.097,19,106.14,9.52,8148,3798,0,0
1504505,Melgaço,0,,PA,Pará,5715,27714,6774,80.117,19,109.43,9.25,11,0,0,0
1501105,Bagre,0,,PA,Pará,5748,31715,4397,82.553,19,103.93,8.67,1,0,869,463
1400027,Amajari,0,,RR,Roraima,2996,13715,28473,68.174,19,110,11.29,9651,8966,0,0
1200393,Porto Walter,0,,AC,Acre,2611,10735,6446,81.098,20,110.37,9.98,868,654,0,0
1200351,Marechal Thaumaturgo,0,,AC,Acre,4321,17093,8191,77.175,20,110.25,10.13,3355,2119,0,0
1300201,Atalaia do Norte,0,,AM,Amazonas,3390,15195,76508,77.182,20,106.25,10.91,7769,5138,0,0
1304237,Tonantins,0,,AM,Amazonas,3380,19232,6447,86.882,20,107.16,11.21,10649,3511,0,0
1302801,Maraã,0,,AM,Amazonas,3021,15388,16831,84.341,20,109.71,9.3,3021,855,0,0
1302108,Japurá,0,,AM,Amazonas,1735,8767,55827,87.628,20,112.37,8.93,2590,1291,0,0
1303700,Santo Antônio do Içá,0,,AM,Amazonas,5253,28142,12366,85.631,20,104.07,11.35,18837,6258,0,0
1301951,Itamarati,0,,AM,Amazonas,2333,10910,25260,73.564,20,107.06,10.81,1953,1748,0,0
1503754,Jacareacanga,0,,PA,Pará,5086,23845,53305,88.787,20,109.39,9.47,14213,11780,0,0
1400050,Alto Alegre,0,Região Metropolitana da Capital,RR,Roraima,5060,21028,25454,63.186,20,108.46,13.09,12712,11975,0,0
1300631,Beruri,0,,AM,Amazonas,4556,20671,17473,82.987,21,108.77,13.3,2726,869,0,0
1304260,Uarini,0,,AM,Amazonas,3057,14261,10275,88.073,21,112.6,11.94,3608,621,0,0
1301803,Ipixuna,0,,AM,Amazonas,4806,24038,12110,75.843,21,104.16,9.79,2337,1752,0,0
1300607,Benjamin Constant,0,,AM,Amazonas,7742,37538,8705,87.298,21,102.71,13.98,17786,11804,0,0
1300029,Alvarães,0,,AM,Amazonas,3398,15828,5923,87.633,21,107.94,13.09,5572,1052,72,0
1300060,Amaturá,0,,AM,Amazonas,2156,10812,4754,85.128,21,105.41,13.02,9947,3624,0,0
1303601,Santa Isabel do Rio Negro,0,,AM,Amazonas,2740,14099,62800,84.104,21,105.99,13.91,13574,5899,0,0
1500701,Anajás,0,,PA,Pará,6369,27905,6914,77.419,21,107.44,11.77,5,0,0,0
1400456,Pacaraima,0,,RR,Roraima,3958,17365,8025,9.423,21,104.68,9.52,10909,10909,0,0
1400159,Bonfim,0,Região Metropolitana da Capital,RR,Roraima,3498,13855,8080,91.309,21,108.18,15.04,6460,5228,0,0
1200609,Tarauacá,0,,AC,Acre,11273,42871,20169,78.507,22,110.33,14.67,3757,2748,0,0
1303502,Pauini,0,,AM,Amazonas,3960,19304,41625,75.884,22,113.29,13.28,3948,1353,0,0
1302900,Maués,0,,AM,Amazonas,13271,60966,39991,93.837,22,109.88,17.25,11375,6120,0,0
1300508,Barreirinha,0,,AM,Amazonas,6895,30872,5752,93.965,22,109.22,16.84,8241,4282,1885,1137
1301605,Fonte Boa,0,,AM,Amazonas,5345,25732,12155,86.069,22,106.67,14.88,7735,557,0,0
1303809,São Gabriel da Cachoeira,0,,AM,Amazonas,10603,51258,109193,90.595,22,104.23,16.1,47815,24546,0,0
1300409,Barcelos,0,,AM,Amazonas,4253,18697,122461,78.713,22,109.59,15.3,14082,4841,83,0
1302207,Juruá,0,,AM,Amazonas,2529,10729,19443,7.936,22,107.74,13.81,1211,358,0,0
1301407,Eirunepé,0,,AM,Amazonas,8130,33061,14966,74.719,22,102.89,16.01,2785,1773,0,0
1304062,Tabatinga,0,,AM,Amazonas,13839,66438,3260,90.447,22,99.69,13.11,34374,19195,0,0
1600154,Pedra Branca do Amapari,0,,AP,Amapá,3290,12807,9622,91.297,22,108.42,10.68,1676,1571,0,0
1600550,Pracuúba,0,,AP,Amapá,913,3800,4949,89.874,22,110.11,14.92,3,0,0,0
2101731,Belágua,0,,MA,Maranhão,2070,8460,570,76.352,22,112.67,15.13,1,0,0,0
2105476,Jenipapo dos Vieiras,0,,MA,Maranhão,4678,17073,1962,72.093,22,105.76,16.89,7880,7701,0,0
5102603,Campinápolis,0,,MT,Mato Grosso,3756,15320,5979,83.815,22,105.17,16.85,8451,7887,0,0
1505809,Portel,0,,PA,Pará,13286,61905,25385,79.452,22,109.21,13.3,25,0,599,301
1501808,Breves,0,,PA,Pará,24356,106633,9567,811,22,106.94,15.86,822,0,0,0
1502806,Curralinho,0,,PA,Pará,8164,33830,3617,83.142,22,111.37,14.77,13,0,1738,0
1200427,Rodrigues Alves,0,,AC,Acre,4197,14919,3076,79.956,23,108.89,16.83,85,0,0,0
1200344,Manoel Urbano,0,,AC,Acre,3242,11989,10631,77.833,23,111.35,15.17,962,500,0,0
1200302,Feijó,0,,AC,Acre,9366,35345,27977,77.351,23,105.76,15.95,4425,3751,0,0
1303106,Nova Olinda do Norte,0,,AM,Amazonas,6480,26925,5578,91.023,23,107.82,17.52,7063,0,0,0
1301506,Envira,0,,AM,Amazonas,4185,17143,7506,73.692,23,104.72,13.48,1263,905,0,0
1304203,Tefé,0,,AM,Amazonas,17460,73546,23692,90.163,23,104.88,15.46,20384,1038,0,0
1301654,Guajará,0,,AM,Amazonas,3611,13790,7584,7.764,23,106.04,15.99,328,0,0,0
1300805,Borba,0,,AM,Amazonas,7986,33021,44236,88.882,23,110.53,19.01,9386,5111,0,0
1301001,Carauari,0,,AM,Amazonas,7241,28668,25779,81.991,23,105.31,16.33,1630,0,0,0
1300086,Anamã,0,,AM,Amazonas,2316,9944,2446,87.756,23,109.73,14.62,965,213,0,0
1600212,Cutias,0,,AP,Amapá,1156,4426,2179,89.411,23,105.58,16.75,0,0,0,0
1600402,Mazagão,0,Região Metropolitana de Macapá,AP,Amapá,5321,21802,13295,87.556,23,108.34,16.05,23,0,1479,305
1600709,Tartarugalzinho,0,,AP,Amapá,3321,12900,6685,88.788,23,110.28,15.65,11,0,58,58
1600253,Itaubal,0,,AP,Amapá,1361,5583,1623,89.113,23,107.29,14.72,3,0,105,51
2104081,Fernando Falcão,0,,MA,Maranhão,2668,10861,5087,73.776,23,108.49,17.7,3478,3400,468,0
2103158,Centro do Guilherme,0,,MA,Maranhão,3283,12341,1168,79.865,23,105.19,18.45,835,832,0,0
5006358,Paranhos,0,,MS,Mato Grosso do Sul,3632,12728,1307,86.013,23,102.3,19.76,5578,4998,0,0
1503101,Gurupá,0,,PA,Pará,7375,31687,8570,82.027,23,110.8,16.13,61,0,3471,2136
1505205,Oeiras do Pará,0,,PA,Pará,8093,33694,3852,85.649,23,108.9,16.53,14,0,3500,2663
1505908,Porto de Moz,0,,PA,Pará,9065,40564,17423,86.456,23,108.41,12.68,103,19,482,158
1500305,Afuá,0,,PA,Pará,9038,37658,8338,77.974,23,109.14,15.56,29,0,0,0
1502509,Chaves,0,,PA,Pará,4748,20704,12535,80.865,23,115.34,15.76,26,0,0,0
1721109,Tocantínia,0,Região Metropolitana de Palmas,TO,Tocantins,2000,7439,2610,89.947,23,104.36,19.42,4069,3775,0,0
1302405,Lábrea,0,,AM,Amazonas,11269,45339,68263,804,24,109.01,16.86,12021,2870,0,0
1303957,São Sebastião do Uatumã,0,,AM,Amazonas,2665,11542,10647,94.063,24,112.53,17.82,308,0,0,0
1301209,Coari,0,,AM,Amazonas,17564,70506,57971,86.342,24,103.31,17.33,9640,204,0,0
1304005,Silves,0,Região Metropolitana de Manaus,AM,Amazonas,2825,11534,3723,94.491,24,110.01,19.02,1066,0,0,0
1300300,Autazes,0,Região Metropolitana de Manaus,AM,Amazonas,11007,41548,7653,89.873,24,110.81,18.64,20438,4091,0,0
1303304,Novo Aripuanã,0,,AM,Amazonas,4785,23695,41180,87.966,24,108.33,20.13,1144,314,0,0
1300102,Anori,0,,AM,Amazonas,4147,17123,6036,86.822,24,109.53,16.28,512,361,0,0
1304104,Tapauá,0,,AM,Amazonas,4792,19489,84946,79.191,24,109.7,16.01,3637,1275,0,0
1300680,Boa Vista do Ramos,0,,AM,Amazonas,4594,23768,2589,95.631,24,110.79,22.27,1545,0,0,0
1301308,Codajás,0,,AM,Amazonas,5571,23473,18701,86.176,24,107.85,17.77,76,0,0,0
1300839,Caapiranga,0,,AM,Amazonas,2967,13378,9456,91.717,24,108.4,17.22,755,0,0,0
1302702,Manicoré,0,,AM,Amazonas,12170,53766,48315,89.558,24,104.81,19.04,8229,1429,0,0
1600238,Ferreira Gomes,0,,AP,Amapá,1796,6657,4974,90.711,24,101.51,17.08,1,0,82,22
1600808,Vitória do Jari,0,,AP,Amapá,3006,11244,2509,87.396,24,106.04,16.92,3,0,187,101
1600501,Oiapoque,0,,AP,Amapá,7041,27092,23034,93.628,24,105.4,10.97,8066,6188,146,56
2100600,Amarante do Maranhão,0,Região Metropolitana do Sudoeste Maranhense,MA,Maranhão,10849,37039,7440,80.396,24,106.11,23.37,8200,7494,0,0
2106375,Maranhãozinho,0,,MA,Maranhão,3326,13740,761,77.523,24,102.22,21.04,2056,2048,0,0
2112605,Urbano Santos,0,,MA,Maranhão,8599,32790,1708,78.529,24,103.21,21.97,9,0,0,0
2103174,Centro Novo do Maranhão,0,,MA,Maranhão,4508,16241,8401,79.729,24,109.03,19.44,468,423,68,0
5004809,Japorã,0,,MS,Mato Grosso do Sul,2492,8139,417,84.972,24,102.43,21.59,4710,4627,0,0
5106174,Nova Nazaré,0,,MT,Mato Grosso,1141,4165,4035,82.435,24,103.29,19.44,1725,1321,0,0
1503903,Juruti,0,,PA,Pará,12346,50735,8305,93.764,24,105.77,17.84,128,0,4,0
1200336,Mâncio Lima,0,,AC,Acre,5678,19224,5452,84.267,25,104.82,19.54,2815,1304,0,0
1200054,Assis Brasil,0,,AC,Acre,2426,8090,4979,85.299,25,104.34,17.65,1206,740,0,0
1303205,Novo Airão,0,Região Metropolitana de Manaus,AM,Amazonas,4165,15707,37777,8.957,25,104.34,19.93,4861,1121,196,88
1303403,Parintins,0,,AM,Amazonas,23900,96063,5956,95.931,25,102.22,23.91,5608,722,0,0
1302504,Manacapuru,0,Região Metropolitana de Manaus,AM,Amazonas,26883,101637,7337,8.897,25,104.15,21.1,3813,78,4,0
1600535,Porto Grande,0,,AP,Amapá,5012,17794,4428,90.151,25,105.65,18.06,28,0,142,76
1600105,Amapá,0,,AP,Amapá,2055,7911,8455,89.526,25,108.26,20.41,7,0,0,0
1600204,Calçoene,0,,AP,Amapá,2778,10432,14117,899,25,110.64,16.71,17,0,58,56
2106359,Marajá do Sena,0,,MA,Maranhão,1918,7025,1403,7.127,25,122.3,17.71,7,0,0,0
2110278,Santo Amaro do Maranhão,0,,MA,Maranhão,3550,13923,1583,82.316,25,104.56,24.83,2,0,0,0
2109205,Presidente Juscelino,0,Região Metropolitana da Grande São Luís,MA,Maranhão,3161,11340,356,79.305,25,106.25,23.99,8,0,3743,0
2105005,Humberto de Campos,0,,MA,Maranhão,6984,25647,1715,81.568,25,107.88,26.89,30,0,222,0
2110401,São Benedito do Rio Preto,0,,MA,Maranhão,5019,18342,931,79.038,25,103.25,27.53,1,0,85,0
2101970,Boa Vista do Gurupi,0,,MA,Maranhão,2146,7550,400,80.899,25,103.06,22.71,39,0,591,0
2100105,Afonso Cunha,0,,MA,Maranhão,1699,6132,371,7.678,25,103.92,24.06,1,0,0,0
2102036,Bom Jesus das Selvas,0,,MA,Maranhão,8264,28534,2677,77.669,25,106.4,22.63,502,330,0,0
2102374,Cachoeira Grande,0,Região Metropolitana da Grande São Luís,MA,Maranhão,2681,9720,707,77.803,25,108.44,24.94,4,0,511,323
2106326,Maracaçumé,0,,MA,Maranhão,6000,21131,636,81.787,25,96.19,22.68,2,0,0,0
2111029,São João do Carú,0,,MA,Maranhão,3316,12251,910,71.787,25,103.81,23.94,133,79,0,0
2112456,Turilândia,0,,MA,Maranhão,7213,31614,1508,82.449,25,96.91,19.97,26,0,1793,0
2109403,Primeira Cruz,0,,MA,Maranhão,3604,13603,1337,79.691,25,111.73,27.09,4,0,281,0
2100550,Amapá do Maranhão,0,,MA,Maranhão,2025,7170,502,79.238,25,103.98,23.5,1,0,0,0
2100956,Arame,0,,MA,Maranhão,7154,25478,2976,7.501,25,106.35,23.97,3508,3113,0,0
2102200,Buriti,0,,MA,Maranhão,8083,29628,1476,76.364,25,104.32,28.03,14,0,430,0
2105351,Itaipava do Grajaú,0,,MA,Maranhão,3811,13824,1244,74.548,25,106.26,23.68,1296,1187,0,0
3162450,São João das Missões,0,,MG,Minas Gerais,3600,13024,678,79.976,25,103.15,23.87,10398,8796,0,0
5003157,Coronel Sapucaia,0,,MS,Mato Grosso do Sul,4478,14207,1024,84.956,25,96.98,23.53,3663,3272,0,0
1500404,Alenquer,0,,PA,Pará,17906,69250,23645,89.182,25,105.94,21.23,36,0,1806,1210
1507953,Tailândia,0,,PA,Pará,21587,72364,4430,88.618,25,101.8,15.04,85,0,0,0
1505304,Oriximiná,0,,PA,Pará,17956,68115,107614,92.672,25,101.83,22.44,3795,3253,9438,4857
1504000,Limoeiro do Ajuru,0,,PA,Pará,7177,29525,1490,89.351,25,107.09,18.31,13,0,56,0
1508308,Viseu,0,,PA,Pará,16235,58608,4973,80.779,25,107.98,23.2,0,0,1577,43
1501006,Aveiro,0,,PA,Pará,4647,18188,17074,90.959,25,110.13,23.82,3187,2556,0,0
1500859,Anapu,0,,PA,Pará,9335,31548,11895,85.046,25,108.92,16.64,943,808,0,0
1501956,Cachoeira do Piriá,0,,PA,Pará,5620,19578,2420,79.783,25,111.55,18.32,34,0,1030,839
1507201,São Domingos do Capim,0,,PA,Pará,8463,30585,1687,83.702,25,109.81,25.87,49,0,467,0
1507706,São Sebastião da Boa Vista,0,,PA,Pará,6560,25539,1632,90.484,25,108.24,19.26,61,0,0,0
1504950,Nova Esperança do Piriá,0,,PA,Pará,6025,20437,2808,77.071,25,105.56,17.14,80,54,0,0
1500503,Almeirim,0,,PA,Pará,9116,34173,72955,8.742,25,106.1,18.85,1088,1076,1,0
1506005,Prainha,0,,PA,Pará,9205,35427,14787,88.558,25,107.93,17.95,41,0,126,107
1400282,Iracema,0,Região Metropolitana de Central,RR,Roraima,2925,10018,14012,79.965,25,112.94,20.26,1745,1513,0,0
1400175,Cantá,0,Região Metropolitana da Capital,RR,Roraima,5429,18557,7665,90.809,25,114.17,21.89,5217,3287,0,0
1703842,Campos Lindos,0,,TO,Tocantins,2419,8623,3234,86.861,25,108.26,20.77,6,0,0,0
1200500,Sena Madureira,0,,AC,Acre,12627,40874,23760,82.408,26,107.76,23.15,1674,966,0,0
1200203,Cruzeiro do Sul,0,,AC,Acre,26737,91147,8783,86.245,26,99.58,21.81,1663,868,0,0
2707800,Roteiro,0,,AL,Alagoas,1987,6468,129,74.973,26,99.88,22.92,2,0,0,0
1301902,Itacoatiara,0,Região Metropolitana de Manaus,AM,Amazonas,27664,103209,8892,93.927,26,104.21,22.52,7996,888,352,0
1301704,Humaitá,0,,AM,Amazonas,14416,57359,33111,88.743,26,105.42,20.23,4742,1573,0,0
1302009,Itapiranga,0,Região Metropolitana de Manaus,AM,Amazonas,2599,10107,4335,94.075,26,105.71,21.38,323,0,0,0
1303007,Nhamundá,0,,AM,Amazonas,4570,20036,14107,93.221,26,106.4,22.28,1042,832,0,0
1304401,Urucurituba,0,,AM,Amazonas,5202,23539,2886,93.704,26,102.56,21.68,1710,0,0,0
1600279,Laranjal do Jari,0,,AP,Amapá,10331,35059,30783,89.752,26,102.84,20.59,145,94,345,0
1600055,Serra do Navio,0,,AP,Amapá,1364,4631,7713,93.713,26,106.86,15.53,2,0,0,0
2103554,Conceição do Lago-Açu,0,,MA,Maranhão,4105,14898,726,76.987,26,106.49,24.52,8,0,0,0
2109304,Presidente Vargas,0,,MA,Maranhão,3111,10543,460,80.286,26,98.44,25.32,0,0,2213,0
2101707,Barreirinhas,0,,MA,Maranhão,17971,65461,3046,83.108,26,103.56,23.05,39,0,2720,0
2106631,Matões do Norte,0,,MA,Maranhão,3903,17413,794,80.803,26,102.79,21.49,1,0,229,0
2112704,Vargem Grande,0,,MA,Maranhão,12882,43250,1959,7.757,26,100.68,28.06,19,0,1747,107
2100303,Aldeias Altas,0,Região Metropolitana da Zona Leste do Estado do Maranhão,MA,Maranhão,6664,23283,1942,71.543,26,100.38,25.71,12,0,158,0
2102325,Buriticupu,0,,MA,Maranhão,16339,55406,2545,7.945,26,100,25.92,248,153,0,0
2108256,Pedro do Rosário,0,,MA,Maranhão,6940,24297,1754,79.584,26,99.85,26.37,33,0,3899,257
2106904,Monção,0,,MA,Maranhão,7956,27746,1246,79.547,26,100.83,29.06,79,0,4720,0
2107209,Nina Rodrigues,0,,MA,Maranhão,3526,14163,571,80.371,26,93,21.6,5,0,617,0
2104651,Governador Newton Bello,0,,MA,Maranhão,2806,10704,1144,81.391,26,107.74,27.32,13,0,0,0
2108058,Paulino Neves,0,,MA,Maranhão,4418,16994,979,7.892,26,105.25,26.16,13,0,135,0
2112407,Turiaçu,0,,MA,Maranhão,10226,37459,2622,8.428,26,97.41,25.85,20,0,4331,544
2104800,Grajaú,0,,MA,Maranhão,21786,73736,8862,82.836,26,101.58,24.01,7904,5984,50,45
1500909,Augusto Corrêa,0,,PA,Pará,12365,44524,1100,82.544,26,104.69,24.11,20,0,145,0
1504703,Moju,0,,PA,Pará,25016,83890,9094,87.528,26,109.12,19.43,258,179,6244,3406
1503457,Ipixuna do Pará,0,,PA,Pará,8758,30206,5216,8.245,26,106.43,20.81,37,4,439,0
1502855,Curuá,0,,PA,Pará,3903,14105,1431,91.958,26,108.25,21.99,35,0,223,0
1508001,Tomé-Açu,0,,PA,Pará,19818,67373,5145,88.632,26,103.73,20.48,582,263,332,0
1504604,Mocajuba,0,,PA,Pará,6854,27120,871,91.778,26,103,28.66,47,0,4923,1801
1502103,Cametá,0,,PA,Pará,33318,133949,3081,91.668,26,105.35,26.68,125,0,10124,1754
1504901,Muaná,0,,PA,Pará,10636,45181,3763,8.999,26,102.8,21.1,7,0,0,0
1507805,Senador José Porfírio,0,,PA,Pará,6498,22231,14420,84.771,26,117.47,14.86,845,471,0,0
1503002,Faro,0,,PA,Pará,2096,8693,11772,92.743,26,105.61,24.91,83,66,0,0
1502764,Cumaru do Norte,0,,PA,Pará,3626,12863,17085,83.501,26,121.74,13.9,2405,2381,0,0
2503555,Cacimbas,0,Região Metropolitana de Patos,PB,Paraíba,2291,7223,124,75.257,26,93.65,32.01,10,0,1698,0
2609154,Manari,0,,PE,Pernambuco,6694,23751,345,69.833,26,99.19,27.29,17,0,3,0
2607000,Inajá,0,,PE,Pernambuco,7310,25590,1231,75.866,26,96.75,22.76,3876,1407,1151,0
2201150,Baixa Grande do Ribeiro,0,,PI,Piauí,3883,13235,7809,85.093,26,105.07,20.9,291,0,0,0
1400308,Mucajaí,0,Região Metropolitana da Capital,RR,Roraima,5339,17937,12338,87.667,26,105.93,22.59,738,471,0,0
1400209,Caracaraí,0,Região Metropolitana de Central,RR,Roraima,6087,20882,47380,87.008,26,108.96,21.25,1273,766,0,0
1400233,Caroebe,0,Região Metropolitana do Sul do Estado,RR,Roraima,3130,10512,12066,91.693,26,114.36,18.3,809,601,0,0
1720150,São Félix do Tocantins,0,,TO,Tocantins,551,1771,1913,88.318,26,106.84,25.05,5,0,681,0
1709005,Goiatins,0,,TO,Tocantins,3696,12411,6415,82.264,26,107.77,30.17,2650,2540,0,0
1718303,Praia Norte,0,,TO,Tocantins,2454,9031,301,83.864,26,105.36,26.26,1,0,0,0
2708402,São José da Tapera,0,,AL,Alagoas,9534,30590,491,73.007,27,97.27,31.12,67,0,1540,0
2701803,Carneiros,0,,AL,Alagoas,2742,8916,112,77.729,27,95.84,29.68,20,0,974,0
2708956,Senador Rui Palmeira,0,,AL,Alagoas,3681,12281,339,74.423,27,97.83,32.65,11,0,246,0
1300706,Boca do Acre,0,,AM,Amazonas,10162,35357,21939,80.163,27,107.84,24.54,3135,781,0,0
1301100,Careiro,0,Região Metropolitana de Manaus,AM,Amazonas,9067,30740,6096,87.057,27,108.17,28.16,3346,302,0,0
1303536,Presidente Figueiredo,0,Região Metropolitana de Manaus,AM,Amazonas,9389,30635,25459,91.418,27,102.71,22.5,1286,553,0,0
1300904,Canutama,0,,AM,Amazonas,4552,16862,33643,81.116,27,115.33,22.01,2623,157,0,0
1302553,Manaquiri,0,Região Metropolitana de Manaus,AM,Amazonas,4956,17089,3973,88.584,27,108.11,25.31,2120,47,0,0
1304302,Urucará,0,,AM,Amazonas,4279,18563,27902,94.227,27,110.69,24.44,1129,0,0,0
1600600,Santana,0,Região Metropolitana de Macapá,AP,Amapá,28794,107334,1541,92.436,27,99.04,22.15,79,0,1176,764
2112274,Tufilândia,0,,MA,Maranhão,1567,5506,271,76.317,27,103.29,35.54,14,0,0,0
2104677,Governador Nunes Freire,0,,MA,Maranhão,6739,22917,1037,81.956,27,101.53,26.12,20,0,0,0
2107100,Morros,0,Região Metropolitana da Grande São Luís,MA,Maranhão,5181,18539,1712,81.228,27,105.11,27.86,26,0,37,0
2105153,Igarapé do Meio,0,,MA,Maranhão,4033,13961,369,78.742,27,98.92,26.61,25,0,519,0
2108306,Penalva,0,,MA,Maranhão,9678,32498,801,83.185,27,98.42,31.18,175,0,9268,0
2105963,Lagoa Grande do Maranhão,0,,MA,Maranhão,3366,11405,744,7.145,27,107.13,25.45,8,0,0,0
2102150,Brejo de Areia,0,,MA,Maranhão,2545,9200,986,7.458,27,107.33,27.18,1,0,0,0
2112001,Tasso Fragoso,0,,MA,Maranhão,2638,8832,4369,86.719,27,105.95,28.27,2,0,0,0
2105104,Icatu,0,Região Metropolitana da Grande São Luís,MA,Maranhão,6914,24785,1124,82.049,27,104.42,32.49,19,0,5893,350
2112506,Tutóia,0,,MA,Maranhão,14744,53157,1566,77.665,27,99.64,28.9,107,0,223,208
2101400,Balsas,0,,MA,Maranhão,30817,101337,13141,91.591,27,97.6,22.45,216,0,0,0
2102705,Cantanhede,0,,MA,Maranhão,6016,24280,773,82.948,27,100.06,29.76,26,0,1193,170
2106409,Mata Roma,0,,MA,Maranhão,4803,17069,549,79.035,27,101.46,31.3,23,0,3483,0
2110005,Santa Luzia,0,,MA,Maranhão,17039,57523,4837,7.692,27,100.99,31.99,211,166,0,0
2109270,Presidente Sarney,0,,MA,Maranhão,4934,17503,726,79.648,27,98.94,28.24,12,0,2987,281
2102002,Bom Jardim,0,,MA,Maranhão,9753,33053,6588,7.507,27,101.53,31.54,2109,2018,0,0
2100477,Alto Alegre do Pindaré,0,,MA,Maranhão,7425,25611,1876,77.842,27,101.84,31.49,65,0,0,0
2106672,Milagres do Maranhão,0,,MA,Maranhão,2369,8809,635,70.665,27,106.85,33.56,7,0,0,0
2103901,Duque Bacelar,0,,MA,Maranhão,2748,10218,317,73.313,27,101.52,32.28,4,0,0,0
5007950,Tacuru,0,,MS,Mato Grosso do Sul,3242,10786,1784,84.405,27,107.53,27.47,4252,4090,0,0
5001243,Aral Moreira,0,,MS,Mato Grosso do Sul,3370,10653,1654,8.888,27,100.41,26.14,1274,668,0,0
5103858,Gaúcha do Norte,0,,MT,Mato Grosso,2683,8636,16908,90.221,27,105.81,17.33,2488,2423,0,0
5100359,Alto Boa Vista,0,,MT,Mato Grosso,1787,5703,2248,9.159,27,104.62,25.75,1058,971,0,0
5107354,São José do Xingu,0,,MT,Mato Grosso,1935,5930,7466,92.582,27,112.7,16.78,540,461,0,0
5107578,Rondolândia,0,,MT,Mato Grosso,1074,3477,12658,89.808,27,107.52,24.03,1018,984,0,0
5107065,Querência,0,,MT,Mato Grosso,8459,26310,17800,95.102,27,110.05,14.99,2037,1946,0,0
5103700,Feliz Natal,0,,MT,Mato Grosso,3350,10455,11662,93.559,27,107.51,17.39,1352,1320,0,0
5107792,Santo Antônio do Leste,0,,MT,Mato Grosso,1292,4093,3404,93.529,27,109.99,14.9,647,600,0,0
1502756,Concórdia do Pará,0,,PA,Pará,7968,26852,701,86.392,27,101.64,24.41,33,0,4012,928
1507755,Sapucaia,0,,PA,Pará,1776,5812,1298,86.607,27,103.09,21.64,5,0,0,0
1506195,Rurópolis,0,,PA,Pará,9079,35625,7021,87.928,27,105.59,24.99,298,0,0,0
1505106,Óbidos,0,,PA,Pará,14537,51953,28011,90.735,27,104.94,28.24,872,804,6788,3696
1501907,Bujaru,0,,PA,Pará,7099,24324,995,88.521,27,102.68,27.06,26,0,2443,450
1505486,Pacajá,0,,PA,Pará,12474,41045,11832,86.611,27,111.13,20.88,33,0,0,0
1505064,Novo Repartimento,0,,PA,Pará,18530,60607,15399,85.227,27,106.41,22.21,1119,1016,0,0
1502954,Eldorado do Carajás,0,,PA,Pará,8905,28117,2957,85.915,27,105.05,25.95,37,0,0,0
1502939,Dom Eliseu,0,,PA,Pará,15347,58380,5269,88.966,27,97.73,20.72,41,0,0,0
1500958,Aurora do Pará,0,,PA,Pará,6652,23672,1812,81.752,27,103.28,24.83,59,46,1318,0
1501782,Breu Branco,0,,PA,Pará,13532,45630,3942,84.897,27,102.16,25.95,107,0,722,0
1508050,Trairão,0,,PA,Pará,4688,15210,11991,88.181,27,111.05,22.78,471,0,0,0
1508357,Vitória do Xingu,0,,PA,Pará,4906,15562,3090,85.806,27,106.01,23.18,569,283,172,0
1502152,Canaã dos Carajás,0,,PA,Pará,24376,76838,3147,94.854,27,104.5,11.6,118,0,0,0
1506401,Santa Cruz do Arari,0,,PA,Pará,1771,7427,1077,92.374,27,109.31,27.97,4,0,0,0
1500206,Acará,0,,PA,Pará,17057,58883,4344,84.099,27,107.3,25.99,23,0,4489,1381
2603926,Carnaubeira da Penha,0,,PE,Pernambuco,3410,12239,1005,81.441,27,103.88,34.05,10506,3032,267,119
2208502,Porto,0,,PI,Piauí,3373,12034,253,74.652,27,101.91,29.3,0,0,16,0
1400100,Boa Vista,1,Região Metropolitana da Capital,RR,Roraima,119011,403025,5687,96.428,27,97.44,18.63,18620,4145,0,0
1400472,Rorainópolis,0,Região Metropolitana do Sul do Estado,RR,Roraima,10064,32559,33580,90.498,27,106.63,20.21,833,525,0,0
1400506,São João da Baliza,0,Região Metropolitana do Sul do Estado,RR,Roraima,2603,8691,4285,90.375,27,114.95,20.11,539,481,0,0
4315404,Redentora,0,,RS,Rio Grande do Sul,3101,9722,304,90.719,27,102.83,35.81,4180,4058,0,0
2800704,Brejo Grande,0,,SE,Sergipe,2471,7824,141,75.753,27,102.77,27.14,7,0,2007,599
2801207,Canindé de São Francisco,0,,SE,Sergipe,8712,26770,934,77.626,27,94.82,24.11,55,0,1001,0
1718808,Sampaio,0,,TO,Tocantins,1254,4205,222,83.074,27,103.03,29.33,8,0,0,0
1702901,Axixá do Tocantins,0,,TO,Tocantins,2915,10259,154,84.687,27,95.99,31.75,4,0,0,0
1711951,Lagoa do Tocantins,0,,TO,Tocantins,1068,3516,918,85.737,27,103.59,29.83,4,0,320,26
1711902,Lagoa da Confusão,0,Região Metropolitana de Gurupi,TO,Tocantins,4800,15244,10563,92.818,27,108.97,19.56,2340,2077,0,0
1712702,Mateiros,0,,TO,Tocantins,811,2718,9589,83.185,27,111.22,21.39,0,0,1177,0
1200138,Bujari,0,,AC,Acre,4193,12917,3035,81.259,28,108.27,26.12,30,0,0,0
1200179,Capixaba,0,,AC,Acre,3468,10370,1706,84.268,28,109.77,26.94,7,0,0,0
1200708,Xapuri,0,,AC,Acre,6090,18230,5351,85.388,28,106.53,26.66,43,0,0,0
1200013,Acrelândia,0,,AC,Acre,4461,13978,1812,8.835,28,104.18,25.85,30,0,0,0
1200104,Brasiléia,0,,AC,Acre,8665,25931,3928,89.014,28,101.74,25.34,269,0,0,0
1200807,Porto Acre,0,,AC,Acre,5448,16676,2604,83.983,28,108.14,30.7,82,0,0,0
1200252,Epitaciolândia,0,,AC,Acre,6477,18739,1653,8.878,28,101.04,24.87,26,0,0,0
2703601,Japaratinga,0,,AL,Alagoas,2873,9183,85,80.062,28,97.66,26.16,2,0,104,0
2703809,Joaquim Gomes,0,,AL,Alagoas,5335,17120,298,69.385,28,99.42,30.69,2189,1444,0,0
2707107,Piranhas,0,,AL,Alagoas,7024,22594,404,7.924,28,93.42,29.57,331,0,464,0
2708501,São Luís do Quitunde,0,,AL,Alagoas,9300,30863,397,75.279,28,95.97,26.06,27,0,0,0
2703304,Inhapi,0,,AL,Alagoas,4793,15166,372,71.311,28,90.76,35.51,724,0,183,0
2705507,Murici,0,Região Metropolitana de Maceió,AL,Alagoas,7707,25083,418,76.342,28,93.34,29.05,44,0,0,0
1301852,Iranduba,0,Região Metropolitana de Manaus,AM,Amazonas,17757,60904,2217,91.136,28,105.25,23.9,2441,0,0,0
1303569,Rio Preto da Eva,0,Região Metropolitana de Manaus,AM,Amazonas,7806,24880,5816,91.269,28,106.46,25.4,1448,0,0,0
1301159,Careiro da Várzea,0,Região Metropolitana de Manaus,AM,Amazonas,5780,19602,2627,87.093,28,110.16,28.67,2450,521,0,0
1600303,Macapá,1,Região Metropolitana de Macapá,AP,Amapá,123482,439881,6564,95.101,28,95.66,21.92,1229,0,9106,3420
2927101,Rodelas,0,,BA,Bahia,3199,10295,2207,87.437,28,97.17,27.34,0,0,275,0
2919553,Luís Eduardo Magalhães,0,,BA,Bahia,36342,107688,4036,95.318,28,100.6,11.85,985,0,579,0
5200258,Águas Lindas de Goiás,0,Região Integrada de Desenvolvimento do Distrito Federal e Entorno,GO,Goiás,74467,225263,192,94.759,28,97.85,15.67,928,0,34,0
2102507,Cajari,0,,MA,Maranhão,4907,16394,662,85.347,28,103.17,31.39,42,0,6373,0
2109809,Santa Helena,0,,MA,Maranhão,11022,41541,2191,82.171,28,95.66,33.17,7,0,6201,230
2102606,Cândido Mendes,0,,MA,Maranhão,5682,19921,1635,82.872,28,105.87,28.22,16,0,1879,0
2105906,Lago Verde,0,,MA,Maranhão,4306,14765,631,73.335,28,98.32,32.41,6,0,0,0
2112100,Timbiras,0,,MA,Maranhão,7575,26480,1487,712,28,98.65,32.31,7,0,55,0
2111078,São João do Soter,0,Região Metropolitana da Zona Leste do Estado do Maranhão,MA,Maranhão,5135,16883,1438,72.846,28,98.81,36.46,8,0,1010,399
2103208,Chapadinha,0,,MA,Maranhão,23972,81248,3247,80.877,28,96.49,32.68,35,0,204,0
2104099,Formosa da Serra Negra,0,,MA,Maranhão,5128,17675,3691,85.923,28,110.14,32.35,26,0,0,0
2104305,Godofredo Viana,0,,MA,Maranhão,3140,10147,720,86.548,28,107.16,23.72,28,0,0,0
2100832,Apicum-Açu,0,,MA,Maranhão,5044,17487,341,84.448,28,107.23,28.3,23,0,2098,0
2108108,Paulo Ramos,0,,MA,Maranhão,5957,20338,1169,73.206,28,100.13,34.13,13,0,0,0
2108454,Peritoró,0,,MA,Maranhão,6198,20472,825,74.945,28,99.48,34.45,8,0,927,643
2110658,São Domingos do Azeitão,0,,MA,Maranhão,2249,7990,961,79.364,28,102.07,30.98,16,0,180,0
2101772,Bela Vista do Maranhão,0,,MA,Maranhão,3492,11736,148,79.494,28,99.25,33.01,8,0,1,0
2110104,Santa Quitéria do Maranhão,0,,MA,Maranhão,6491,23949,1430,75.908,28,98.95,35.19,6,0,764,0
2100436,Alto Alegre do Maranhão,0,,MA,Maranhão,7540,24019,393,76.251,28,97.15,31.06,53,0,121,0
2111748,Senador Alexandre Costa,0,,MA,Maranhão,3027,10206,426,7.507,28,100.93,35.53,20,0,42,0
2105658,Junco do Maranhão,0,,MA,Maranhão,1499,5138,568,8.039,28,100,31.17,2,0,0,0
2100873,Araguanã,0,,MA,Maranhão,3210,11176,805,79.845,28,101.31,35.2,241,221,16,0
2100808,Anapurus,0,,MA,Maranhão,3996,13759,609,78.285,28,99.67,31.57,2,0,2,0
2112852,Vila Nova dos Martírios,0,Região Metropolitana do Sudoeste Maranhense,MA,Maranhão,3312,10350,1190,79.292,28,103.34,31.07,14,0,0,0
2106607,Matões,0,Região Metropolitana da Zona Leste do Estado do Maranhão,MA,Maranhão,9369,32167,2109,75.392,28,101.11,35.29,20,0,0,0
2102903,Carutapera,0,,MA,Maranhão,7065,24229,1261,85.696,28,103.99,26.38,56,0,0,0
2111722,Satubinha,0,,MA,Maranhão,2450,8755,442,74.431,28,106.39,31.23,9,0,178,0
2100501,Alto Parnaíba,0,,MA,Maranhão,3405,11045,11127,87.059,28,107.3,34.49,5,0,200,0
2110203,Santa Rita,0,Região Metropolitana da Grande São Luís,MA,Maranhão,11311,36976,757,84.415,28,99.69,28.82,27,0,10222,2138
3165552,Setubinha,0,,MG,Minas Gerais,2971,9915,535,77.131,28,98.38,42.07,2,0,650,0
3116159,Chapada Gaúcha,0,,MG,Minas Gerais,3882,12313,3255,87.824,28,105.92,33.99,6,0,828,0
5101407,Aripuanã,0,,MT,Mato Grosso,7781,24340,24678,9.466,28,110.6,18.01,765,483,0,0
5102686,Campos de Júlio,0,,MT,Mato Grosso,2882,8595,6793,94.154,28,105.83,13.25,49,42,0,0
5106224,Nova Mutum,0,,MT,Mato Grosso,18174,55556,9537,9.612,28,103.42,15.52,95,0,0,0
5107875,Sapezal,0,,MT,Mato Grosso,9291,27747,13615,95.596,28,111.67,10.31,433,376,0,0
5102637,Campo Novo do Parecis,0,,MT,Mato Grosso,15294,45382,9429,95.702,28,107.55,12.94,643,597,0,0
5106240,Nova Ubiratã,0,,MT,Mato Grosso,3745,11440,12461,9.327,28,110.59,16.99,121,104,0,0
1502772,Curionópolis,0,,PA,Pará,6416,19942,2369,8.715,28,104.53,29.99,31,0,0,0
1500347,Água Azul do Norte,0,,PA,Pará,5618,17961,7114,88.314,28,115.65,21.52,176,170,0,0
1503606,Itaituba,0,,PA,Pará,36386,122162,62042,91.806,28,102.07,22.74,2709,965,0,0
1508159,Uruará,0,,PA,Pará,14245,43410,10791,87.814,28,109.96,23.59,118,39,0,0
1507979,Terra Santa,0,,PA,Pará,4998,18747,1896,94.939,28,102.76,25.34,26,0,0,0
1501204,Baião,0,,PA,Pará,12116,51107,3760,91.962,28,100.75,27.34,0,0,12838,2835
1505502,Paragominas,0,,PA,Pará,33006,105048,19343,91.508,28,98.82,20.64,1422,1138,0,0
1507607,São Miguel do Guamá,0,,PA,Pará,16392,52853,1095,88.354,28,98.01,28.86,33,0,2503,565
1502004,Cachoeira do Arari,0,,PA,Pará,6550,23944,3100,91.631,28,102.29,26.05,17,0,877,739
1505437,Ourilândia do Norte,0,,PA,Pará,10381,32431,14411,88.428,28,103.87,19.6,1468,1424,0,0
1501451,Belterra,0,Região Metropolitana de Santarém,PA,Pará,5350,18042,4398,91.142,28,102.56,33.53,1788,413,0,0
1504208,Marabá,0,,PA,Pará,86027,265617,15128,92.201,28,99.26,22.53,527,0,0,0
1505700,Ponta de Pedras,0,,PA,Pará,7084,24945,3364,87.944,28,105.77,26.29,131,0,1702,0
1506807,Santarém,0,Região Metropolitana de Santarém,PA,Pará,95606,330460,17898,95.388,28,96.58,28.61,16733,0,4357,2127
1503077,Garrafão do Norte,0,,PA,Pará,7710,24692,1608,78.132,28,105.7,26.92,9,0,623,399
1503705,Itupiranga,0,,PA,Pará,13778,49637,7880,84.775,28,109.88,25.56,449,306,0,0
1501303,Barcarena,0,,PA,Pará,37980,126452,1310,93.847,28,100.22,22.27,291,0,5425,0
1505031,Novo Progresso,0,,PA,Pará,10452,33474,38162,93.592,28,108.27,17.71,69,0,0,0
1505650,Placas,0,,PA,Pará,5877,18637,7173,87.934,28,111.82,23.89,22,1,0,0
1503309,Igarapé-Miri,0,,PA,Pará,16925,64706,1997,84.587,28,105.44,25.04,23,0,559,0
1505536,Parauapebas,0,,PA,Pará,87667,267248,6886,94.555,28,100.01,12.89,1974,1557,0,0
1506708,Santana do Araguaia,0,,PA,Pará,10540,32281,11591,89.516,28,105.93,24.62,145,0,0,0
2509057,Marcação,0,Região Metropolitana do Vale do Mamanguape,PB,Paraíba,2762,8999,123,76.662,28,101.55,28.13,7926,7926,0,0
2615607,Trindade,0,,PE,Pernambuco,9899,30288,296,81.764,28,95.85,31.29,38,0,0,0
2607307,Ipubi,0,,PE,Pernambuco,9330,28996,694,78.762,28,98.18,32.22,36,0,33,0
2209203,Santa Filomena,0,,PI,Piauí,1831,6063,5294,82.184,28,105.92,32.21,45,0,0,0
2202174,Campo Largo do Piauí,0,,PI,Piauí,2193,7419,478,71.802,28,105.29,30.66,2,0,945,97
4207684,Ipuaçu,0,Região Metropolitana do Extremo Oeste,SC,Santa Catarina,2528,7728,261,92.175,28,104.17,35.98,4263,4195,0,0
2805406,Poço Redondo,0,,SE,Sergipe,10755,33383,1220,73.394,28,102.32,28.92,12,0,707,610
1703891,Carrasco Bonito,0,,TO,Tocantins,1012,3318,190,79.246,28,106.73,32.08,4,0,0,0
1718659,Rio da Conceição,0,,TO,Tocantins,568,1751,846,89.466,28,101.14,30.19,0,0,0,0
1703073,Barra do Ouro,0,,TO,Tocantins,1363,4475,1106,84.018,28,110.34,36.45,18,0,0,0
1703305,Bom Jesus do Tocantins,0,,TO,Tocantins,1337,4037,1327,87.855,28,108.25,29.3,17,0,0,0
1707405,Esperantina,0,,TO,Tocantins,2317,7525,506,78.214,28,104.68,36.64,32,0,127,0
1200385,Plácido de Castro,0,,AC,Acre,5552,16540,1953,84.375,29,105.69,31.14,51,0,0,0
2707404,Porto de Pedras,0,,AL,Alagoas,2820,9227,257,77.924,29,100.8,26.28,8,0,0,0
2705101,Matriz de Camaragibe,0,,AL,Alagoas,7342,23771,238,7.666,29,94.4,30.97,418,393,136,0
2701605,Canapi,0,,AL,Alagoas,5047,15545,603,70.097,29,98.13,37.81,12,0,759,0
2700508,Barra de Santo Antônio,0,Região Metropolitana de Maceió,AL,Alagoas,5229,16307,131,78.705,29,97.41,28.52,8,0,0,0
2702108,Colônia Leopoldina,0,,AL,Alagoas,5176,15802,208,74.116,29,94.18,34.27,28,0,0,0
2705804,Olho d'Água do Casado,0,,AL,Alagoas,2600,8342,328,75.243,29,97.52,32.2,34,0,442,0
2706505,Passo de Camaragibe,0,,AL,Alagoas,4229,13791,251,76.249,29,100.41,30.48,39,0,1290,0
2704500,Maragogi,0,,AL,Alagoas,10035,31977,334,81.124,29,96.69,24.33,39,0,0,0
1300144,Apuí,0,,AM,Amazonas,5789,20528,54241,91.808,29,111.66,22.35,578,0,0,0
2902708,Barra,0,,BA,Bahia,15476,50967,11428,79.875,29,103.55,33.29,379,0,3156,322
2908606,Conde,0,,BA,Bahia,7680,23571,931,83.984,29,98.11,37.58,392,0,2417,0
2928901,São Desidério,0,,BA,Bahia,10440,32675,15157,82.124,29,105.78,28.81,176,0,0,0
2904050,Bonito,0,,BA,Bahia,5413,15800,791,86.019,29,99.97,29.65,281,0,7960,0
2912202,Ibicoara,0,,BA,Bahia,6808,20759,817,87.226,29,100.49,26.39,173,0,164,0
2911105,Formosa do Rio Preto,0,,BA,Bahia,8150,25805,15634,81.637,29,102.26,35.05,283,0,281,0
2922250,Muquém de São Francisco,0,,BA,Bahia,3368,10440,3852,81.007,29,111.4,35.56,298,153,2454,857
2930758,Sítio do Mato,0,,BA,Bahia,4006,13393,1628,83.869,29,105.68,31.67,4,0,1059,579
2307254,Jijoca de Jericoacoara,0,,CE,Ceará,8795,25472,209,85.743,29,99.09,27.28,21,0,0,0
2306108,Irauçuba,0,,CE,Ceará,7330,23909,1466,79.907,29,102.31,36.5,6,0,0,0
2311959,Salitre,0,,CE,Ceará,5367,16609,806,71.853,29,101.34,37.73,15,0,1802,230
2308906,Morrinhos,0,,CE,Ceará,7285,22732,412,78.092,29,101.89,38.31,78,0,676,0
2306553,Itarema,0,,CE,Ceará,12954,42901,715,81.738,29,103.87,32.71,5111,509,0,0
2300754,Amontada,0,,CE,Ceará,13230,42147,1175,80.229,29,106.09,36.87,57,0,0,0
5205471,Chapadão do Céu,0,,GO,Goiás,4286,12840,2184,96.217,29,104.94,14.05,34,0,0,0
5215231,Novo Gama,0,Região Integrada de Desenvolvimento do Distrito Federal e Entorno,GO,Goiás,34251,103562,192,93.947,29,96.83,24.57,259,0,0,0
5220009,São João d'Aliança,0,Região Integrada de Desenvolvimento do Distrito Federal e Entorno,GO,Goiás,4260,13526,3334,92.877,29,113.36,29.18,44,0,133,0
5219753,Santo Antônio do Descoberto,0,Região Integrada de Desenvolvimento do Distrito Federal e Entorno,GO,Goiás,24177,71867,944,93.092,29,97.64,25.69,264,0,0,0
2111532,São Pedro da Água Branca,0,Região Metropolitana do Sudoeste Maranhense,MA,Maranhão,3671,13404,720,80.543,29,103.79,31.41,10,0,0,0
2103505,Colinas,0,,MA,Maranhão,12482,40201,1979,78.288,29,95.31,33.78,121,0,1099,173
2103125,Central do Maranhão,0,,MA,Maranhão,2210,7082,320,79.255,29,107.43,37.12,21,0,3428,0
2107456,Olinda Nova do Maranhão,0,,MA,Maranhão,4161,13576,200,81.454,29,102.88,35.03,10,0,3528,21
2105450,Jatobá,0,,MA,Maranhão,2280,7458,592,77.637,29,102.25,33.74,1,0,0,0
2105708,Lago da Pedra,0,,MA,Maranhão,13477,44375,1240,76.211,29,97.88,36.52,27,0,0,0
2101608,Barra do Corda,0,,MA,Maranhão,27087,84418,5188,7.976,29,97.92,36.3,5530,4488,0,0
2101103,Axixá,0,Região Metropolitana da Grande São Luís,MA,Maranhão,3344,11779,160,87.499,29,99.12,40.15,16,0,3587,0
2111631,São Raimundo do Doca Bezerra,0,,MA,Maranhão,1685,5650,420,77.629,29,108.87,34.1,3,0,0,0
2111672,São Roberto,0,,MA,Maranhão,1365,4531,227,74.692,29,104.78,32.25,2,0,0,0
2104206,Fortuna,0,,MA,Maranhão,5136,16971,835,79.523,29,103.11,39.46,7,0,14,0
2110039,Santa Luzia do Paruá,0,,MA,Maranhão,7134,24286,1010,83.932,29,99.65,35.36,17,0,0,0
2106706,Mirador,0,,MA,Maranhão,6233,21011,8522,76.047,29,104.63,37.32,7,0,0,0
2109452,Raposa,0,Região Metropolitana da Grande São Luís,MA,Maranhão,9508,30803,79,89.716,29,95.33,22.32,566,0,0,0
2111789,Serrano do Maranhão,0,,MA,Maranhão,3148,10201,1165,79.302,29,109.53,34.71,17,0,5686,611
2108504,Pindaré-Mirim,0,,MA,Maranhão,9431,31403,268,84.272,29,93.97,34.25,72,0,702,0
2101251,Bacabeira,0,Região Metropolitana da Grande São Luís,MA,Maranhão,5290,16956,543,8.598,29,98.48,26.98,7,0,390,40
2110237,Santana do Maranhão,0,,MA,Maranhão,2952,10547,932,71.803,29,100.93,36.3,11,0,0,0
2105401,Itapecuru Mirim,0,,MA,Maranhão,18878,60290,1481,81.986,29,95.73,30.41,49,0,14490,3746
2104552,Governador Edison Lobão,0,Região Metropolitana do Sudoeste Maranhense,MA,Maranhão,5953,18279,616,84.587,29,102.61,32.57,24,0,0,0
2107357,Nova Olinda do Maranhão,0,,MA,Maranhão,4297,14307,2453,78.666,29,98.15,36.03,364,336,167,0
2107258,Nova Colinas,0,,MA,Maranhão,1473,5015,743,82.326,29,110.26,36.23,8,0,0,0
2102101,Brejo,0,,MA,Maranhão,9644,34096,1073,76.817,29,100.91,37.5,67,0,6045,535
2108801,Pirapemas,0,,MA,Maranhão,5240,17711,689,7.646,29,99.41,32.72,5,0,1419,0
2112803,Viana,0,,MA,Maranhão,15784,51314,1167,86.214,29,97.8,33.44,1819,0,9926,2265
2103752,Davinópolis,0,Região Metropolitana do Sudoeste Maranhense,MA,Maranhão,4568,14274,332,85.737,29,101.79,34.33,19,0,0,0
2104073,Feira Nova do Maranhão,0,,MA,Maranhão,2484,8048,1626,83.939,29,109.15,40.05,1,0,0,0
2109239,Presidente Médici,0,,MA,Maranhão,1386,4687,438,81.202,29,100.17,39.2,21,0,1,0
2104107,Fortaleza dos Nogueiras,0,,MA,Maranhão,3902,12618,1853,89.057,29,102.53,34.01,7,0,0,0
2111573,São Pedro dos Crentes,0,,MA,Maranhão,1709,5777,980,91.067,29,111.44,31.01,0,0,0,0
2109759,Santa Filomena do Maranhão,0,,MA,Maranhão,2001,6695,623,76.394,29,109.09,33.63,0,0,0,0
3145208,Nova Serrana,0,,MG,Minas Gerais,36992,105286,282,96.254,29,99.58,21.15,87,0,35,0
3171030,Verdelândia,0,,MG,Minas Gerais,2516,7646,1571,83.101,29,103.93,32.14,18,0,623,61
3170529,Urucuia,0,,MG,Minas Gerais,4173,17464,2077,91.443,29,104.98,35.59,2,0,59,0
5006903,Porto Murtinho,0,,MS,Mato Grosso do Sul,4043,12780,17505,90.987,29,105.15,29.43,1192,1129,0,0
5000203,Água Clara,0,,MS,Mato Grosso do Sul,5613,16673,7782,93.945,29,102.5,20.73,48,0,0,0
5000609,Amambai,0,,MS,Mato Grosso do Sul,13629,39042,4194,91.533,29,96.36,35.39,9932,9285,0,0
5000906,Antônio João,0,,MS,Mato Grosso do Sul,3176,9293,1143,89.196,29,99.21,36.67,1513,1343,0,0
5005202,Ladário,0,,MS,Mato Grosso do Sul,6386,21485,354,95.858,29,97.96,27.73,54,0,50,0
5103908,General Carneiro,0,,MT,Mato Grosso,1895,6004,4515,90.064,29,109.76,32.98,2267,1485,0,0
5108006,Tapurah,0,,MT,Mato Grosso,4598,14048,4493,94.791,29,108.56,21.22,5,0,0,0
5103353,Confresa,0,,MT,Mato Grosso,11908,34994,5802,9.334,29,105.95,22.82,184,0,0,0
5105259,Lucas do Rio Verde,0,,MT,Mato Grosso,27725,83576,3675,97.161,29,101.16,15.03,57,0,0,0
5101902,Brasnorte,0,,MT,Mato Grosso,5771,16949,15968,92.964,29,105.61,25.6,1637,1595,0,0
5107776,Santa Terezinha,0,,MT,Mato Grosso,2338,7568,6466,88.873,29,111.88,28.86,1613,1283,0,0
5107925,Sorriso,0,,MT,Mato Grosso,37031,110143,9294,95.997,29,103,18.95,60,0,0,0
5108907,Nova Maringá,0,,MT,Mato Grosso,1925,5704,11553,91.976,29,112.12,21.16,5,0,0,0
5107040,Primavera do Leste,0,,MT,Mato Grosso,28967,84690,5470,96.809,29,101.33,20.62,175,0,0,0
5104526,Ipiranga do Norte,0,,MT,Mato Grosso,2546,7638,3422,95.828,29,110.99,18.97,5,0,0,0
1506302,Salvaterra,0,,PA,Pará,7391,24043,919,93.017,29,99.78,31.34,21,0,7432,553
1504455,Medicilândia,0,,PA,Pará,8955,27027,8273,87.126,29,112.19,25.19,18,0,0,0
1501709,Bragança,0,,PA,Pará,37060,122802,2125,88.144,29,100.13,30.55,95,0,708,0
1507151,São Domingos do Araguaia,0,,PA,Pará,6800,21053,1392,84.769,29,103.28,33.92,61,27,0,0
1507458,São Geraldo do Araguaia,0,,PA,Pará,7711,24153,3168,87.724,29,101.91,29.25,483,469,0,0
1508126,Ulianópolis,0,,PA,Pará,9700,37862,5088,89.197,29,100.15,17.67,35,0,0,0
1502301,Capitão Poço,0,,PA,Pará,18213,56462,2901,81.774,29,103,29.8,71,0,125,36
1500107,Abaetetuba,0,,PA,Pará,43033,157761,1611,89.908,29,100.51,28.99,93,0,14504,7528
1503408,Inhangapi,0,,PA,Pará,3213,10313,473,8.791,29,102.61,32.63,7,0,1242,321
1508084,Tucumã,0,,PA,Pará,12825,39484,2513,90.437,29,99.82,24.33,39,0,0,0
1508407,Xinguara,0,,PA,Pará,17900,52546,3779,90.676,29,101.09,26.06,55,0,0,0
1508100,Tucuruí,0,,PA,Pará,27400,90701,2084,91.828,29,97.91,28.08,813,658,0,0
1504802,Monte Alegre,0,,PA,Pará,18315,59946,18153,88.844,29,102.33,33.33,64,0,571,0
1503093,Goianésia do Pará,0,,PA,Pará,8289,26317,7024,84.442,29,105.36,25.84,116,69,0,0
1507508,São João do Araguaia,0,,PA,Pará,4390,13612,1280,80.618,29,114.37,31.9,25,0,0,0
1505635,Piçarra,0,,PA,Pará,4072,12822,3313,87.896,29,110.43,26.73,5,0,0,0
1506138,Redenção,0,,PA,Pará,28022,85146,3824,91.957,29,97.36,26.87,304,0,0,0
1500602,Altamira,0,,PA,Pará,41217,125916,159533,90.343,29,99.38,23.59,6157,4054,0,0
1507300,São Félix do Xingu,0,,PA,Pará,20836,65124,84213,89.009,29,113.87,20.15,2451,2173,0,0
1504059,Mãe do Rio,0,,PA,Pará,9890,34288,469,87.475,29,96.68,30.8,13,0,0,0
1506559,Santa Luzia do Pará,0,,PA,Pará,6312,20329,1347,82.402,29,101.09,33.78,896,836,1235,511
1501253,Bannach,0,,PA,Pará,1323,3990,2957,87.217,29,115.91,26.39,216,211,0,0
1503044,Floresta do Araguaia,0,,PA,Pará,5986,17887,3444,87.036,29,113.07,28.78,30,0,0,0
2501401,Baía da Traição,0,Região Metropolitana do Vale do Mamanguape,PB,Paraíba,2794,9203,103,82.284,29,98.79,28.42,7985,6207,0,0
2504033,Capim,0,,PB,Paraíba,2194,6964,80,71.533,29,97.39,32.2,25,0,0,0
2509305,Mataraca,0,Região Metropolitana do Vale do Mamanguape,PB,Paraíba,2680,8223,182,79.816,29,98.6,31.27,997,0,0,0
2608750,Lagoa Grande,0,Região Administrativa Integrada de Desenvolvimento do Polo Petrolina/PE e Juazeiro/BA,PE,Pernambuco,8055,24040,1850,8.174,29,97.65,29.94,267,0,168,0
2615409,Toritama,0,,PE,Pernambuco,14213,41124,26,84.862,29,93.19,21.66,83,0,0,0
2609303,Mirandiba,0,,PE,Pernambuco,4467,14148,822,82.927,29,98.63,38.84,4532,176,3355,188
2615805,Tupanatinga,0,,PE,Pernambuco,7917,26915,935,74.069,29,96.97,36.82,1920,986,2365,0
2614857,Tamandaré,0,,PE,Pernambuco,7632,23552,214,85.607,29,94.99,29.78,8,0,124,0
2600500,Águas Belas,0,,PE,Pernambuco,13433,41513,886,70.217,29,94.72,39.51,5709,5624,2304,0
2605707,Floresta,0,,PE,Pernambuco,9418,30101,3605,86.697,29,95.75,36.3,5446,891,854,0
2602803,Buíque,0,,PE,Pernambuco,17119,51902,1337,71.217,29,98.7,39.8,1111,319,1637,0
2609808,Orocó,0,Região Administrativa Integrada de Desenvolvimento do Polo Petrolina/PE e Juazeiro/BA,PE,Pernambuco,4286,13601,555,8.318,29,100.31,30.47,1817,136,1764,1465
2612604,Santa Maria da Boa Vista,0,Região Administrativa Integrada de Desenvolvimento do Polo Petrolina/PE e Juazeiro/BA,PE,Pernambuco,12529,40513,3001,83.185,29,101.64,30.56,341,0,3617,1736
2206209,Miguel Alves,0,,PI,Piauí,9272,32136,1392,70.569,29,101.97,39.65,8,0,0,0
2206803,Nossa Senhora dos Remédios,0,,PI,Piauí,2549,8520,358,73.185,29,100.49,39.48,0,0,0,0
2203271,Curral Novo do Piauí,0,,PI,Piauí,1575,5060,755,7.377,29,102.51,35.1,2,0,295,0
2205953,Marcolândia,0,,PI,Piauí,2822,8526,137,7.705,29,99.37,31.91,0,0,0,0
2211209,Uruçuí,0,,PI,Piauí,7639,25182,8413,86.695,29,98.4,34.38,262,0,0,0
2201903,Bom Jesus,0,,PI,Piauí,8991,28734,5471,88.098,29,99.05,29.54,320,0,4,0
2206605,Monte Alegre do Piauí,0,,PI,Piauí,3273,10653,2417,80.934,29,102.51,36.24,1,0,0,0
4127882,Tunas do Paraná,0,Região Metropolitana de Curitiba,PR,Paraná,2104,6215,668,87.495,29,103.63,28.38,20,0,6,0
1100106,Guajará-Mirim,0,,RO,Rondônia,11803,38963,24857,94.162,29,100.36,26.54,5469,4786,493,0
1100338,Nova Mamoré,0,,RO,Rondônia,8447,25363,10070,90.688,29,105.09,25.34,1067,978,16,0
1400605,São Luiz,0,Região Metropolitana do Sul do Estado,RR,Roraima,2260,7127,1527,0.9,29,113.7,26.09,31,0,0,0
4203154,Calmon,0,Região Metropolitana do Contestado,SC,Santa Catarina,1127,3439,636,90.902,29,110.32,29.29,19,0,0,0
2806305,Santa Luzia do Itanhy,0,,SE,Sergipe,4513,13602,325,75.594,29,98.4,32.29,14,0,4645,3986
2804201,Monte Alegre de Sergipe,0,,SE,Sergipe,4814,14304,387,74.544,29,101.29,31.47,2,0,0,0
2801702,Cristinápolis,0,,SE,Sergipe,5757,17032,229,77.532,29,97.48,30.58,4,0,48,0
2802700,Ilha das Flores,0,,SE,Sergipe,2767,8314,53,80.632,29,96.34,34.91,8,0,0,0
2802809,Indiaroba,0,,SE,Sergipe,5261,16527,316,79.558,29,98.69,30.89,52,0,0,0
1703800,Buriti do Tocantins,0,,TO,Tocantins,2851,10303,253,80.678,29,98.56,37.74,21,0,0,0
1720200,São Miguel do Tocantins,0,,TO,Tocantins,4058,13233,407,84.368,29,100.5,33.24,41,0,0,0
1719004,Santa Tereza do Tocantins,0,,TO,Tocantins,853,2781,540,86.834,29,106.15,34.51,2,0,569,381
1702554,Augustinópolis,0,,TO,Tocantins,5667,17405,389,8.665,29,95.42,34.55,21,0,0,0
1200450,Senador Guiomard,0,,AC,Acre,6961,20993,2320,87.043,30,106.01,31.36,31,0,0,0
1200401,Rio Branco,1,,AC,Acre,123861,361869,8835,93.041,30,93.91,29.35,1799,0,0,0
2705705,Olho d'Água das Flores,0,,AL,Alagoas,6787,20640,188,79.949,30,91.71,38.37,30,0,794,0
2701100,Branquinha,0,,AL,Alagoas,3064,9376,168,67.097,30,96.34,35.01,4,0,0,0
2708303,São José da Laje,0,,AL,Alagoas,6822,20805,257,74.581,30,94.5,36.03,43,0,0,0
2708709,São Miguel dos Milagres,0,,AL,Alagoas,2685,8473,77,81.993,30,94.99,31.47,25,0,0,0
2702900,Girau do Ponciano,0,Região Metropolitana do Agreste,AL,Alagoas,11035,35310,513,69.766,30,101.45,37.67,17,0,65,0
2705408,Monteirópolis,0,,AL,Alagoas,2211,7184,87,73.536,30,95.27,38.93,0,0,793,0
2703700,Jaramataia,0,Região Metropolitana do Agreste,AL,Alagoas,1595,4983,105,68.758,30,94.35,36.16,2,0,0,0
2708105,Santana do Mundaú,0,,AL,Alagoas,3815,11320,232,72.168,30,98.75,35.25,11,0,529,0
2705002,Mata Grande,0,,AL,Alagoas,7057,21840,915,68.919,30,98.22,42.31,456,0,627,0
2707206,Poço das Trincheiras,0,,AL,Alagoas,4049,12480,284,73.265,30,101.03,36.71,19,0,1944,0
2706406,Pão de Açúcar,0,,AL,Alagoas,7567,23806,689,75.877,30,97.14,40.26,110,0,761,0
2700904,Belo Monte,0,,AL,Alagoas,1844,5935,334,72.951,30,100.47,38.52,2,0,38,0
2704203,Limoeiro de Anadia,0,Região Metropolitana do Agreste,AL,Alagoas,8055,24717,309,73.785,30,97.15,39.83,11,0,0,0
2705903,Olho d'Água Grande,0,Região Metropolitana do Agreste,AL,Alagoas,1377,4329,117,67.876,30,100.74,39.37,3,0,0,0
2700409,Atalaia,0,Região Metropolitana de Maceió,AL,Alagoas,11955,37455,533,75.519,30,94.91,35.2,16,0,0,0
2709152,Teotônio Vilela,0,,AL,Alagoas,12346,37986,299,78.409,30,90.46,34.9,175,0,307,153
2701407,Campo Alegre,0,,AL,Alagoas,10301,32010,313,78.444,30,91.94,36.07,14,0,0,0
2706208,Palestina,0,,AL,Alagoas,1321,4309,38,78.081,30,97.13,39.63,2,0,1369,0
2707909,Santa Luzia do Norte,0,Região Metropolitana de Maceió,AL,Alagoas,2184,6918,29,85.301,30,92.25,33.89,12,0,1057,0
2702355,Craíbas,0,Região Metropolitana do Agreste,AL,Alagoas,8074,25329,279,71.098,30,97.41,34.1,12,0,16,0
2706901,Pilar,0,Região Metropolitana de Maceió,AL,Alagoas,11594,35361,260,82.511,30,91.45,32.97,26,0,0,0
2706422,Pariconha,0,,AL,Alagoas,3262,10572,255,77.756,30,100.55,43.45,5934,112,798,0
2709202,Traipu,0,Região Metropolitana do Agreste,AL,Alagoas,7354,23536,682,67.315,30,99.65,41.13,106,90,2938,0
2706000,Olivença,0,,AL,Alagoas,3575,10812,175,72.676,30,95.37,40.57,13,0,155,0
2708006,Santana do Ipanema,0,,AL,Alagoas,15098,46093,436,79.034,30,93.56,36.09,335,0,962,0
2700706,Batalha,0,,AL,Alagoas,5123,16434,316,76.704,30,95.46,36.71,25,0,329,181
2704104,Lagoa da Canoa,0,Região Metropolitana do Agreste,AL,Alagoas,5935,18428,84,72.436,30,96.2,41.26,13,0,0,0
2701357,Campestre,0,,AL,Alagoas,2090,6661,66,76.708,30,96.9,34.68,3,0,0,0
2706802,Piaçabuçu,0,,AL,Alagoas,5247,15890,244,77.165,30,96.1,35.51,84,0,114,0
2703007,Ibateguara,0,,AL,Alagoas,4585,13697,265,7.022,30,96.13,36.83,23,0,0,0
2705200,Messias,0,Região Metropolitana de Maceió,AL,Alagoas,4979,15340,114,79.004,30,91.13,33.64,35,0,0,0
2701308,Cajueiro,0,,AL,Alagoas,4961,16020,94,72.562,30,88.87,33.56,29,0,0,0
2706448,Paripueira,0,Região Metropolitana de Maceió,AL,Alagoas,4383,13819,93,84.482,30,94.23,34.65,52,0,0,0
2705606,Novo Lino,0,,AL,Alagoas,3241,10015,216,7.333,30,98.57,31.41,61,0,0,0
2700607,Barra de São Miguel,0,Região Metropolitana de Maceió,AL,Alagoas,2528,7907,74,85.446,30,95.71,27.17,3,0,0,0
2707305,Porto Calvo,0,,AL,Alagoas,7636,24059,313,78.865,30,94.53,32.89,9,0,10,0
2700102,Água Branca,0,,AL,Alagoas,5710,19003,468,7.711,30,95.64,44.38,457,0,1908,0
1302603,Manaus,1,Região Metropolitana de Manaus,AM,Amazonas,630062,2058504,11401,97.024,30,93.8,26.41,71286,0,214,0
2900207,Abaré,0,,BA,Bahia,5545,17630,1605,80.062,30,97.39,37.01,3238,0,360,96
2917904,Jandaíra,0,,BA,Bahia,3099,9258,641,8.118,30,100.32,36.16,75,0,163,0
2925303,Porto Seguro,0,,BA,Bahia,60234,167420,2286,91.533,30,96.57,24.85,17988,5111,20,0
2922052,Mulungu do Morro,0,,BA,Bahia,4502,13149,647,84.101,30,99.36,35.4,90,0,5059,0
2924405,Pilão Arcado,0,,BA,Bahia,10728,35290,11598,74.923,30,104.03,37.97,13,0,639,0
2918407,Juazeiro,0,Região Administrativa Integrada de Desenvolvimento do Polo Petrolina/PE e Juazeiro/BA,BA,Bahia,78819,236765,6721,90.327,30,95.35,31.38,3661,0,2535,0
2904753,Buritirama,0,,BA,Bahia,5900,19576,4047,78.078,30,108.66,39.04,70,0,638,0
2905800,Camamu,0,,BA,Bahia,10433,30444,840,79.892,30,95.97,36.36,401,79,6592,320
2907004,Cardeal da Silva,0,,BA,Bahia,2825,8353,293,83.268,30,93.46,32.71,600,0,39,0
2914653,Itabela,0,,BA,Bahia,9620,28079,925,82.001,30,101.38,35.71,791,0,0,0
2905404,Cairu,0,,BA,Bahia,6534,17724,449,8.902,30,95.82,27.99,104,0,4578,118
2920700,Maraú,0,,BA,Bahia,8580,24459,849,84.137,30,104.17,28.7,148,0,7531,0
2914901,Itacaré,0,,BA,Bahia,9880,27451,726,86.283,30,103.36,31,1600,0,2836,241
2931301,Tapiramutá,0,,BA,Bahia,5106,15789,715,82.473,30,98.39,38.9,34,0,0,0
2933604,Xique-Xique,0,,BA,Bahia,13521,44451,5080,83.194,30,95.68,39.12,571,0,1673,80
2931608,Teolândia,0,,BA,Bahia,4735,15308,290,77.336,30,105.77,37.35,11,0,790,0
2930204,Sento Sé,0,,BA,Bahia,11702,37966,11980,81.932,30,106.52,35.66,128,0,300,0
2930154,Serra do Ramalho,0,,BA,Bahia,11309,34159,2341,82.191,30,103.11,36.93,812,45,2011,0
2924207,Pedro Alexandre,0,,BA,Bahia,4717,13904,890,68.101,30,100.72,32.16,9,0,42,0
2300150,Acarape,0,,CE,Ceará,4439,14022,130,84.027,30,96.32,34.43,7,0,0,0
2308377,Miraíma,0,,CE,Ceará,4259,14190,709,78.279,30,105.59,40.84,6,0,0,0
2307809,Marco,0,,CE,Ceará,7594,25730,574,82.852,30,101.9,31.71,14,0,12,0
2306405,Itapipoca,0,,CE,Ceará,41579,131041,1600,84.996,30,98.64,38.42,744,542,211,0
2313401,Tianguá,0,,CE,Ceará,25654,81434,910,83.249,30,98.44,33.7,67,0,26,0
2308005,Massapê,0,Região Metropolitana de Sobral,CE,Ceará,12335,37679,568,7.808,30,95.95,40.42,49,0,0,0
2304509,Frecheirinha,0,Região Metropolitana de Sobral,CE,Ceará,5420,15651,210,76.911,30,100.89,39.44,10,0,0,0
2313757,Umirim,0,,CE,Ceará,5656,17446,316,78.721,30,102.76,40.2,4,0,14,0
2314102,Viçosa do Ceará,0,,CE,Ceará,18273,59700,1311,77.098,30,100.59,39.55,106,0,0,0
2307908,Martinópole,0,,CE,Ceará,3698,10844,303,78.141,30,98.43,43.77,12,0,0,0
2304707,Granja,0,,CE,Ceará,17092,53314,2663,71.014,30,103.84,43.14,203,0,0,0
2313807,Uruburetama,0,,CE,Ceará,6399,20187,99,8.199,30,98.81,36.71,26,0,166,0
3205010,Sooretama,0,,ES,Espírito Santo,9185,26464,587,89.572,30,100.64,32.34,27,0,5,0
5212709,Mambaí,0,,GO,Goiás,2601,8107,858,85.745,30,103.81,29.25,26,0,0,0
5212501,Luziânia,0,Região Integrada de Desenvolvimento do Distrito Federal e Entorno,GO,Goiás,71953,207911,3962,94.189,30,98.36,28.04,909,0,32,0
5206206,Cristalina,0,Região Integrada de Desenvolvimento do Distrito Federal e Entorno,GO,Goiás,21443,62083,6154,93.821,30,102.98,27.87,77,0,14,0
5217609,Planaltina,0,Região Integrada de Desenvolvimento do Distrito Federal e Entorno,GO,Goiás,35183,104157,2559,92.689,30,97.79,25.2,368,0,1,0
5220454,Senador Canedo,0,Região Metropolitana de Goiânia,GO,Goiás,52370,155345,247,95.877,30,98.57,21.63,370,0,0,0
5221080,Teresina de Goiás,0,,GO,Goiás,919,2698,785,86.435,30,100.82,38.78,1,0,1146,583
5205497,Cidade Ocidental,0,Região Integrada de Desenvolvimento do Distrito Federal e Entorno,GO,Goiás,31789,91614,390,96.083,30,94.19,21.14,775,0,1313,1146
2104057,Estreito,0,Região Metropolitana do Sudoeste Maranhense,MA,Maranhão,10763,33268,2720,88.514,30,100.72,31.64,61,0,0,0
2108009,Pastos Bons,0,,MA,Maranhão,5712,18800,1635,82.909,30,100.85,38.43,21,0,372,0
2101202,Bacabal,0,,MA,Maranhão,32893,103505,1657,85.128,30,92.09,38.17,171,0,2926,386
2109601,Rosário,0,Região Metropolitana da Grande São Luís,MA,Maranhão,12124,38319,648,86.603,30,95.32,34.13,66,0,4366,255
2100055,Açailândia,0,Região Metropolitana do Sudoeste Maranhense,MA,Maranhão,34388,106200,5805,87.135,30,97.51,30.18,191,0,0,0
2109908,Santa Inês,0,,MA,Maranhão,26886,84785,787,87.587,30,92.65,37.23,229,0,1192,0
2112902,Vitória do Mearim,0,,MA,Maranhão,9357,30775,717,81.393,30,96.98,37.48,75,0,2374,0
2104503,Governador Archer,0,,MA,Maranhão,2967,10227,446,79.084,30,99.12,43.85,1,0,0,0
2107001,Montes Altos,0,Região Metropolitana do Sudoeste Maranhense,MA,Maranhão,2888,9099,1489,8.412,30,107.47,39.87,1099,1070,0,0
2111904,Sucupira do Norte,0,,MA,Maranhão,3127,10235,1074,80.059,30,105.58,41.89,8,0,0,0
2103604,Coroatá,0,,MA,Maranhão,18889,59338,2264,7.624,30,97.25,38.5,26,0,161,0
2109502,Riachão,0,,MA,Maranhão,7145,22044,6403,8.499,30,106.23,42.51,12,0,0,0
2110500,São Bento,0,,MA,Maranhão,11901,46369,457,84.228,30,92.71,33.89,10,0,6302,0
2114007,Zé Doca,0,,MA,Maranhão,12629,40683,2140,80.773,30,97.23,37.46,409,342,4,0
2105500,João Lisboa,0,Região Metropolitana do Sudoeste Maranhense,MA,Maranhão,7626,24561,1137,85.189,30,97.7,37.67,25,0,0,0
2106102,Loreto,0,,MA,Maranhão,3203,11596,3597,86.558,30,105.29,39.47,4,0,0,0
2111763,Senador La Rocque,0,Região Metropolitana do Sudoeste Maranhense,MA,Maranhão,4605,14666,738,79.919,30,97.47,44.22,17,0,0,0
2106201,Luís Domingues,0,,MA,Maranhão,2115,7156,472,86.034,30,105.3,31.69,0,0,0,0
2102408,Cajapió,0,,MA,Maranhão,3145,10121,545,79.794,30,101.94,39.43,4,0,2764,0
2102309,Buriti Bravo,0,,MA,Maranhão,6661,22434,1583,76.569,30,99.56,41.22,5,0,0,0
2103406,Coelho Neto,0,,MA,Maranhão,11916,41635,977,7.846,30,97.24,39.08,14,0,296,0
2101301,Bacuri,0,,MA,Maranhão,5126,16254,850,80.929,30,103.6,39.81,10,0,3801,82
2103307,Codó,0,Região Metropolitana da Zona Leste do Estado do Maranhão,MA,Maranhão,34888,113993,4362,77.698,30,93.72,39.01,112,0,2939,490
2111805,Sítio Novo,0,Região Metropolitana do Sudoeste Maranhense,MA,Maranhão,5197,17062,3115,82.994,30,109.96,35.55,37,4,0,0
2106755,Miranda do Norte,0,,MA,Maranhão,6595,23794,341,85.554,30,99.03,31.35,3,0,187,0
2107902,Passagem Franca,0,,MA,Maranhão,5296,17213,1358,74.866,30,97.77,39.86,3,0,1,0
2108702,Pio XII,0,,MA,Maranhão,6514,21862,545,75.131,30,97.96,36.37,12,0,0,0
2102556,Campestre do Maranhão,0,Região Metropolitana do Sudoeste Maranhense,MA,Maranhão,3847,12257,614,84.448,30,102.22,32.07,31,0,0,0
2107803,Parnarama,0,Região Metropolitana da Zona Leste do Estado do Maranhão,MA,Maranhão,9448,31247,3246,74.299,30,99.86,37.69,28,0,971,0
2109700,Sambaíba,0,,MA,Maranhão,1679,5568,2476,80.299,30,108.54,41.85,8,0,0,0
2111607,São Raimundo das Mangabeiras,0,,MA,Maranhão,5794,18662,3525,86.222,30,103.82,39.32,17,0,0,0
2111508,São Mateus do Maranhão,0,,MA,Maranhão,11953,38811,800,78.468,30,97.11,38.26,14,0,586,0
2100154,Água Doce do Maranhão,0,,MA,Maranhão,3543,12137,442,74.302,30,104.69,40.5,5,0,0,0
2103257,Cidelândia,0,Região Metropolitana do Sudoeste Maranhense,MA,Maranhão,4144,12859,1463,8.095,30,103.73,39.24,9,0,0,0
2110856,São Francisco do Brejão,0,Região Metropolitana do Sudoeste Maranhense,MA,Maranhão,2837,9045,745,80.982,30,100.69,35.52,7,0,0,0
2105609,Joselândia,0,,MA,Maranhão,4466,14908,703,75.061,30,102.99,36.55,7,0,0,0
2104602,Governador Eugênio Barros,0,,MA,Maranhão,4349,13925,648,76.048,30,100.55,43.43,10,0,0,0
2110609,São Bernardo,0,,MA,Maranhão,7765,26917,1006,77.539,30,99.67,38.66,13,0,0,0
2110708,São Domingos do Maranhão,0,,MA,Maranhão,10769,34004,1152,78.909,30,99.71,37.26,32,0,0,0
3121258,Delta,0,,MG,Minas Gerais,3536,10461,103,91.026,30,105.28,28.14,1,0,0,0
3135050,Jaíba,0,,MG,Minas Gerais,12100,37576,2635,87.573,30,103.02,29.32,94,0,902,160
3108255,Bonito de Minas,0,,MG,Minas Gerais,3041,10200,3936,82.529,30,106.02,51.78,3,0,1252,0
3120300,Cristália,0,,MG,Minas Gerais,1724,5116,841,87.199,30,102.97,38.01,0,0,675,0
5005251,Laguna Carapã,0,,MS,Mato Grosso do Sul,2350,6794,1726,90.628,30,98.57,34.02,926,857,0,0
5002951,Chapadão do Sul,0,,MS,Mato Grosso do Sul,10889,30752,3252,96.766,30,103.3,19.74,48,0,0,0
5005608,Miranda,0,,MS,Mato Grosso do Sul,7842,25324,5471,90.763,30,102.43,34.75,8852,7415,0,0
5006606,Ponta Porã,0,,MS,Mato Grosso do Sul,30465,91385,5359,94.087,30,95.08,34.03,651,422,0,0
5108600,Vila Rica,0,,MT,Mato Grosso,6881,19704,7436,92.183,30,109.22,29.06,41,0,0,0
5102702,Canarana,0,,MT,Mato Grosso,8878,25789,10855,94.274,30,106.43,25.78,2230,1636,0,0
5106422,Peixoto de Azevedo,0,,MT,Mato Grosso,10880,32533,14434,90.523,30,105,27.33,1484,1302,0,0
5107768,Santa Rita do Trivelato,0,,MT,Mato Grosso,1050,3254,4747,93.242,30,107.6,20.26,3,0,0,0
5107941,Tabaporã,0,,MT,Mato Grosso,3300,9667,8439,92.943,30,106,25.43,21,0,0,0
5102678,Campo Verde,0,,MT,Mato Grosso,15418,44439,4771,9.551,30,101.98,24.79,50,0,0,0
5103254,Colniza,0,,MT,Mato Grosso,8837,25439,27960,92.504,30,109.34,23.36,0,0,0,0
5100607,Alto Taquari,0,,MT,Mato Grosso,3914,10855,1437,9.444,30,105.27,22.54,3,0,0,0
5105606,Matupá,0,,MT,Mato Grosso,6865,20030,5228,93.209,30,103.87,28.05,261,218,0,0
5107248,Santa Carmem,0,,MT,Mato Grosso,1731,5361,3812,93.755,30,108.13,28.83,1,0,0,0
5100805,Apiacás,0,,MT,Mato Grosso,2807,8540,20489,88.412,30,110.69,26.58,463,318,0,0
5107909,Sinop,0,,MT,Mato Grosso,68530,195459,3991,96.571,30,101.88,23.91,186,0,0,0
5108501,Vera,0,,MT,Mato Grosso,4284,12751,3058,92.868,30,106.32,27.09,15,0,0,0
5107743,Santa Cruz do Xingu,0,,MT,Mato Grosso,890,2625,5623,92.748,30,112.2,21.63,24,0,0,0
5105507,Vila Bela da Santíssima Trindade,0,,MT,Mato Grosso,5367,16665,13485,91.965,30,108.37,25.72,378,41,2589,0
1504752,Mojuí dos Campos,0,Região Metropolitana de Santarém,PA,Pará,7478,23482,4988,86.182,30,108.53,32.5,231,0,0,0
1503804,Jacundá,0,,PA,Pará,12607,37664,2008,85.485,30,96.36,32.22,47,0,0,0
1501725,Brasil Novo,0,,PA,Pará,7195,24616,6363,88.861,30,104.57,28.28,395,349,0,0
1506500,Santa Isabel do Pará,0,Região Metropolitana de Belém,PA,Pará,21491,66485,718,9.291,30,118.77,31.68,72,0,2239,153
1506583,Santa Maria das Barreiras,0,,PA,Pará,5431,16451,10330,88.026,30,112.75,29.79,122,42,2,0
1506203,Salinópolis,0,,PA,Pará,13482,44544,226,91.713,30,101.78,33.62,71,0,0,0
1503507,Irituia,0,,PA,Pará,9562,30934,1385,85.757,30,105.76,37.58,12,0,2581,947
1504422,Marituba,0,Região Metropolitana de Belém,PA,Pará,35884,110593,103,95.615,30,95.79,26.73,93,0,0,0
1501758,Brejo Grande do Araguaia,0,,PA,Pará,2130,6775,1288,8.614,30,102.84,35.06,82,79,50,42
1501600,Bonito,0,,PA,Pará,4214,12602,587,79.833,30,105.4,33.5,2,0,136,0
1507904,Soure,0,,PA,Pará,7083,24176,2857,94.367,30,97.36,35.11,26,0,23,0
1504976,Nova Ipixuna,0,,PA,Pará,4571,13903,1564,85.707,30,109.5,34.05,8,0,0,0
1500131,Abel Figueiredo,0,,PA,Pará,2265,7019,614,86.162,30,103.41,31.63,10,0,0,0
1508035,Tracuateua,0,,PA,Pará,8736,28579,868,83.056,30,105.85,32.81,19,0,1810,326
1505403,Ourém,0,,PA,Pará,5758,17836,562,86.165,30,102.71,35.47,39,0,1820,483
1505494,Palestina do Pará,0,,PA,Pará,2200,6884,984,80.105,30,105.71,37.02,5,0,0,0
2503001,Caaporã,0,Região Metropolitana de João Pessoa,PB,Paraíba,6834,21191,151,81.433,30,94.13,28.68,34,0,1,0
2511905,Pitimbu,0,Região Metropolitana de João Pessoa,PB,Paraíba,5403,16744,136,81.678,30,96.17,30.8,157,0,56,0
2500601,Alhandra,0,Região Metropolitana de João Pessoa,PB,Paraíba,7140,21658,184,82.422,30,95.19,29.64,20,0,45,0
2609907,Ouricuri,0,,PE,Pernambuco,21487,65212,2382,7.805,30,97.25,41.57,97,0,20,0
2601052,Araçoiaba,0,Região Metropolitana de Recife,PE,Pernambuco,6292,19234,96,80.864,30,93.96,31.57,6,0,0,0
2611903,Rio Formoso,0,,PE,Pernambuco,6438,19996,227,82.418,30,97.35,28.28,21,0,865,0
2614204,Sirinhaém,0,,PE,Pernambuco,11889,37570,374,81.754,30,97.23,28.28,14,0,0,0
2611101,Petrolina,0,Região Administrativa Integrada de Desenvolvimento do Polo Petrolina/PE e Juazeiro/BA,PE,Pernambuco,128380,385334,4562,91.573,30,93.12,27.68,1910,0,897,0
2607406,Itacuruba,0,,PE,Pernambuco,1344,4283,430,87.315,30,95.44,34.94,1349,0,711,0
2613404,São José da Coroa Grande,0,,PE,Pernambuco,6103,18771,69,85.104,30,91.39,33.38,6,0,0,0
2606606,Ibimirim,0,,PE,Pernambuco,8861,26561,1882,75.595,30,96.17,40.11,1701,764,6,0
2607208,Ipojuca,0,Região Metropolitana de Recife,PE,Pernambuco,33191,98462,522,87.635,30,95.19,25.75,124,0,821,0
2603207,Caetés,0,,PE,Pernambuco,9272,28810,295,7.401,30,98.83,39.82,10,0,1752,0
2609204,Maraial,0,,PE,Pernambuco,3094,9353,200,72.256,30,95.39,38.56,1,0,0,0
2611002,Petrolândia,0,,PE,Pernambuco,10915,34121,1057,8.629,30,95.15,33.35,5217,596,104,0
2612505,Santa Cruz do Capibaribe,0,,PE,Pernambuco,34712,97524,335,88.237,30,93.53,26.68,121,0,0,0
2613008,São Bento do Una,0,,PE,Pernambuco,17189,49351,719,78.084,30,97.21,42.3,58,0,2403,0
2607752,Itapissuma,0,Região Metropolitana de Recife,PE,Pernambuco,8221,23986,74,8.827,30,122.13,36.81,38,0,0,0
2614808,Tacaratu,0,,PE,Pernambuco,7343,23884,1265,80.867,30,101.23,39.5,8238,5186,340,0
2601102,Araripina,0,,PE,Pernambuco,27498,85065,2037,81.237,30,94.99,36.45,63,0,134,0
2202653,Caxingó,0,,PI,Piauí,1768,5482,491,70.396,30,107.16,38.37,0,0,0,0
2204402,Gilbués,0,,PI,Piauí,3373,10869,3496,82.649,30,102.45,40.25,23,0,371,0
2208700,Redenção do Gurguéia,0,,PI,Piauí,2573,8369,2471,82.074,30,104.93,39.84,8,0,601,0
2207603,Parnaguá,0,,PI,Piauí,3034,10095,3429,82.966,30,110.44,38.8,27,0,0,0
2208908,Ribeiro Gonçalves,0,,PI,Piauí,1866,6151,3987,83.291,30,105.4,39,4,0,0,0
2209971,São João do Arraial,0,,PI,Piauí,2534,8180,213,76.953,30,102.52,42.57,5,0,18,0
2206696,Murici dos Portelas,0,,PI,Piauí,2952,9784,476,69.751,30,105.39,40.29,3,0,0,0
2206100,Matias Olímpio,0,,PI,Piauí,3202,10641,227,74.133,30,100.36,42.02,2,0,190,138
2205854,Madeiro,0,,PI,Piauí,2262,8031,179,74.317,30,101.76,34.95,3,0,0,0
2204550,Guaribas,0,,PI,Piauí,1313,4272,3118,73.389,30,102.37,33.89,0,0,0,0
2202901,Corrente,0,,PI,Piauí,8573,27173,3049,86.719,30,102.19,40.58,29,0,0,0
4117602,Palmas,0,,PR,Paraná,16310,48101,1558,93.862,30,95.61,33.96,1149,725,1647,0
4107652,Fazenda Rio Grande,0,Região Metropolitana de Curitiba,PR,Paraná,50435,148712,117,97.374,30,95.91,22.11,197,0,0,0
4111258,Itaperuçu,0,Região Metropolitana de Curitiba,PR,Paraná,10515,31203,323,93.339,30,100.79,28.08,13,0,0,0
2410306,Serra Caiada,0,,RN,Rio Grande do Norte,3209,10108,218,76.168,30,100.89,44.07,5,0,0,0
2409506,Pedra Grande,0,,RN,Rio Grande do Norte,1093,3598,221,76.645,30,102.24,41.97,2,0,0,0
2410405,Pureza,0,,RN,Rio Grande do Norte,3027,9346,504,77.611,30,102.64,39.59,31,0,1,0
2413359,Serra do Mel,0,,RN,Rio Grande do Norte,4239,13060,620,81.578,30,102.87,33.09,11,0,0,0
2415008,Vila Flor,0,,RN,Rio Grande do Norte,987,3173,48,79.545,30,102.42,32.81,3,0,3,0
2405801,João Câmara,0,,RN,Rio Grande do Norte,10870,33204,715,79.853,30,99.13,39.69,2421,0,63,0
2404200,Goianinha,0,Região Metropolitana de Natal,RN,Rio Grande do Norte,8322,26736,192,84.508,30,96.16,31.85,520,0,0,0
2413201,Senador Georgino Avelino,0,,RN,Rio Grande do Norte,1251,4058,26,82.151,30,98.58,35.19,6,0,1,0
2402204,Canguaretama,0,,RN,Rio Grande do Norte,9169,29626,245,80.651,30,95.73,34.38,739,0,4,0
2408805,Parazinho,0,,RN,Rio Grande do Norte,1492,4795,231,76.884,30,98.39,44.44,2,0,0,0
1100809,Candeias do Jamari,0,Região Metropolitana de Porto Velho,RO,Rondônia,7431,22282,6844,91.864,30,105.77,29.36,137,0,0,0
1100924,Chupinguaia,0,,RO,Rondônia,3206,9285,5127,92.635,30,103.09,22.85,318,265,0,0
1101104,Itapuã do Oeste,0,,RO,Rondônia,2910,8543,4082,90.312,30,108.9,30.5,15,0,0,0
1100940,Cujubim,0,,RO,Rondônia,5203,14825,3864,92.336,30,107.38,24.62,37,0,0,0
1100080,Costa Marques,0,,RO,Rondônia,4161,12526,4987,92.934,30,107.41,27.42,1214,0,1338,58
4211058,Monte Carlo,0,Região Metropolitana do Contestado,SC,Santa Catarina,3167,9107,191,91.897,30,101.17,38.47,7,0,0,0
4201307,Araquari,0,"Região Metropolitana do Norte/Nordeste Catarinense, Região Metropolitana de Joinville ",SC,Santa Catarina,15025,45214,387,96.995,30,102.84,21.9,389,323,480,0
4205175,Entre Rios,0,Região Metropolitana do Extremo Oeste,SC,Santa Catarina,1173,3402,104,91.483,30,101.42,39.19,1254,1116,0,0
4218251,Timbó Grande,0,Região Metropolitana do Contestado,SC,Santa Catarina,2520,7334,596,92.554,30,106.29,29.46,12,0,0,0
2807600,Umbaúba,0,,SE,Sergipe,8285,23906,118,81.866,30,91.8,34.25,22,0,0,0
2801504,Carmópolis,0,,SE,Sergipe,4689,13840,46,87.995,30,91.13,25.21,14,0,0,0
2802007,Divina Pastora,0,,SE,Sergipe,1453,4340,91,8.265,30,98.81,31.42,1,0,0,0
2806404,Santana do São Francisco,0,,SE,Sergipe,2366,7342,44,8.273,30,98.11,30.16,9,0,0,0
2803005,Itabaianinha,0,,SE,Sergipe,13332,40625,502,7.816,30,96.22,37.92,24,0,0,0
2804805,Nossa Senhora do Socorro,0,Região Metropolitana de Aracaju,SE,Sergipe,67033,191979,155,91.827,30,90.11,23.32,476,0,133,0
2805901,Riachuelo,0,,SE,Sergipe,2815,8732,78,87.222,30,92.48,29.82,11,0,279,264
2804904,Pacatuba,0,,SE,Sergipe,4190,12490,381,75.515,30,98.19,35.96,2,0,17,16
3507159,Bom Sucesso de Itararé,0,,SP,São Paulo,1175,3554,134,94.215,30,104.31,34.1,0,0,0,0
3510153,Canitar,0,,SP,São Paulo,2077,6281,57,93.679,30,96.59,34.82,12,0,0,0
1720309,São Sebastião do Tocantins,0,,TO,Tocantins,1235,4100,290,82.883,30,105.72,31.84,1,0,0,0
1715259,Novo Jardim,0,,TO,Tocantins,704,2210,1214,82.502,30,104.21,38.62,3,0,0,0
1706506,Darcinópolis,0,,TO,Tocantins,1990,5807,1642,89.851,30,104.82,33.95,2,0,0,0
1712801,Maurilândia do Tocantins,0,,TO,Tocantins,998,3094,736,83.113,30,106.2,36.05,483,459,0,0
1721000,Palmas,1,Região Metropolitana de Palmas,TO,Tocantins,105997,301512,2227,96.887,30,95.29,23.41,590,0,6,0
1721208,Tocantinópolis,0,,TO,Tocantins,7384,22474,1084,90.035,30,97.46,37.76,2352,2177,0,0
1720804,Sítio Novo do Tocantins,0,,TO,Tocantins,3260,10814,307,8.423,30,101.98,40.15,9,0,0,0
1710508,Itacajá,0,,TO,Tocantins,2161,6819,3047,86.641,30,106.2,42.46,1195,1132,0,0
1718006,Porto Alegre do Tocantins,0,,TO,Tocantins,922,2865,507,84.111,30,106.19,37.99,1,0,325,0
1700301,Aguiarnópolis,0,,TO,Tocantins,1440,4494,237,90.328,30,100.22,38.25,4,0,0,0
1701002,Ananás,0,,TO,Tocantins,3182,10151,1581,86.393,30,103.01,39.41,9,0,0,0
1702109,Araguaína,0,,TO,Tocantins,57633,170778,4005,93.667,30,94.49,32.28,357,0,30,0
1718501,Recursolândia,0,,TO,Tocantins,1043,3419,2216,78.458,30,131.62,34.25,5,0,0,0
1702208,Araguatins,0,,TO,Tocantins,10210,31834,2633,85.262,30,101.39,38.03,41,0,81,7
1705508,Colinas do Tocantins,0,,TO,Tocantins,11817,34092,842,91.104,30,96.88,34.68,75,0,0,0
1720101,São Bento do Tocantins,0,,TO,Tocantins,1705,5631,1100,86.343,30,108.56,34.87,115,31,0,0
1700400,Almas,0,,TO,Tocantins,2079,6475,4007,8.463,30,107.17,39.09,2,0,136,0
1718865,Santa Fé do Araguaia,0,,TO,Tocantins,2362,7149,1671,86.665,30,103.27,32.95,405,371,668,388
1708254,Fortaleza do Tabocão,0,,TO,Tocantins,1145,3451,624,90.961,30,100.64,34.12,7,0,0,0
1716505,Pedro Afonso,0,,TO,Tocantins,4739,13966,2020,92.558,30,103.05,33.4,97,61,0,0
2702504,Dois Riachos,0,,AL,Alagoas,3265,9805,142,7.273,31,99.37,48.77,28,0,314,0
2702603,Feira Grande,0,Região Metropolitana do Agreste,AL,Alagoas,7399,22710,176,69.554,31,97.82,40.48,390,286,0,0
2703403,Jacaré dos Homens,0,,AL,Alagoas,1632,5081,149,76.231,31,99.1,36.92,0,0,1252,0
2702801,Flexeiras,0,,AL,Alagoas,3103,9616,334,7.477,31,96.09,34.92,9,0,0,0
2703759,Jequiá da Praia,0,,AL,Alagoas,2985,9453,334,79.262,31,100.55,33.54,5,0,0,0
2706109,Ouro Branco,0,,AL,Alagoas,3970,11446,197,76.545,31,98.16,40.45,6,0,0,0
2709400,Viçosa,0,,AL,Alagoas,7917,23988,368,7.514,31,92.55,42.66,6,0,337,0
2707701,Rio Largo,0,Região Metropolitana de Maceió,AL,Alagoas,31230,93887,294,8.686,31,91.32,29.6,97,0,0,0
2707503,Porto Real do Colégio,0,,AL,Alagoas,6511,20049,236,72.693,31,95.29,39.56,2518,2245,67,0
2702702,Feliz Deserto,0,,AL,Alagoas,1327,3962,110,75.627,31,98.65,37.96,3,0,0,0
2709301,União dos Palmares,0,,AL,Alagoas,19749,58528,420,76.768,31,90.92,37.7,161,0,554,0
2701704,Capela,0,,AL,Alagoas,4650,14896,264,76.203,31,94.16,39.15,7,0,0,0
2702306,Coruripe,0,,AL,Alagoas,16396,50286,898,81.771,31,93.13,31.8,190,0,81,0
2708600,São Miguel dos Campos,0,,AL,Alagoas,16921,51783,336,84.119,31,90.23,35.88,316,0,0,0
2708808,São Sebastião,0,Região Metropolitana do Agreste,AL,Alagoas,10475,31647,315,71.976,31,96.55,39.38,1281,320,0,0
2708907,Satuba,0,Região Metropolitana de Maceió,AL,Alagoas,7880,24278,41,90.424,31,91.53,26.08,22,0,0,0
2707602,Quebrangulo,0,,AL,Alagoas,3683,11056,320,74.889,31,92.49,41.14,25,0,0,0
2702405,Delmiro Gouveia,0,,AL,Alagoas,17074,51193,629,82.521,31,91.64,40.18,899,0,210,0
2701902,Chã Preta,0,,AL,Alagoas,1931,5877,158,72.943,31,99.73,41.13,0,0,0,0
2932457,Umburanas,0,,BA,Bahia,4485,13621,1776,79.225,31,104.16,38.84,85,0,273,0
2907103,Carinhanha,0,,BA,Bahia,9304,28808,2526,81.369,31,104.18,40.46,30,0,1668,621
2912707,Ibirapitanga,0,,BA,Bahia,8359,25311,473,79.032,31,106.81,44.97,172,0,39,0
2902054,Araças,0,,BA,Bahia,4117,11550,475,83.033,31,93.45,37.67,734,0,3351,0
2920205,Malhada,0,,BA,Bahia,4811,15355,1979,79.649,31,103.73,39.67,0,0,2578,2118
2907707,Chorrochó,0,,BA,Bahia,3214,10576,3005,82.014,31,102.39,47.22,121,0,0,0
2914406,Iraquara,0,,BA,Bahia,8146,23848,992,88.477,31,98,44.8,31,0,2295,0
2923357,Ourolândia,0,,BA,Bahia,6100,19224,1545,78.428,31,101.77,34.35,55,0,0,0
2907202,Casa Nova,0,Região Administrativa Integrada de Desenvolvimento do Polo Petrolina/PE e Juazeiro/BA,BA,Bahia,23409,72040,9647,84.071,31,104.64,39.62,876,0,608,0
2903904,Bom Jesus da Lapa,0,,BA,Bahia,20927,65248,4116,86.306,31,96.36,36.71,875,0,7552,3742
2919306,Lençóis,0,,BA,Bahia,3919,10655,1283,89.329,31,97.15,33.33,342,0,1071,111
2930808,Souto Soares,0,,BA,Bahia,5711,17051,1027,85.851,31,99.63,44.76,11,0,2348,0
2904852,Cabaceiras do Paraguaçu,0,,BA,Bahia,5197,16529,222,79.504,31,93.29,43.45,176,0,0,0
2910602,Esplanada,0,,BA,Bahia,10824,32519,1299,84.699,31,94.63,39.32,1022,0,1648,0
2922805,Nova Itarana,0,,BA,Bahia,2660,7778,475,79.764,31,102.34,46.41,27,0,0,0
2925501,Prado,0,,BA,Bahia,11470,34522,1692,86.214,31,102.33,36.84,6053,388,3,0
2918357,João Dourado,0,,BA,Bahia,8250,24846,913,84.411,31,100.42,39.12,36,0,3924,0
2915908,Itanagra,0,,BA,Bahia,2069,5911,534,82.031,31,96.28,38.44,252,0,24,0
2930774,Sobradinho,0,Região Administrativa Integrada de Desenvolvimento do Polo Petrolina/PE e Juazeiro/BA,BA,Bahia,8348,25442,1356,86.839,31,95.96,41.18,368,0,0,0
2909901,Curaçá,0,Região Administrativa Integrada de Desenvolvimento do Polo Petrolina/PE e Juazeiro/BA,BA,Bahia,11240,34149,5951,83.431,31,104.25,40.32,2101,0,1160,0
2903201,Barreiras,0,,BA,Bahia,54356,159181,8051,92.489,31,95.72,29.33,1799,0,1511,0
2925758,Presidente Tancredo Neves,0,,BA,Bahia,9570,27716,442,80.419,31,101.76,35.74,75,0,457,0
2313351,Tejuçuoca,0,,CE,Ceará,5603,17104,759,76.638,31,103.49,42.43,8,0,0,0
2313500,Trairi,0,Região Metropolitana de Fortaleza,CE,Ceará,18908,58373,929,81.517,31,101.95,40.05,88,0,100,0
2312007,Santana do Acaraú,0,Região Metropolitana de Sobral,CE,Ceará,9656,30599,973,76.526,31,103,47.22,120,0,0,0
2301901,Barbalha,0,Região Metropolitana do Cariri,CE,Ceará,24142,74962,608,87.609,31,93.35,38.67,73,0,0,0
2310605,Penaforte,0,,CE,Ceará,2919,8955,151,84.683,31,96.11,42.21,6,0,0,0
2313559,Tururu,0,,CE,Ceará,5077,15411,201,78.298,31,101.31,44.91,7,0,1431,268
2306256,Itaitinga,0,Região Metropolitana de Fortaleza,CE,Ceará,19522,55948,154,89.791,31,127.11,27.04,50,0,40,0
2312809,Senador Sá,0,Região Metropolitana de Sobral,CE,Ceará,2426,7253,425,74.964,31,100.17,44.8,2,0,0,0
2312403,São Gonçalo do Amarante,0,Região Metropolitana de Fortaleza,CE,Ceará,17957,54096,843,87.725,31,97.77,35.38,112,0,2,0
2304608,General Sampaio,0,,CE,Ceará,2193,6701,230,75.281,31,101.8,47.53,0,0,0,0
2313906,Uruoca,0,,CE,Ceará,4664,13741,698,75.107,31,102.21,43.43,4,0,0,0
2304954,Guaiúba,0,Região Metropolitana de Fortaleza,CE,Ceará,7757,24310,256,82.383,31,99.17,39.75,2,0,0,0
2306603,Itatira,0,,CE,Ceará,6688,20422,830,75.447,31,99.88,51.22,7,0,0,0
2308807,Moraújo,0,Região Metropolitana de Sobral,CE,Ceará,2710,8254,414,77.478,31,99.37,46.9,0,0,741,667
2307304,Juazeiro do Norte,0,Região Metropolitana do Cariri,CE,Ceará,97385,284413,259,89.106,31,89.91,41.93,350,0,9,0
2301851,Banabuiú,0,,CE,Ceará,5585,17166,1081,762,31,101.16,47.4,4,0,0,0
2304004,Coreaú,0,Região Metropolitana de Sobral,CE,Ceará,7031,20944,750,74.012,31,98.16,46.54,1,0,0,0
2312304,São Benedito,0,,CE,Ceará,15616,47604,351,7.981,31,99.2,44.17,285,0,302,0
2300200,Acaraú,0,,CE,Ceará,20955,65154,842,78.754,31,100.44,39.32,655,399,245,150
2313609,Ubajara,0,,CE,Ceará,10508,32745,424,81.974,31,97.68,43.13,21,0,0,0
2309201,Nova Olinda,0,Região Metropolitana do Cariri,CE,Ceará,5178,15390,283,8.364,31,95.05,41.23,5,0,0,0
2301307,Araripe,0,,CE,Ceará,6746,19767,1097,73.168,31,97.18,46.67,9,0,311,89
2305233,Horizonte,0,Região Metropolitana de Fortaleza,CE,Ceará,25611,74670,161,88.616,31,93.31,31.64,127,0,2290,1148
2309706,Pacatuba,0,Região Metropolitana de Fortaleza,CE,Ceará,27103,80770,133,91.375,31,93.93,29.61,1481,503,18,0
2308401,Missão Velha,0,Região Metropolitana do Cariri,CE,Ceará,11841,36800,613,79.444,31,96.81,45.7,55,0,28,0
5213103,Mineiros,0,,GO,Goiás,24783,69766,9043,94.935,31,99.22,35.34,127,0,1204,91
5200050,Abadia de Goiás,0,Região Metropolitana de Goiânia,GO,Goiás,6229,18715,143,94.273,31,103.23,26.24,198,0,129,0
5222203,Vila Boa,0,Região Integrada de Desenvolvimento do Distrito Federal e Entorno,GO,Goiás,1461,4181,1053,87.171,31,108.56,30.19,8,0,432,0
5208806,Goianira,0,Região Metropolitana de Goiânia,GO,Goiás,25193,71826,214,9.521,31,100.24,23.71,111,0,0,0
5204854,Campo Limpo de Goiás,0,,GO,Goiás,2696,8062,156,94.576,31,102.18,35.14,9,0,0,0
5221858,Valparaíso de Goiás,0,Região Integrada de Desenvolvimento do Distrito Federal e Entorno,GO,Goiás,71169,198531,61,97.214,31,92.87,20.43,582,0,107,0
2102358,Buritirana,0,Região Metropolitana do Sudoeste Maranhense,MA,Maranhão,4116,12900,821,79.454,31,102.86,41.47,20,0,0,0
2103802,Dom Pedro,0,,MA,Maranhão,7305,23016,358,83.748,31,94.56,41.76,13,0,106,0
2105922,Lagoa do Mato,0,,MA,Maranhão,3167,10570,1513,77.238,31,101.14,39.63,5,0,0,0
2109007,Porto Franco,0,Região Metropolitana do Sudoeste Maranhense,MA,Maranhão,7807,23788,1421,89.051,31,98.6,34.9,46,0,0,0
2105807,Lago do Junco,0,,MA,Maranhão,2869,9501,329,74.587,31,100.59,39.93,8,0,0,0
2102077,Bom Lugar,0,,MA,Maranhão,3560,12203,445,73.111,31,103.43,42.06,7,0,0,0
2112308,Tuntum,0,,MA,Maranhão,11376,36173,3369,7.811,31,103.49,42.19,189,83,0,0
2110302,Santo Antônio dos Lopes,0,,MA,Maranhão,4360,14285,771,76.923,31,99.11,40.64,13,0,11,0
2111409,São Luís Gonzaga do Maranhão,0,,MA,Maranhão,5560,17813,909,73.295,31,98.35,41.89,17,0,3047,182
2102754,Capinzal do Norte,0,,MA,Maranhão,3579,11370,590,75.172,31,97.47,40.44,9,0,1422,375
2105427,Itinga do Maranhão,0,Região Metropolitana do Sudoeste Maranhense,MA,Maranhão,7302,22392,3583,85.116,31,99.51,35.17,22,0,0,0
2107605,Palmeirândia,0,,MA,Maranhão,6061,21043,532,80.159,31,98.97,35.72,7,0,0,0
2104404,Gonçalves Dias,0,,MA,Maranhão,5339,17195,884,75.775,31,98.91,42.88,12,0,4,0
2107506,Paço do Lumiar,0,Região Metropolitana da Grande São Luís,MA,Maranhão,47860,145277,127,95.867,31,90.97,28.07,229,0,0,0
2109106,Presidente Dutra,0,,MA,Maranhão,14340,45038,772,83.734,31,95.22,37.34,60,0,0,0
2105302,Imperatriz,0,Região Metropolitana do Sudoeste Maranhense,MA,Maranhão,90440,272348,1369,93.221,31,92.78,35.28,533,0,0,0
2106508,Matinha,0,,MA,Maranhão,6819,22020,411,84.669,31,99.46,37.21,50,0,6217,594
2104628,Governador Luiz Rocha,0,,MA,Maranhão,2185,7061,402,77.491,31,104.96,39.64,2,0,0,0
2100402,Altamira do Maranhão,0,,MA,Maranhão,1950,6446,524,75.298,31,102.54,40.44,7,0,0,0
2100907,Araioses,0,,MA,Maranhão,11973,39024,1790,72.379,31,104.93,43.71,20,0,0,0
2111201,São José de Ribamar,0,Região Metropolitana da Grande São Luís,MA,Maranhão,81056,244426,180,95.158,31,90.4,24.77,516,0,1453,0
2103000,Caxias,0,Região Metropolitana da Zona Leste do Estado do Maranhão,MA,Maranhão,48203,156765,5202,82.482,31,92.41,41.84,184,0,1478,369
2106805,Mirinzal,0,,MA,Maranhão,4531,13965,687,87.744,31,101.33,40.64,11,0,6524,1027
2112233,Trizidela do Vale,0,,MA,Maranhão,7272,22463,292,83.305,31,93.48,40.35,32,0,82,0
2101004,Arari,0,,MA,Maranhão,8966,29444,1100,8.446,31,98.21,42.2,46,0,1784,0
2106300,Magalhães de Almeida,0,,MA,Maranhão,4214,13799,434,76.237,31,102.66,42.86,9,0,0,0
2105989,Lajeado Novo,0,Região Metropolitana do Sudoeste Maranhense,MA,Maranhão,2342,7057,1064,8.363,31,108.42,40.37,175,170,0,0
2108603,Pinheiro,0,,MA,Maranhão,26145,84269,1513,85.914,31,92.99,37.59,117,0,10506,658
2104008,Esperantinópolis,0,,MA,Maranhão,5630,18299,452,78.832,31,98,44.73,10,0,0,0
2109551,Ribamar Fiquene,0,Região Metropolitana do Sudoeste Maranhense,MA,Maranhão,2427,7417,733,83.469,31,104.24,37.97,8,0,0,0
2111250,São José dos Basílios,0,,MA,Maranhão,2108,6942,354,75.315,31,103.36,43.45,2,0,0,0
2112209,Timon,0,"Região Integrada de Desenvolvimento da Grande Teresina, Região Metropolitana da Zona Leste do Estado do Maranhão",MA,Maranhão,54199,173743,1763,88.325,31,93.27,33.05,98,0,423,0
3132107,Itacarambi,0,,MG,Minas Gerais,5336,17120,1225,85.086,31,100.37,48.14,1697,145,247,0
3161106,São Francisco,0,,MG,Minas Gerais,16489,52580,3308,87.492,31,101.4,46.56,146,0,5421,0
3102407,Alvorada de Minas,0,,MG,Minas Gerais,1366,4157,374,86.961,31,102.19,42.94,0,0,80,0
3164209,São Romão,0,,MG,Minas Gerais,2956,10292,2434,89.855,31,104.38,47.06,9,0,483,0
3140852,Matias Cardoso,0,,MG,Minas Gerais,2885,8805,1941,8.055,31,101.34,38.48,38,0,834,188
3108552,Brasilândia de Minas,0,,MG,Minas Gerais,5255,15014,2510,92.774,31,103.94,38.11,12,0,0,0
3146255,Padre Carvalho,0,,MG,Minas Gerais,1637,5058,446,79.903,31,97.04,44.13,0,0,0,0
3102852,Angelândia,0,,MG,Minas Gerais,2607,7716,185,81.353,31,97.09,45.3,4,0,776,0
3112703,Capitão Enéas,0,,MG,Minas Gerais,4573,14084,972,86.927,31,100.34,42.32,12,0,0,0
3122355,Divisa Alegre,0,,MG,Minas Gerais,2173,6313,118,83.472,31,95.15,42.02,1,0,0,0
3157708,Santa Juliana,0,,MG,Minas Gerais,5379,15668,724,93.685,31,104.79,33.67,5,0,0,0
3162104,São Gotardo,0,,MG,Minas Gerais,14386,40751,866,94.588,31,100.98,41.45,28,0,7,0
3164605,São Sebastião do Oeste,0,,MG,Minas Gerais,3095,8790,408,93.183,31,106.25,48.12,0,0,0,0
5007208,Rio Brilhante,0,,MS,Mato Grosso do Sul,13140,37176,3984,93.648,31,101.07,29.46,688,0,226,0
5003207,Corumbá,0,,MS,Mato Grosso do Sul,30096,95184,64432,95.351,31,98.17,38.89,527,134,371,0
5002407,Caarapó,0,,MS,Mato Grosso do Sul,10662,30524,2116,92.014,31,99.41,34.6,5312,4501,0,0
5004502,Itaporã,0,,MS,Mato Grosso do Sul,8358,24123,1343,92.246,31,97.26,40.4,6419,5750,40,35
5007109,Ribas do Rio Pardo,0,,MS,Mato Grosso do Sul,7796,22983,17315,93.514,31,104.92,26.55,141,0,0,0
5006002,Nova Alvorada do Sul,0,,MS,Mato Grosso do Sul,7788,21802,4025,93.607,31,99,24.45,148,0,0,0
5106752,Pontes e Lacerda,0,,MT,Mato Grosso,18304,51712,8545,93.287,31,101.86,29.61,0,0,20,0
5100201,Água Boa,0,,MT,Mato Grosso,10343,28665,7549,94.408,31,109.31,29.96,362,0,7,0
5104542,Itanhangá,0,,MT,Mato Grosso,2552,7490,2910,93.659,31,113.51,27.09,7,0,0,0
5106778,Porto Alegre do Norte,0,,MT,Mato Grosso,4070,12011,3972,91.927,31,107.3,34.07,318,151,3,0
5105580,Marcelândia,0,,MT,Mato Grosso,3830,11365,12285,93.318,31,106.67,30.64,465,402,0,0
5101852,Bom Jesus do Araguaia,0,,MT,Mato Grosso,2474,7230,4267,93.596,31,108.9,28,83,71,0,0
5108857,Nova Marilândia,0,,MT,Mato Grosso,1241,3521,1906,91.976,31,107.47,32.52,29,0,0,0
5106307,Paranatinga,0,,MT,Mato Grosso,9142,26306,24167,93.063,31,113.12,27.95,2002,1893,0,0
5106232,Nova Olímpia,0,,MT,Mato Grosso,5745,16332,1327,89.208,31,106.02,30.7,13,0,0,0
5103361,Conquista D'Oeste,0,,MT,Mato Grosso,1332,3754,2685,91.002,31,100.96,35.65,295,289,0,0
5108303,União do Sul,0,,MT,Mato Grosso,1320,3820,4591,90.778,31,110.07,25.66,2,0,0,0
5105176,Juruena,0,,MT,Mato Grosso,3619,10209,3208,91.169,31,106.95,30.24,43,0,0,0
5103304,Comodoro,0,,MT,Mato Grosso,6428,18150,21485,91.467,31,104.26,30.38,1837,1797,0,0
1502400,Castanhal,0,Região Metropolitana de Belém,PA,Pará,63783,191716,1029,94.126,31,92.74,33.27,144,0,847,0
1502905,Curuçá,0,,PA,Pará,12131,41136,676,93.154,31,101.11,43.07,23,0,0,0
1506351,Santa Bárbara do Pará,0,Região Metropolitana de Belém,PA,Pará,6801,21063,278,91.843,31,98.9,33.33,283,0,350,0
1506906,Santarém Novo,0,,PA,Pará,1961,6098,230,88.284,31,110.1,42.34,4,0,0,0
1502608,Colares,0,,PA,Pará,3995,12851,384,9.221,31,100.37,40.03,55,0,598,165
1507474,São João de Pirabas,0,,PA,Pará,6553,20670,668,83.788,31,106.25,40.6,4,0,0,0
1505551,Pau D'Arco,0,,PA,Pará,2225,6920,1671,83.631,31,105.3,34.87,460,458,0,0
1501501,Benevides,0,Região Metropolitana de Belém,PA,Pará,20497,63381,188,94.441,31,96.7,30.82,67,0,0,0
1501576,Bom Jesus do Tocantins,0,,PA,Pará,5108,17958,2817,87.909,31,124.05,29.89,1130,1110,0,0
1507003,Santo Antônio do Tauá,0,,PA,Pará,8807,27410,538,91.181,31,100.43,36.15,39,0,66,0
1503200,Igarapé-Açu,0,,PA,Pará,11529,35600,786,87.753,31,98.54,40.18,25,0,388,296
1504307,Maracanã,0,,PA,Pará,7716,25856,808,9.065,31,104.83,45.03,16,0,7,0
1507961,Terra Alta,0,,PA,Pará,3355,10393,205,90.767,31,103.8,38.84,2,0,0,0
2511608,Pilões,0,Região Metropolitana de Guarabira,PB,Paraíba,2084,6813,66,71.484,31,97.65,44.98,2,0,0,0
2513158,Santa Cecília,0,Região Metropolitana de Campina Grande,PB,Paraíba,2622,7664,218,74.375,31,102.37,46.29,3,0,0,0
2512788,Riacho de Santo Antônio,0,,PB,Paraíba,657,1946,94,78.975,31,103.01,39.72,0,0,0,0
2506707,Imaculada,0,,PB,Paraíba,3408,10378,318,78.722,31,101.75,45.37,18,0,0,0
2515401,São Vicente do Seridó,0,,PB,Paraíba,3405,10290,263,82.345,31,100.1,45.7,0,0,0,0
2516706,Teixeira,0,Região Metropolitana de Patos,PB,Paraíba,5027,14589,155,83.017,31,94.17,43.33,64,0,71,0
2500577,Algodão de Jandaíra,0,Região Metropolitana de Esperança,PB,Paraíba,968,2929,223,70.372,31,104.93,41.69,7,0,0,0
2509396,Maturéia,0,Região Metropolitana de Patos,PB,Paraíba,2305,6429,83,7.983,31,91.92,42.36,0,0,11,0
2507705,Juazeirinho,0,,PB,Paraíba,5410,16999,475,82.339,31,97.07,39.24,3,0,0,0
2508901,Mamanguape,0,Região Metropolitana do Vale do Mamanguape,PB,Paraíba,14486,44549,337,78.527,31,95.15,38.91,445,0,0,0
2504603,Conde,0,Região Metropolitana de João Pessoa,PB,Paraíba,8966,27433,171,84.092,31,97.28,31.43,548,0,3008,0
2511707,Pilõezinhos,0,Região Metropolitana de Guarabira,PB,Paraíba,1737,5329,41,73.277,31,95.34,43.91,0,0,0,0
2508604,Lucena,0,Região Metropolitana de João Pessoa,PB,Paraíba,3928,12551,94,82.595,31,97.64,35.27,88,0,0,0
2504900,Cruz do Espírito Santo,0,Região Metropolitana de João Pessoa,PB,Paraíba,5362,17089,193,73.757,31,98.64,36.23,2,0,0,0
2601607,Belém do São Francisco,0,,PE,Pernambuco,5621,18282,1831,82.931,31,97.7,42.46,1078,56,48,0
2612208,Salgueiro,0,,PE,Pernambuco,20397,61956,1679,88.025,31,93.4,38.61,3519,269,1667,1284
2608206,Joaquim Nabuco,0,,PE,Pernambuco,4378,13266,123,7.831,31,95.45,34.75,19,0,0,0
2608008,Jataúba,0,,PE,Pernambuco,5766,15802,715,74.656,31,97.25,47.79,14,0,0,0
2608305,Jupi,0,,PE,Pernambuco,5313,15323,105,78.289,31,95.37,42.66,26,0,90,0
2601409,Barreiros,0,,PE,Pernambuco,13356,40068,233,81.445,31,91.49,35.33,19,0,0,0
2616506,Xexéu,0,,PE,Pernambuco,3951,11610,111,74.166,31,95.37,35.31,6,0,0,0
2602407,Brejão,0,,PE,Pernambuco,3049,9071,160,75.992,31,95.16,42.63,22,0,1590,0
2606507,Iati,0,,PE,Pernambuco,5674,17157,635,7.026,31,97.34,45.32,24,0,1052,0
2613206,São João,0,,PE,Pernambuco,7923,23826,259,77.387,31,95.96,41.87,5,0,23,0
2600401,Água Preta,0,,PE,Pernambuco,8781,26417,532,76.616,31,93.64,39.13,2,0,0,0
2604403,Chã de Alegria,0,,PE,Pernambuco,4384,12983,49,81.283,31,94.28,38.39,0,0,25,0
2603009,Cabrobó,0,,PE,Pernambuco,9997,30264,1659,83.025,31,93.46,37.36,6231,2856,1204,856
2611507,Quipapá,0,,PE,Pernambuco,6123,17921,231,72.039,31,94.85,45.05,12,0,7,0
2601300,Barra de Guabiraba,0,,PE,Pernambuco,4052,12248,119,74.958,31,100.57,39.45,0,0,0,0
2602001,Bodocó,0,,PE,Pernambuco,11130,34441,1622,76.976,31,99.25,43.24,14,0,0,0
2602605,Brejo da Madre de Deus,0,,PE,Pernambuco,17173,48591,762,77.196,31,96.31,38.02,17,0,0,0
2607950,Jaqueira,0,,PE,Pernambuco,3262,10240,87,77.156,31,93.56,39.22,1,0,0,0
2604304,Cedro,0,,PE,Pernambuco,3403,10517,149,83.093,31,99.09,42.54,13,0,0,0
2604700,Correntes,0,,PE,Pernambuco,5159,17092,318,76.291,31,100.39,45.4,23,0,0,0
2205409,Joaquim Pires,0,,PI,Piauí,4270,13877,741,73.314,31,104.84,43.1,3,0,0,0
2205458,Joca Marques,0,,PI,Piauí,1629,5394,169,69.181,31,100,43.36,1,0,0,0
2210706,Simões,0,,PI,Piauí,4566,14335,1076,76.775,31,99.83,43.16,0,0,753,0
2203107,Cristino Castro,0,,PI,Piauí,3298,10487,1846,82.023,31,100.59,42.27,4,0,0,0
2209450,Santo Antônio dos Milagres,0,,PI,Piauí,606,2137,34,7.804,31,97.6,43.73,0,0,0,0
2203230,Currais,0,,PI,Piauí,1450,4839,3157,79.393,31,111.69,45.48,327,0,0,0
2211100,União,0,Região Integrada de Desenvolvimento da Grande Teresina,PI,Piauí,14050,46097,1171,7.702,31,98.81,47.07,27,0,0,0
2201739,Betânia do Piauí,0,,PI,Piauí,2048,6219,580,71.356,31,103.6,40.25,34,0,569,0
2202505,Caracol,0,,PI,Piauí,3322,10307,1611,70.487,31,103.51,39.09,1,0,0,0
2200459,Alvorada do Gurguéia,0,,PI,Piauí,1670,5322,2132,82.521,31,105.24,40.95,5,0,0,0
2209757,São Gonçalo do Gurguéia,0,,PI,Piauí,929,2947,1385,82.111,31,106.81,43.63,0,0,0,0
2202703,Cocal,0,,PI,Piauí,8943,28200,1294,73.289,31,102.99,43.96,1,0,0,0
4104659,Carambeí,0,,PR,Paraná,7903,23240,650,96.547,31,99.82,31.74,7,0,0,0
4100400,Almirante Tamandaré,0,Região Metropolitana de Curitiba,PR,Paraná,40796,119406,194,96.483,31,97.09,31.6,68,0,0,0
4119301,Pinhão,0,,PR,Paraná,10423,29832,2002,91.017,31,99.81,38.93,25,0,40,0
4121752,Reserva do Iguaçu,0,,PR,Paraná,2249,6543,834,90.603,31,101.88,34.75,22,0,360,148
4104105,Campo do Tenente,0,Região Metropolitana de Curitiba,PR,Paraná,2460,7499,304,94.399,31,101.77,38.94,1,0,0,0
4119509,Piraquara,0,Região Metropolitana de Curitiba,PR,Paraná,38035,111964,227,95.997,31,105.56,29.13,355,0,0,0
4110078,Imbaú,0,,PR,Paraná,4751,14238,331,90.973,31,100.86,40.81,15,0,0,0
4117057,Nova Laranjeiras,0,,PR,Paraná,4011,12047,1210,92.104,31,103.57,43.05,2867,2779,0,0
2402600,Ceará-Mirim,0,Região Metropolitana de Natal,RN,Rio Grande do Norte,24896,77849,725,8.402,31,98.56,39.41,1061,0,2071,0
2412559,São Miguel do Gostoso,0,,RN,Rio Grande do Norte,3210,10196,431,80.874,31,103.32,35.84,16,0,138,0
2408953,Rio do Fogo,0,,RN,Rio Grande do Norte,3128,10297,151,80.878,31,100.02,39.21,62,0,0,0
2406205,Lagoa d'Anta,0,,RN,Rio Grande do Norte,2195,6644,106,75.621,31,102,40.41,4,0,0,0
2407500,Maxaranguape,0,Região Metropolitana de Natal,RN,Rio Grande do Norte,3208,10218,132,81.588,31,100.8,42.01,6,0,0,0
2404507,Guamaré,0,,RN,Rio Grande do Norte,4911,15256,258,83.964,31,96.39,29.99,4,0,0,0
2406601,Lagoa Salgada,0,,RN,Rio Grande do Norte,2825,8305,79,74.911,31,99.02,44.26,4,0,0,0
2414407,Touros,0,,RN,Rio Grande do Norte,10430,33011,754,77.919,31,102.26,38.94,49,0,1302,0
2410900,Riachuelo,0,,RN,Rio Grande do Norte,2345,7375,263,79.504,31,100.9,49.5,6,0,0,0
2401453,Baraúna,0,,RN,Rio Grande do Norte,8870,26860,826,79.423,31,100.8,35.05,24,0,189,0
2408201,Nísia Floresta,0,Região Metropolitana de Natal,RN,Rio Grande do Norte,9842,29449,308,85.912,31,116.41,38.76,60,0,0,0
2403608,Extremoz,0,Região Metropolitana de Natal,RN,Rio Grande do Norte,20471,61565,141,91.384,31,95.18,24.72,109,0,0,0
2407807,Monte Alegre,0,Região Metropolitana de Natal,RN,Rio Grande do Norte,7736,23018,211,79.381,31,97.52,44.1,33,0,31,0
2405108,Jandaíra,0,,RN,Rio Grande do Norte,2092,6562,443,77.202,31,101.85,40.34,4,0,0,0
1100205,Porto Velho,1,Região Metropolitana de Porto Velho,RO,Rondônia,151905,457093,34091,95.641,31,96.76,29.54,4081,771,94,0
1101492,São Francisco do Guaporé,0,,RO,Rondônia,5799,16250,10949,91.855,31,103.24,29.6,670,203,246,129
1100452,Buritis,0,,RO,Rondônia,9905,27827,3266,92.461,31,103.22,33.34,47,0,0,0
4213351,Ponte Alta do Norte,0,Região Metropolitana de Lages,SC,Santa Catarina,1063,3205,397,92.734,31,102.27,36.82,0,0,0,0
4209151,José Boiteux,0,Região Metropolitana do Alto Vale do Itajaí,SC,Santa Catarina,1878,5984,406,96.198,31,104.48,41.16,1433,1268,102,0
4215455,Sangão,0,Região Metropolitana de Tubarão,SC,Santa Catarina,4251,12854,83,96.367,31,101.98,31.48,0,0,0,0
4205456,Forquilhinha,0,Região Metropolitana Carbonífera,SC,Santa Catarina,10857,31336,183,97.125,31,99.96,32.77,14,0,0,0
4209706,Lebon Régis,0,Região Metropolitana do Contestado,SC,Santa Catarina,3874,11449,942,91.953,31,103.55,39.25,1,0,0,0
2802205,Feira Nova,0,,SE,Sergipe,2120,5969,183,76.707,31,95.13,40.52,10,0,0,0
2803203,Itaporanga d'Ajuda,0,,SE,Sergipe,12179,34351,740,82.221,31,95.52,36.77,60,0,0,0
2801306,Capela,0,,SE,Sergipe,10837,31581,442,79.759,31,93.11,38.81,29,0,1231,679
2805604,Porto da Folha,0,,SE,Sergipe,9167,26521,878,77.662,31,101.9,39.89,432,329,587,426
2806503,Santa Rosa de Lima,0,,SE,Sergipe,1365,3916,68,78.688,31,101.59,39.83,12,0,0,0
2804508,Nossa Senhora da Glória,0,,SE,Sergipe,14291,40769,758,80.751,31,95.13,36.49,30,0,0,0
2803609,Laranjeiras,0,,SE,Sergipe,7833,23972,162,87.086,31,91.95,30.44,30,0,3316,2535
2803401,Japoatã,0,,SE,Sergipe,4575,13397,402,76.939,31,101.7,37.31,13,0,572,572
2801108,Canhoba,0,,SE,Sergipe,1268,3785,172,7.603,31,106.71,42.04,1,0,510,498
2803807,Malhada dos Bois,0,,SE,Sergipe,1197,3573,63,82.813,31,99.5,33.33,10,0,181,0
2806107,Rosário do Catete,0,,SE,Sergipe,3148,9275,103,86.968,31,87.89,31.7,6,0,0,0
2804003,Maruim,0,,SE,Sergipe,5251,15717,96,87.278,31,92.47,32.78,33,0,12,0
2807204,Siriri,0,,SE,Sergipe,2708,7827,168,82.211,31,96.39,39.53,56,0,446,0
2807303,Telha,0,,SE,Sergipe,1117,3274,48,78.594,31,95.58,35.32,14,0,0,0
2800506,Areia Branca,0,,SE,Sergipe,6149,17294,148,81.198,31,101.82,37.88,26,0,3,0
3516309,Francisco Morato,0,Região Metropolitana de São Paulo,SP,São Paulo,57668,164967,49,94.876,31,95.7,35.1,140,0,0,0
3532827,Nova Campina,0,,SP,São Paulo,2920,8492,385,92.229,31,99.51,36.96,5,0,0,0
3515152,Engenheiro Coelho,0,Região Metropolitana de Campinas,SP,São Paulo,6884,19438,110,94.255,31,100.64,38.56,17,0,0,0
3540853,Pracinha,0,,SP,São Paulo,541,1427,63,95.974,31,250.27,90.95,0,0,0,0
1703826,Cachoeirinha,0,,TO,Tocantins,638,1961,352,85.246,31,114.08,41.45,44,31,0,0
1703057,Bandeirantes do Tocantins,0,,TO,Tocantins,1161,3397,1541,88.859,31,110.83,33.83,4,0,0,0
1707009,Dianópolis,0,,TO,Tocantins,5817,17679,3318,89.828,31,101.05,37.07,7,0,48,29
1714880,Nova Olinda,0,,TO,Tocantins,3517,10352,1568,87.664,31,108.05,42.39,1,0,0,0
1715101,Novo Acordo,0,,TO,Tocantins,1330,3956,2678,90.528,31,102.09,39.68,20,0,32,28
1718204,Porto Nacional,0,Região Metropolitana de Palmas,TO,Tocantins,21365,64233,4435,93.536,31,98.45,34.53,171,0,104,0
1702158,Araguanã,0,,TO,Tocantins,1468,4300,835,87.331,31,104.36,38.28,5,0,0,0
2704401,Major Isidoro,0,,AL,Alagoas,5880,17684,443,72.452,32,94.48,47.34,11,0,402,0
2704708,Marechal Deodoro,0,Região Metropolitana de Maceió,AL,Alagoas,19623,60268,341,86.528,32,93.8,33.58,138,0,0,0
2704609,Maravilha,0,,AL,Alagoas,3205,9533,332,72.134,32,98.38,44.29,8,0,10,0
2702009,Coité do Nóia,0,Região Metropolitana do Agreste,AL,Alagoas,3609,10802,89,71.666,32,98.93,46.63,0,0,380,0
2703908,Jundiá,0,,AL,Alagoas,1367,4088,89,72.304,32,100.2,38.52,4,0,0,0
2703502,Jacuípe,0,,AL,Alagoas,1751,5322,209,75.875,32,100.22,37.37,9,0,0,0
2706703,Penedo,0,,AL,Alagoas,19611,58554,688,82.047,32,91.26,40.73,176,0,5277,0
2701506,Campo Grande,0,Região Metropolitana do Agreste,AL,Alagoas,2655,8140,170,67.422,32,98.03,47.13,11,11,0,0
2701209,Cacimbinhas,0,,AL,Alagoas,3581,10473,282,70.029,32,95.16,45.47,17,0,873,0
2702207,Coqueiro Seco,0,Região Metropolitana de Maceió,AL,Alagoas,1859,5571,40,81.464,32,96.38,42.08,2,0,0,0
2700300,Arapiraca,0,Região Metropolitana do Agreste,AL,Alagoas,77704,233950,346,84.744,32,89.62,39.16,457,0,2128,0
2704005,Junqueiro,0,Região Metropolitana do Agreste,AL,Alagoas,8022,23868,248,74.903,32,94.68,46.38,53,0,0,0
2703205,Igreja Nova,0,,AL,Alagoas,7097,21371,427,72.016,32,98.05,43.05,10,0,1809,0
2708204,São Brás,0,Região Metropolitana do Agreste,AL,Alagoas,2129,6555,139,74.661,32,93.88,43.78,97,15,14,0
2901155,América Dourada,0,,BA,Bahia,5148,15088,822,82.511,32,101.64,45.59,315,0,4698,0
2915353,Itaguaçu da Bahia,0,,BA,Bahia,4088,12282,4310,80.955,32,104.88,42.99,47,0,1959,0
2929909,Seabra,0,,BA,Bahia,15891,46112,2402,89.172,32,95.07,47.59,120,0,4307,808
2925253,Ponto Novo,0,,BA,Bahia,6302,17928,530,80.751,32,97.69,48.38,126,0,1521,0
2902807,Barra da Estiva,0,,BA,Bahia,8633,25948,1657,86.269,32,101.81,42.3,64,0,503,0
2922003,Mucuri,0,,BA,Bahia,13376,37876,1788,87.212,32,98.09,35.7,504,0,32,0
2905305,Cafarnaum,0,,BA,Bahia,5814,17460,644,83.578,32,102.13,42.22,6,0,1424,0
2914604,Irecê,0,,BA,Bahia,25983,74348,319,91.692,32,92.15,37.52,662,0,2427,0
2927705,Santa Cruz Cabrália,0,,BA,Bahia,10434,28741,1463,8.881,32,98.35,36.07,7056,2650,2,0
2901700,Antônio Cardoso,0,Área de Expansão Metropolitana,BA,Bahia,3438,11144,294,79.402,32,94.45,50.35,149,0,3756,0
2916856,Itatim,0,,BA,Bahia,5542,15698,548,83.354,32,95.32,41.92,23,0,474,0
2902104,Araci,0,,BA,Bahia,16939,48235,1496,73.158,32,99.56,50.24,607,0,0,0
2916500,Itapicuru,0,,BA,Bahia,11341,31634,1558,71.182,32,102.49,47.62,77,0,76,0
2915007,Itaeté,0,,BA,Bahia,4536,13455,1332,78.986,32,100.03,50.57,77,0,1115,0
2923001,Nova Viçosa,0,,BA,Bahia,13677,39418,1316,86.528,32,96.43,40.25,744,0,2709,0
2931202,Taperoá,0,,BA,Bahia,6308,18003,454,80.532,32,99.36,39.8,44,0,2170,412
2932804,Utinga,0,,BA,Bahia,5926,16253,634,83.336,32,98.28,47.55,91,0,122,0
2913200,Ibotirama,0,,BA,Bahia,9147,26265,1740,86.818,32,96.07,44.42,1108,367,463,0
2906006,Campo Formoso,0,,BA,Bahia,24287,71265,7162,81.533,32,98.92,45.68,224,0,12722,0
2920452,Mansidão,0,,BA,Bahia,3572,13871,3130,88.602,32,105.96,46.79,55,0,721,0
2933505,Wenceslau Guimarães,0,,BA,Bahia,8317,24421,655,75.066,32,102.85,36.98,149,0,3693,0
2923704,Paratinga,0,,BA,Bahia,9008,29249,2625,81.316,32,100.93,45.98,93,0,5474,0
2924678,Piraí do Norte,0,,BA,Bahia,3218,10940,193,81.495,32,105.16,36.38,8,0,0,0
2905503,Caldeirão Grande,0,,BA,Bahia,4290,13073,458,78.886,32,97.61,51.19,51,0,892,0
2907905,Cipó,0,,BA,Bahia,5711,17221,168,81.779,32,95.17,43.54,194,0,1976,0
2928406,Santa Rita de Cássia,0,,BA,Bahia,9133,27339,6030,83.933,32,104.63,48.06,0,0,227,0
2923506,Palmeiras,0,,BA,Bahia,3592,10276,737,91.148,32,97.54,47.32,129,0,976,0
2928802,Santo Estêvão,0,,BA,Bahia,17409,52213,360,84.872,32,90.22,43.68,147,0,105,0
2917334,Iuiú,0,,BA,Bahia,3501,11103,1525,80.027,32,101.85,45.55,1,0,0,0
2922656,Nordestina,0,,BA,Bahia,5719,18350,465,78.463,32,100.79,43.66,11,0,2751,0
2906808,Cansanção,0,,BA,Bahia,12743,37402,1352,79.806,32,101.13,51.27,115,0,1751,0
2913457,Igrapiúna,0,,BA,Bahia,4484,13134,591,80.611,32,106.1,39.06,39,0,867,0
2909208,Coronel João Sá,0,,BA,Bahia,6026,17047,797,68.298,32,105.17,49.25,1,0,0,0
2923902,Pau Brasil,0,,BA,Bahia,3294,9357,626,82.169,32,102.55,47.09,3236,1789,0,0
2905909,Campo Alegre de Lourdes,0,,BA,Bahia,10093,30624,2915,79.355,32,102.45,45.55,76,0,2,0
2902906,Barra do Choça,0,,BA,Bahia,12260,36493,766,77.711,32,97.03,45.06,153,0,0,0
2302800,Canindé,0,,CE,Ceará,25279,74036,3032,80.761,32,97.25,51.2,572,0,123,0
2301950,Barreira,0,,CE,Ceará,7572,22385,260,79.954,32,97.77,45.73,9,0,0,0
2303709,Caucaia,0,Região Metropolitana de Fortaleza,CE,Ceará,120668,354944,1223,91.579,32,93.19,33.08,17620,5790,2615,262
2309102,Mulungu,0,,CE,Ceará,3332,10568,98,84.495,32,99.15,50.43,11,0,0,0
2304251,Cruz,0,,CE,Ceará,10352,29711,336,84.757,32,97.38,41.59,28,0,0,0
2311405,Quixeramobim,0,,CE,Ceará,28609,82027,3325,82.227,32,96.96,52.26,69,0,145,0
2312106,Santana do Cariri,0,Região Metropolitana do Cariri,CE,Ceará,5630,16938,855,77.195,32,101.07,49.23,5,0,0,0
2307106,Jardim,0,Região Metropolitana do Cariri,CE,Ceará,8745,27407,545,7.899,32,95.6,52.25,121,0,640,0
2306306,Itapagé,0,,CE,Ceará,15629,46412,432,81.662,32,96.26,42.59,18,0,0,0
2303006,Caridade,0,,CE,Ceará,5354,16369,926,77.471,32,99.87,47.42,11,0,0,0
2302602,Camocim,0,,CE,Ceará,20367,62273,1120,8.103,32,94.62,41.59,48,0,0,0
2302107,Baturité,0,,CE,Ceará,11850,35187,314,83.615,32,96.74,48.06,204,0,488,0
2301406,Aratuba,0,,CE,Ceará,3579,11217,120,82.788,32,100.36,50.56,814,0,0,0
2309607,Pacajus,0,Região Metropolitana de Fortaleza,CE,Ceará,24053,70965,250,86.118,32,93.93,39.22,63,0,568,505
2307650,Maracanaú,0,Região Metropolitana de Fortaleza,CE,Ceará,79675,234327,105,92.787,32,92.37,36.22,5103,2437,60,0
2305308,Ibiapina,0,,CE,Ceará,7898,23963,414,80.602,32,98.32,50.37,7,0,0,0
2308203,Meruoca,0,Região Metropolitana de Sobral,CE,Ceará,4824,15142,152,836,32,100.6,51.71,4,0,0,0
2311108,Porteiras,0,,CE,Ceará,5565,17049,225,78.896,32,99.63,54.5,15,0,667,0
2305001,Guaraciaba do Norte,0,,CE,Ceará,13494,41972,625,78.868,32,98.66,49.45,168,0,2,0
2303204,Caririaçu,0,Região Metropolitana do Cariri,CE,Ceará,8814,26303,634,76.887,32,95.89,52.4,21,0,0,0
2311306,Quixadá,0,,CE,Ceará,28971,84026,2021,82.595,32,94.63,47.06,28,0,238,160
2310258,Paraipaba,0,Região Metropolitana de Fortaleza,CE,Ceará,10786,32149,289,85.803,32,99.07,43.24,46,0,0,0
2304350,Forquilha,0,Região Metropolitana de Sobral,CE,Ceará,8102,24162,569,81.897,32,98.03,47.09,7,0,0,0
2303931,Choró,0,,CE,Ceará,3997,12110,815,75.016,32,103.51,51.74,0,0,0,0
2312908,Sobral,0,Região Metropolitana de Sobral,CE,Ceará,68018,201456,2068,87.121,32,93.17,40.35,111,0,50,0
2307635,Madalena,0,,CE,Ceará,5603,16874,998,79.087,32,101,53.33,4,0,0,0
2303402,Carnaubal,0,,CE,Ceará,5722,17207,363,78.468,32,98.34,48.92,866,0,609,0
2308104,Mauriti,0,,CE,Ceará,14873,45515,1079,75.849,32,98.11,48.47,10,0,54,0
3203056,Jaguaré,0,,ES,Espírito Santo,10251,28913,660,90.075,32,99.59,37.77,68,0,225,0
5200605,Alto Paraíso de Goiás,0,Região Integrada de Desenvolvimento do Distrito Federal e Entorno,GO,Goiás,3626,10013,2595,94.049,32,98.96,30.2,148,0,443,0
5221403,Trindade,0,Região Metropolitana de Goiânia,GO,Goiás,50654,141568,713,94.136,32,95.21,36.11,518,0,319,0
5200555,Alto Horizonte,0,,GO,Goiás,2161,6052,500,93.721,32,100.79,32.92,6,0,2,0
5201405,Aparecida de Goiânia,0,Região Metropolitana de Goiânia,GO,Goiás,186221,522397,280,96.326,32,96.21,31.9,1068,0,773,0
5215603,Padre Bernardo,0,Região Integrada de Desenvolvimento do Distrito Federal e Entorno,GO,Goiás,12087,34693,3143,9.041,32,101.04,39.65,152,0,205,0
5205307,Cavalcante,0,Região Integrada de Desenvolvimento do Distrito Federal e Entorno,GO,Goiás,3485,9548,6949,84.235,32,105.86,40.92,81,0,5448,1960
5209903,Iaciara,0,,GO,Goiás,3557,10564,1547,87.717,32,102.37,42.3,97,0,234,66
5218052,Porteirão,0,,GO,Goiás,1482,4066,606,90.118,32,106.39,32.94,0,0,0,0
5222054,Vicentinópolis,0,,GO,Goiás,3144,8665,734,90.866,32,105.29,38.15,25,0,0,0
5218300,Posse,0,,GO,Goiás,11972,34764,2077,90.615,32,99.22,32.54,36,0,232,191
5218805,Rio Verde,0,,GO,Goiás,80451,224756,8374,95.327,32,100.45,33.34,298,0,0,0
5213756,Montividiu,0,,GO,Goiás,4424,12424,1870,92.203,32,103.59,32.89,83,0,0,0
5208004,Formosa,0,Região Integrada de Desenvolvimento do Distrito Federal e Entorno,GO,Goiás,40745,114798,5804,94.292,32,97.64,34.93,535,0,102,0
2111003,São João Batista,0,,MA,Maranhão,5903,18536,650,81.738,32,99.68,46.81,15,0,5179,0
2101806,Benedito Leite,0,,MA,Maranhão,1756,5449,1785,78.439,32,105.68,47.04,14,0,0,0
2101509,Barão de Grajaú,0,,MA,Maranhão,6226,18957,2209,83.475,32,98.95,45.1,32,0,3,0
2111953,Sucupira do Riachão,0,,MA,Maranhão,1566,4985,862,76.194,32,103.8,51.13,0,0,0,0
2100709,Anajatuba,0,,MA,Maranhão,8159,25312,940,78.023,32,103.47,44.48,19,0,6910,1274
2110906,São Francisco do Maranhão,0,,MA,Maranhão,3808,12063,2284,74.844,32,102.79,51.69,22,0,0,0
2113009,Vitorino Freire,0,,MA,Maranhão,9768,30813,1193,76.603,32,98.33,43.96,17,0,0,0
2106003,Lima Campos,0,,MA,Maranhão,3659,11295,322,78.293,32,95.42,47.7,13,0,1616,0
2107704,Paraibano,0,,MA,Maranhão,5883,18261,531,76.381,32,97.13,45.19,4,0,0,0
2102804,Carolina,0,Região Metropolitana do Sudoeste Maranhense,MA,Maranhão,7811,23896,6268,87.746,32,103.64,46.46,68,0,0,0
2111706,São Vicente Ferrer,0,,MA,Maranhão,6243,19474,394,78.724,32,100.66,43.32,22,0,9247,153
2101939,Bernardo do Mearim,0,,MA,Maranhão,1803,5840,247,82.328,32,99.79,45.29,4,0,0,0
2111052,São João do Paraíso,0,Região Metropolitana do Sudoeste Maranhense,MA,Maranhão,3207,9904,2052,86.646,32,107.63,42.82,1,0,0,0
3171204,Vespasiano,0,Região Metropolitana de Belo Horizonte,MG,Minas Gerais,45984,128987,71,96.422,32,93.72,35.26,112,0,0,0
3120870,Curral de Dentro,0,,MG,Minas Gerais,2441,7401,571,82.657,32,101.3,51.7,2,0,0,0
3143153,Monte Formoso,0,,MG,Minas Gerais,1454,4381,386,79.844,32,109.82,59.91,0,0,8,0
3111408,Campo Florido,0,,MG,Minas Gerais,3032,8436,1264,92.526,32,107.2,38.87,13,0,0,0
3170750,Varjão de Minas,0,,MG,Minas Gerais,2478,6956,652,94.099,32,107.78,36.99,58,0,79,0
3112307,Capelinha,0,,MG,Minas Gerais,14149,39460,965,87.502,32,97.62,41.39,23,0,2056,0
3165578,Senador Amaral,0,,MG,Minas Gerais,2091,6194,151,92.466,32,107,36.94,2,0,0,0
3149705,Perdigão,0,,MG,Minas Gerais,4467,12245,249,93.878,32,101.02,41.42,7,0,19,0
3148756,Pedra Bonita,0,,MG,Minas Gerais,2365,7319,174,88.844,32,106.43,42.76,0,0,2,0
3154507,Riacho dos Machados,0,,MG,Minas Gerais,2761,8754,1316,84.399,32,101.8,52.18,7,0,497,0
3166808,Serra do Salitre,0,,MG,Minas Gerais,4018,11770,1295,94.445,32,101.11,35.75,2,0,33,0
3126208,Formoso,0,,MG,Minas Gerais,2737,7903,3686,85.679,32,111.58,44.95,3,0,0,0
3132305,Itaipé,0,,MG,Minas Gerais,3497,10426,481,7.976,32,95.31,44.42,17,0,9,0
3123700,Engenheiro Caldas,0,,MG,Minas Gerais,4718,13602,187,87.901,32,91.51,39.18,3,0,0,0
3147006,Paracatu,0,,MG,Minas Gerais,32736,93466,8231,95.244,32,98.04,40.75,109,0,2833,334
3136579,Josenópolis,0,,MG,Minas Gerais,1232,3621,541,81.691,32,104.85,50.26,0,0,0,0
3170008,Ubaí,0,,MG,Minas Gerais,3598,11694,821,87.042,32,101.86,53.99,0,0,724,0
3101003,Águas Vermelhas,0,,MG,Minas Gerais,4185,14031,1257,81.432,32,103.49,53.29,5,0,0,0
3140902,Matipó,0,,MG,Minas Gerais,6209,18482,267,87.974,32,97.38,47.2,20,0,0,0
3166501,Serra Azul de Minas,0,,MG,Minas Gerais,1251,3792,219,7.769,32,96.07,58.83,2,0,28,0
3162559,São João do Manhuaçu,0,,MG,Minas Gerais,3922,11239,143,9.098,32,102.16,39.25,1,0,7,0
3157658,Santa Helena de Minas,0,,MG,Minas Gerais,1925,5938,276,79.147,32,98,47.03,1239,1206,510,0
3125101,Extrema,0,,MG,Minas Gerais,18330,53188,245,96.384,32,100.95,45.16,57,0,0,0
3162922,São Joaquim de Bicas,0,Região Metropolitana de Belo Horizonte,MG,Minas Gerais,10617,31236,72,93.478,32,114.19,39.98,352,0,0,0
5003702,Dourados,0,,MS,Mato Grosso do Sul,85947,241107,4062,95.969,32,96.86,40.49,11816,8104,29,0
5007901,Sidrolândia,0,,MS,Mato Grosso do Sul,16548,47024,5266,93.724,32,101.36,39.38,3308,1640,0,0
5003488,Dois Irmãos do Buriti,0,,MS,Mato Grosso do Sul,3637,10623,2432,90.446,32,112.16,42.52,2442,2343,0,0
5002100,Bela Vista,0,,MS,Mato Grosso do Sul,7231,21442,4899,92.735,32,100.05,48.5,363,266,0,0
5007935,Sonora,0,,MS,Mato Grosso do Sul,5241,14442,4186,91.809,32,105.17,27.75,10,0,2,0
5003256,Costa Rica,0,,MS,Mato Grosso do Sul,9394,25947,4159,93.351,32,103.02,33.28,24,0,0,0
5005152,Juti,0,,MS,Mato Grosso do Sul,2385,6713,1569,89.235,32,96.81,38.91,759,554,0,0
5005400,Maracaju,0,,MS,Mato Grosso do Sul,15753,44886,5397,95.599,32,102.46,30.64,826,294,125,125
5007695,São Gabriel do Oeste,0,,MS,Mato Grosso do Sul,10670,29456,3850,95.735,32,100.41,33.29,126,0,0,0
5106190,Nova Santa Helena,0,,MT,Mato Grosso,1506,4234,2386,0.91,32,106.78,37.26,7,0,0,0
5104609,Itiquira,0,,MT,Mato Grosso,4293,12194,8699,93.528,32,104.24,32.77,21,0,0,0
5107180,Ribeirão Cascalheira,0,,MT,Mato Grosso,3504,10015,11355,91.649,32,103.37,34.01,940,921,0,0
5104559,Itaúba,0,,MT,Mato Grosso,1741,5003,4522,89.914,32,106.08,34.2,2,0,0,0
5106265,Novo Mundo,0,,MT,Mato Grosso,2225,6488,5801,94.699,32,109.24,33.46,14,0,0,0
5100409,Alto Garças,0,,MT,Mato Grosso,4583,12979,3858,9.413,32,109.54,39.76,13,0,0,0
5106182,Nova Lacerda,0,,MT,Mato Grosso,2360,6622,4780,8.995,32,111.48,29.79,314,306,0,0
5107859,São Félix do Araguaia,0,,MT,Mato Grosso,4639,13106,16682,91.679,32,116.69,35.44,1105,520,0,0
5102694,Canabrava do Norte,0,,MT,Mato Grosso,1567,4461,3449,91.087,32,110.27,37.18,72,14,0,0
5107958,Tangará da Serra,0,,MT,Mato Grosso,38055,105870,11637,94.416,32,98.53,34.16,1785,1501,0,0
5101704,Barra do Bugres,0,,MT,Mato Grosso,10550,29255,5977,90.704,32,103.28,37.43,529,396,208,0
5105101,Juara,0,,MT,Mato Grosso,12121,34685,22633,93.071,32,104.66,33.36,1550,1318,0,0
5107602,Rondonópolis,0,,MT,Mato Grosso,86838,242747,4824,9.544,32,98.92,35.23,1070,561,0,0
5103379,Cotriguaçu,0,,MT,Mato Grosso,3885,10994,9470,91.775,32,109.69,28.25,85,80,0,0
5105150,Juína,0,,MT,Mato Grosso,16708,45594,26397,93.163,32,102.68,37.36,1562,1295,0,0
5104104,Guarantã do Norte,0,,MT,Mato Grosso,10908,30993,4725,94.027,32,101.68,36.87,215,148,0,0
5103502,Diamantino,0,,MT,Mato Grosso,7504,21790,8263,93.617,32,102.67,33.54,80,18,0,0
5108402,Várzea Grande,0,Região Metropolitana do Vale do Rio Cuiabá,MT,Mato Grosso,103287,298978,724,95.519,32,97.02,32.11,459,0,1841,0
1506104,Primavera,0,,PA,Pará,3528,10818,259,86.478,32,102.1,44.62,3,0,3,0
1507466,São João da Ponta,0,,PA,Pará,1456,4426,196,90.833,32,106.72,44.78,1,0,0,0
1502202,Capanema,0,,PA,Pará,23060,70224,621,90.062,32,95.3,40.35,105,0,13,0
1507102,São Caetano de Odivelas,0,,PA,Pará,5177,16651,464,91.007,32,103.42,44.49,6,0,0,0
1506112,Quatipuru,0,,PA,Pará,3649,11520,303,81.625,32,103.03,40.64,12,0,9,0
1506609,Santa Maria do Pará,0,,PA,Pará,8460,24551,458,84.046,32,97.36,39,398,0,123,0
1508209,Vigia,0,,PA,Pará,15791,50779,402,91.595,32,102.22,39.88,28,0,20,0
1502707,Conceição do Araguaia,0,,PA,Pará,15172,44534,5829,89.502,32,101.64,45.31,107,0,0,0
1504109,Magalhães Barata,0,,PA,Pará,2495,8075,324,91.895,32,104.72,44.69,1,0,287,0
1506161,Rio Maria,0,,PA,Pará,6503,18370,4115,87.816,32,102.85,38.73,36,0,0,0
1506187,Rondon do Pará,0,,PA,Pará,15285,52884,8246,8.954,32,106.08,33.57,109,66,0,0
2507903,Juripiranga,0,Região Metropolitana de Itabaiana,PB,Paraíba,3316,9999,79,72.904,32,96.04,47.93,3,0,0,0
2514453,São José dos Ramos,0,Região Metropolitana de Itabaiana,PB,Paraíba,1956,5877,101,69.281,32,102.16,44.93,12,0,0,0
2501351,Assunção,0,,PB,Paraíba,1395,4143,132,81.007,32,98.66,44.77,8,0,0,0
2513703,Santa Rita,0,Região Metropolitana de João Pessoa,PB,Paraíba,49517,149240,719,85.624,32,92.61,35.06,322,0,0,0
2505709,Dona Inês,0,Região Metropolitana de Araruna,PB,Paraíba,3581,10340,174,71.882,32,100.54,54.47,7,0,796,0
2512408,Puxinanã,0,Região Metropolitana de Campina Grande,PB,Paraíba,4802,14213,71,85.248,32,98.98,47.09,0,0,0,0
2509008,Manaíra,0,,PB,Paraíba,3577,10434,352,7.337,32,100.23,48.38,0,0,217,161
2500403,Alagoa Nova,0,Região Metropolitana de Esperança,PB,Paraíba,6993,20972,128,78.214,32,97.27,46.59,10,0,0,0
2505204,Cuitegi,0,Região Metropolitana de Guarabira,PB,Paraíba,2198,6730,42,75.704,32,97.71,45.41,6,0,0,0
2502052,Bernardino Batista,0,Região Metropolitana de Cajazeiras,PB,Paraíba,1124,3504,57,75.633,32,96.52,47.32,0,0,0,0
2507101,Itapororoca,0,Região Metropolitana do Vale do Mamanguape,PB,Paraíba,6058,18376,146,72.787,32,99.93,49.36,29,0,0,0
2500502,Alagoinha,0,Região Metropolitana de Guarabira,PB,Paraíba,4425,13700,111,73.455,32,96.38,46.77,7,0,0,0
2502409,Bonito de Santa Fé,0,Região Metropolitana de Cajazeiras,PB,Paraíba,3349,10237,227,79.429,32,99.34,47.6,8,0,0,0
2512002,Pocinhos,0,Região Metropolitana de Esperança,PB,Paraíba,5759,17463,624,81.486,32,99.51,50.68,11,0,0,0
2509339,Matinhas,0,Região Metropolitana de Campina Grande,PB,Paraíba,1488,4571,37,76.535,32,101.37,43.65,1,0,14,14
2512507,Queimadas,0,Região Metropolitana de Campina Grande,PB,Paraíba,16565,47617,403,842,32,97.37,46.97,20,0,0,0
2513505,Santana de Mangueira,0,Região Metropolitana do Vale do Piancó,PB,Paraíba,1616,5003,405,72.856,32,101.2,57.75,0,0,0,0
2500536,Alcantil,0,Região Metropolitana de Campina Grande,PB,Paraíba,1999,5574,310,80.219,32,100.22,46.47,0,0,0,0
2606101,Glória do Goitá,0,,PE,Pernambuco,10182,29339,235,77.897,32,95.18,45.1,36,0,105,0
2601706,Belo Jardim,0,,PE,Pernambuco,29197,79394,647,82.073,32,92.53,45.44,99,0,20,0
2614006,Serrita,0,,PE,Pernambuco,5578,18207,1535,79.369,32,100.43,48.85,8,0,0,0
2615102,Terezinha,0,,PE,Pernambuco,2153,6505,151,7.201,32,98.87,49.09,8,0,14,0
2616001,Venturosa,0,,PE,Pernambuco,5797,17228,336,80.083,32,95.17,45.41,0,0,37,0
2608800,Lajedo,0,,PE,Pernambuco,13932,39464,189,81.947,32,91.08,47.52,36,0,166,0
2615003,Taquaritinga do Norte,0,,PE,Pernambuco,8905,24673,475,83.692,32,95.54,45.93,29,0,0,0
2616100,Verdejante,0,,PE,Pernambuco,2958,9164,476,81.078,32,97.52,51.97,26,0,3,0
2605301,Exu,0,,PE,Pernambuco,10157,31822,1337,79.081,32,96.88,49.76,22,0,122,0
2602308,Bonito,0,,PE,Pernambuco,13257,37445,393,78.791,32,95.29,46.43,22,0,0,0
2612455,Santa Cruz,0,,PE,Pernambuco,4366,13835,1246,79.103,32,103.75,53.11,8,0,0,0
2604205,Catende,0,,PE,Pernambuco,10858,32063,209,78.703,32,91.9,43.98,36,0,0,0
2608255,Jucati,0,,PE,Pernambuco,3812,11513,121,77.061,32,97.45,47.3,4,0,111,0
2611408,Primavera,0,,PE,Pernambuco,4490,13825,113,81.133,32,99.6,38.01,1,0,0,0
2610806,Pedra,0,,PE,Pernambuco,7725,22775,923,7.558,32,102.75,45.24,0,0,27,0
2607802,Itaquitinga,0,,PE,Pernambuco,5143,15476,163,78.351,32,112.97,38.86,8,0,0,0
2613107,São Caitano,0,,PE,Pernambuco,13465,37043,382,77.063,32,94.63,46.51,66,0,371,0
2616209,Vertentes,0,,PE,Pernambuco,7860,21914,196,80.581,32,97.47,46.89,29,0,0,0
2612471,Santa Cruz da Baixa Verde,0,,PE,Pernambuco,3982,11567,115,8.247,32,95.39,47.45,12,0,22,0
2602100,Bom Conselho,0,,PE,Pernambuco,15188,44205,792,74.453,32,91.57,51.21,133,0,6477,0
2612901,São Benedito do Sul,0,,PE,Pernambuco,3851,13105,160,69.167,32,97.72,41.54,4,0,131,0
2605905,Gameleira,0,,PE,Pernambuco,6189,18195,258,7.625,32,96.7,39.15,16,0,3,0
2607505,Itaíba,0,,PE,Pernambuco,10727,32603,1062,70.338,32,99.65,43.71,41,0,2888,0
2613800,São Vicente Ferrer,0,,PE,Pernambuco,5669,16667,113,769,32,95.95,43.41,2,0,0,0
2604155,Casinhas,0,,PE,Pernambuco,4210,12965,116,75.297,32,98.58,53.06,4,0,0,0
2607653,Itambé,0,,PE,Pernambuco,11542,34889,304,75.221,32,95.83,43.68,11,0,0,0
2603702,Canhotinho,0,,PE,Pernambuco,7838,22630,423,75.408,32,108.8,49.58,19,0,0,0
2604106,Caruaru,0,,PE,Pernambuco,138486,376443,923,89.187,32,88.9,40.45,599,0,142,0
2600203,Afrânio,0,,PE,Pernambuco,5813,18641,1491,81.881,32,99.27,47.85,7,0,1033,0
2609105,Machados,0,,PE,Pernambuco,3841,11327,62,78.683,32,91.47,47.05,4,0,0,0
2612406,Sanharó,0,,PE,Pernambuco,6603,18622,268,79.228,32,94.36,47.96,59,0,0,0
2613503,São José do Belmonte,0,,PE,Pernambuco,11524,34812,1474,80.229,32,96.7,49.99,492,0,114,0
2601201,Arcoverde,0,,PE,Pernambuco,27693,76761,344,87.666,32,89.07,44.19,501,0,4,0
2608404,Jurema,0,,PE,Pernambuco,4791,13648,148,72.796,32,96.12,52.86,2,0,0,0
2603801,Capoeiras,0,,PE,Pernambuco,6031,18307,337,75.467,32,98.55,48.58,22,0,1293,0
2606309,Granito,0,,PE,Pernambuco,2257,6945,522,79.915,32,101.07,50.69,2,0,0,0
2610608,Paudalho,0,,PE,Pernambuco,18912,56596,270,83.718,32,94.4,38.55,47,0,0,0
2612703,Santa Maria do Cambucá,0,,PE,Pernambuco,4940,14007,92,75.223,32,96.87,50.31,7,0,0,0
2613909,Serra Talhada,0,,PE,Pernambuco,32415,92119,2980,84.539,32,89.95,43.57,695,0,490,0
2604601,Condado,0,,PE,Pernambuco,8301,24516,90,80.941,32,91.56,45.4,3,0,0,0
2610202,Panelas,0,,PE,Pernambuco,8199,22985,380,70.626,32,94.46,55.09,8,0,387,0
2206308,Miguel Leão,0,Região Integrada de Desenvolvimento da Grande Teresina,PI,Piauí,406,1313,93,79.207,32,100,47.54,0,0,0,0
2207801,Paulistana,0,,PI,Piauí,7306,21051,1941,77.186,32,92.6,47.07,628,0,1613,147
2201051,Assunção do Piauí,0,,PI,Piauí,2352,7452,1691,68.701,32,103.89,40.94,2,0,532,526
2209807,São Gonçalo do Piauí,0,,PI,Piauí,1568,4823,150,79.201,32,99.79,44.52,0,0,0,0
2203008,Cristalândia do Piauí,0,,PI,Piauí,2301,7340,1203,79.274,32,110.71,47.99,2,0,0,0
2205557,Lagoa Alegre,0,Região Integrada de Desenvolvimento da Grande Teresina,PI,Piauí,2533,8248,394,7.746,32,102.85,50.74,0,0,0,0
2210003,São João do Piauí,0,,PI,Piauí,7165,21408,1527,82.989,32,96.06,44.02,23,0,2150,613
2201309,Barreiras do Piauí,0,,PI,Piauí,1011,3261,2169,83.825,32,106.98,49.79,0,0,51,0
2203420,Domingos Mourão,0,,PI,Piauí,1318,4074,849,76.452,32,104.47,47.4,1,0,0,0
2202729,Cocal dos Alves,0,,PI,Piauí,2207,6385,325,69.245,32,98.82,42.47,0,0,0,0
2204659,Ilha Grande,0,Região Metropolitana de Parnaíba,PI,Piauí,2778,9266,130,80.168,32,101.74,44.33,30,0,0,0
2202554,Caridade do Piauí,0,,PI,Piauí,1607,5032,499,75.146,32,103.68,46.37,2,0,362,0
2206670,Morro do Chapéu do Piauí,0,,PI,Piauí,2078,6416,328,72.257,32,103.19,47.01,10,0,9,0
2202539,Caraúbas do Piauí,0,,PI,Piauí,1909,5628,471,68.737,32,102.66,48.81,0,0,0,0
2210623,Sebastião Barros,0,,PI,Piauí,982,3196,893,81.077,32,111.91,42.95,0,0,0,0
2201200,Barras,0,,PI,Piauí,14533,47920,1723,75.037,32,100.66,43.92,21,0,0,0
2205573,Lagoa de São Francisco,0,,PI,Piauí,1996,6309,156,75.882,32,97.35,51.02,681,0,0,0
2210508,São Pedro do Piauí,0,,PI,Piauí,4400,13748,518,76.656,32,96.89,47.79,6,0,0,0
2205706,Luís Correia,0,Região Metropolitana de Parnaíba,PI,Piauí,9387,30604,1074,77.579,32,102.57,43.83,26,0,0,0
2208858,Riacho Frio,0,,PI,Piauí,1292,4165,2221,83.488,32,111.1,39.13,0,0,0,0
2206654,Morro Cabeça no Tempo,0,,PI,Piauí,1375,4361,2208,80.779,32,112.79,42.24,8,0,0,0
2210607,São Raimundo Nonato,0,,PI,Piauí,13117,38843,2415,85.818,32,97.1,40.67,137,0,2384,2231
2211357,Várzea Branca,0,,PI,Piauí,1657,5045,450,73.498,32,103.01,44.37,3,0,1390,1252
2203701,Esperantina,0,,PI,Piauí,13333,40863,909,78.036,32,97.18,46.77,20,0,1207,55
2203206,Curimatá,0,,PI,Piauí,3644,11248,2345,87.406,32,101.97,48.02,12,0,0,0
2208551,Porto Alegre do Piauí,0,,PI,Piauí,768,2364,1168,79.514,32,106.82,47.56,0,0,0,0
2205524,Júlio Borges,0,,PI,Piauí,1705,5376,1284,86.596,32,113.3,48.21,0,0,23,0
2205565,Lagoa do Barro do Piauí,0,,PI,Piauí,1622,4995,1331,78.918,32,107.78,50,7,0,0,0
2207504,Palmeirais,0,,PI,Piauí,4296,13260,1494,75.796,32,97.88,47.77,15,0,163,0
2203750,Fartura do Piauí,0,,PI,Piauí,1743,5280,713,74.231,32,107.3,49.12,32,0,1952,1161
2207751,Passagem Franca do Piauí,0,,PI,Piauí,1218,4135,643,7.449,32,100.83,47.94,2,0,0,0
2206720,Nazária,0,Região Integrada de Desenvolvimento da Grande Teresina,PI,Piauí,3258,10235,362,76.419,32,100.55,45.72,9,0,0,0
2201770,Boa Hora,0,,PI,Piauí,2082,6883,337,7.166,32,105.42,44.36,2,0,0,0
2203305,Demerval Lobão,0,Região Integrada de Desenvolvimento da Grande Teresina,PI,Piauí,5460,16347,217,85.436,32,94.48,43.76,3,0,0,0
2202000,Buriti dos Lopes,0,,PI,Piauí,6185,19646,691,76.544,32,100.04,43.71,14,0,0,0
2209872,São João da Fronteira,0,,PI,Piauí,1880,5485,817,73.186,32,97.28,45.62,3,0,0,0
4115754,Mauá da Serra,0,Região Metropolitana de Apucarana,PR,Paraná,3301,9376,108,91.396,32,100.49,34.45,2,0,0,0
4106456,Coronel Domingos Soares,0,,PR,Paraná,2006,5634,1556,89.403,32,111.89,38.36,1,0,0,0
4104907,Castro,0,,PR,Paraná,25030,72921,2532,95.002,32,97.19,40.92,61,0,533,57
4126256,Sarandi,0,Região Metropolitana de Maringá,PR,Paraná,42848,118310,104,95.921,32,95.87,38.92,78,0,0,0
4110102,Imbituva,0,,PR,Paraná,10314,29821,757,95.768,32,100.28,41.27,5,0,0,0
3302270,Japeri,0,Região Metropolitana do Rio de Janeiro,RJ,Rio de Janeiro,32110,91195,82,94.422,32,105.57,38.72,40,0,0,0
2407708,Montanhas,0,,RN,Rio Grande do Norte,3771,11442,82,77.886,32,96.5,49.29,10,0,0,0
2410108,Poço Branco,0,,RN,Rio Grande do Norte,3841,12354,230,76.942,32,103.28,48.1,3,0,510,302
2409332,Santa Maria,0,,RN,Rio Grande do Norte,1630,4838,220,78.764,32,101.96,50.68,5,0,8,0
2413904,Taipu,0,,RN,Rio Grande do Norte,3643,11400,353,74.573,32,102.41,49.82,2,0,280,0
2403509,Espírito Santo,0,,RN,Rio Grande do Norte,3557,10615,136,7.271,32,103.21,53.08,1,0,0,0
2409803,Pedro Velho,0,,RN,Rio Grande do Norte,4496,13821,193,78.059,32,98.68,48.38,14,0,27,0
2414159,Tenente Laurentino Cruz,0,,RN,Rio Grande do Norte,1977,5890,69,8.176,32,98.08,40.86,4,0,19,0
2401206,Arês,0,Região Metropolitana de Natal,RN,Rio Grande do Norte,4260,13220,115,79.031,32,97.07,39.86,48,0,954,0
2412005,São Gonçalo do Amarante,0,Região Metropolitana de Natal,RN,Rio Grande do Norte,39827,115693,250,89.823,32,94.4,32.63,409,0,0,0
2401859,Caiçara do Norte,0,,RN,Rio Grande do Norte,1976,6291,226,82.375,32,104.58,38.71,1,0,0,0
2407104,Macaíba,0,Região Metropolitana de Natal,RN,Rio Grande do Norte,28190,82126,510,84.594,32,95.91,37.48,1159,0,1449,1108
2404101,Galinhos,0,,RN,Rio Grande do Norte,624,2102,341,78.403,32,103.48,31.56,2,0,0,0
2410256,Porto do Mangue,0,,RN,Rio Grande do Norte,1737,5214,361,76.099,32,104.14,39.53,4,0,0,0
2404606,Ielmo Marinho,0,Região Metropolitana de Natal,RN,Rio Grande do Norte,3873,11601,312,7.481,32,104.67,45.57,18,0,883,604
2412203,São José de Mipibu,0,Região Metropolitana de Natal,RN,Rio Grande do Norte,15663,47193,290,8.361,32,96.75,38.3,69,0,133,0
2414209,Tibau do Sul,0,,RN,Rio Grande do Norte,5985,16911,103,88.143,32,96.85,31.34,67,0,903,0
2406304,Lagoa de Pedras,0,,RN,Rio Grande do Norte,2575,7338,118,70.968,32,100.11,52.89,5,0,0,0
2414803,Vera Cruz,0,Região Metropolitana de Natal,RN,Rio Grande do Norte,3553,10715,84,76.597,32,98.25,48.61,6,0,36,0
1100130,Machadinho D'Oeste,0,,RO,Rondônia,10841,30428,8509,91.651,32,109,33.76,41,0,0,0
1100122,Ji-Paraná,0,,RO,Rondônia,45016,123752,6897,94.371,32,96.81,39.06,1567,1176,0,0
1100304,Vilhena,0,,RO,Rondônia,34975,95329,11699,95.245,32,96.91,33.52,1219,328,0,0
1100023,Ariquemes,0,,RO,Rondônia,34768,96152,4427,94.084,32,98.25,34.61,98,0,0,0
1100320,São Miguel do Guaporé,0,,RO,Rondônia,7884,21548,7460,92.676,32,103.49,36.71,236,93,0,0
1101500,Seringueiras,0,,RO,Rondônia,3951,11158,3774,9.273,32,105.16,36.73,0,0,0,0
4318622,São José dos Ausentes,0,,RS,Rio Grande do Sul,1459,4159,1174,96.118,32,108.08,39.78,0,0,0,0
4301875,Barra do Quaraí,0,,RS,Rio Grande do Sul,1462,4231,1056,95.752,32,106.07,37.7,1,0,0,0
4319737,São Valério do Sul,0,,RS,Rio Grande do Sul,826,2543,107,90.708,32,107.76,59.24,1237,1234,0,0
4217006,São Ludgero,0,Região Metropolitana de Tubarão,SC,Santa Catarina,4660,13505,107,97.608,32,103.27,36.55,11,0,0,0
4206504,Guaramirim,0,"Região Metropolitana do Norte/Nordeste Catarinense, Região Metropolitana de Jaraguá do Sul",SC,Santa Catarina,16304,46625,268,97.797,32,100.42,32.57,35,0,0,0
4203204,Camboriú,0,Região Metropolitana da Foz do Rio Itajaí,SC,Santa Catarina,36483,102994,211,97.851,32,97.41,28.32,159,0,0,0
4218004,Tijucas,0,Região Metropolitana de Florianópolis,SC,Santa Catarina,18229,51215,279,96.836,32,99.3,37.88,245,136,0,0
4205803,Garuva,0,"Região Metropolitana do Norte/Nordeste Catarinense, Região Metropolitana de Joinville ",SC,Santa Catarina,6213,18486,504,95.493,32,103.9,36.38,67,0,0,0
4218301,Três Barras,0,"Região Metropolitana do Norte/Nordeste Catarinense, Região Metropolitana do Planalto Norte",SC,Santa Catarina,6573,19718,436,95.563,32,100.67,36.82,21,0,0,0
4215505,Santa Cecília,0,Região Metropolitana de Lages,SC,Santa Catarina,5385,15535,1146,94.182,32,98.14,36.3,1,0,0,0
4204202,Chapecó,0,Região Metropolitana de Chapecó,SC,Santa Catarina,92905,251866,625,97.289,32,98.78,38.56,2507,1865,0,0
2802304,Frei Paulo,0,,SE,Sergipe,5066,14515,399,79.685,32,93.19,46.46,3,0,411,276
2804300,Muribeca,0,,SE,Sergipe,2775,7816,74,79.913,32,92.66,40.4,2,0,0,0
2802908,Itabaiana,0,,SE,Sergipe,37878,103202,337,84.001,32,92.08,42.81,111,0,0,0
2800605,Barra dos Coqueiros,0,Região Metropolitana de Aracaju,SE,Sergipe,14525,41491,92,93.937,32,91.83,29.16,105,0,487,483
2806701,São Cristóvão,0,Região Metropolitana de Aracaju,SE,Sergipe,33252,93353,438,91.094,32,95.59,31.68,226,0,236,0
2805307,Pirambu,0,,SE,Sergipe,2629,7882,209,86.628,32,97.68,38.92,5,0,649,331
3541059,Pratânia,0,,SP,São Paulo,1750,5126,175,91.479,32,100.16,41.05,6,0,0,0
3539103,Pirapora do Bom Jesus,0,Região Metropolitana de São Paulo,SP,São Paulo,6100,18328,108,95.385,32,98.4,32.26,34,0,0,0
3542503,Reginópolis,0,,SP,São Paulo,2142,5649,410,93.404,32,162.31,86.4,2,0,0,0
3553856,Taquarivaí,0,,SP,São Paulo,2332,6872,232,93.622,32,103.49,39.92,10,0,0,0
3502754,Araçariguama,0,Região Metropolitana de Sorocaba,SP,São Paulo,7399,21462,145,94.931,32,100.6,38.66,21,0,0,0
3543006,Ribeirão Branco,0,,SP,São Paulo,6565,18618,698,90.897,32,103.62,40.08,21,0,0,0
3508009,Buri,0,,SP,São Paulo,6972,20225,1196,9.387,32,100.71,40.89,4,0,0,0
3522505,Itapevi,0,Região Metropolitana de São Paulo,SP,São Paulo,81808,231893,83,96.305,32,95.05,31.82,100,0,0,0
3546702,Santa Gertrudes,0,Região Metropolitana de Piracicaba,SP,São Paulo,8141,23487,98,96.791,32,101.67,41.68,16,0,0,0
3523107,Itaquaquecetuba,0,Região Metropolitana de São Paulo,SP,São Paulo,122134,368933,83,95.301,32,95.39,32.67,493,0,0,0
3522653,Itapirapuã Paulista,0,,SP,São Paulo,1559,4305,406,90.094,32,107.22,43.36,0,0,0,0
1712454,Luzinópolis,0,,TO,Tocantins,870,2699,282,86.969,32,103.83,38.93,3,0,0,0
1713957,Muricilândia,0,,TO,Tocantins,1178,3353,1194,86.184,32,107.58,42.1,6,0,907,0
1705607,Conceição do Tocantins,0,,TO,Tocantins,1295,3874,2531,83.453,32,102.03,46.23,0,0,92,0
1718550,Riachinho,0,,TO,Tocantins,1259,3953,512,84.317,32,107.98,43.43,1,0,0,0
1716109,Paraíso do Tocantins,0,Região Metropolitana de Palmas,TO,Tocantins,18289,52134,1292,94.896,32,97.98,37.11,119,0,0,0
1715507,Oliveira de Fátima,0,Região Metropolitana de Palmas,TO,Tocantins,398,1164,209,88.668,32,100,36.69,0,0,0,0
1717503,Pium,0,,TO,Tocantins,2374,7115,10004,86.583,32,106.61,38.92,983,942,0,0
1718907,Santa Rosa do Tocantins,0,,TO,Tocantins,1566,4653,1805,86.056,32,107.72,43.61,6,0,364,0
1703883,Carmolândia,0,,TO,Tocantins,747,2198,339,86.071,32,98.47,42.99,7,0,0,0
1716307,Pau D'Arco,0,,TO,Tocantins,1372,4040,1376,86.379,32,109.81,36.7,0,0,0,0
1703909,Caseara,0,,TO,Tocantins,1629,4818,1680,89.384,32,109.46,38.83,16,0,0,0
1712504,Marianópolis do Tocantins,0,,TO,Tocantins,1594,4533,2090,91.399,32,112.87,37.55,3,0,0,0
1717909,Ponte Alta do Tocantins,0,,TO,Tocantins,2498,7536,6543,87.104,32,113.75,41.76,9,0,113,0
1722081,Wanderlândia,0,,TO,Tocantins,3537,10506,1365,86.387,32,101.26,40.8,8,0,0,0
1722107,Xambioá,0,,TO,Tocantins,3510,10503,1190,8.638,32,100.59,38.64,8,0,0,0
1713809,Palmeiras do Tocantins,0,,TO,Tocantins,1553,4869,743,84.624,32,104.79,44.7,3,0,0,0
2701001,Boca da Mata,0,,AL,Alagoas,7023,21162,193,77.081,34,92.45,50.47,7,0,40,0
2706604,Paulo Jacinto,0,,AL,Alagoas,2291,6576,118,74.894,34,95.66,56.04,10,0,0,0
2705309,Minador do Negrão,0,,AL,Alagoas,1621,4843,167,67.478,34,96.39,57.6,2,0,0,0
2707008,Pindoba,0,,AL,Alagoas,829,2715,117,76.639,34,101.4,48.85,0,0,0,0
2703106,Igaci,0,Região Metropolitana do Agreste,AL,Alagoas,8423,23986,334,71.006,34,95.73,52.06,35,0,592,0
2706307,Palmeira dos Índios,0,Região Metropolitana do Agreste,AL,Alagoas,24453,71448,451,81.173,34,91.21,51.28,4373,1755,476,357
2709004,Tanque d'Arca,0,Região Metropolitana do Agreste,AL,Alagoas,2063,5788,125,70.264,34,93.01,55.06,10,0,0,0
2912806,Ibirapuã,0,,BA,Bahia,3219,8888,771,84.296,34,100.95,56.76,47,0,433,0
2911402,Glória,0,,BA,Bahia,5408,15475,1567,78.221,34,96.28,45.86,2785,1699,0,0
2905701,Camaçari,0,Região Metropolitana de Salvador,BA,Bahia,109948,299874,785,94.595,34,92.42,32.04,4819,0,1619,0
2909307,Correntina,0,,BA,Bahia,11278,32401,11504,81.207,34,100.55,53.35,1380,0,194,0
2917805,Jaguaripe,0,,BA,Bahia,6380,17586,863,80.831,34,99.76,50.54,15,0,44,0
2930501,Serrinha,0,,BA,Bahia,28893,80108,583,87.378,34,91.68,47.28,1198,0,833,0
2918753,Lagoa Real,0,,BA,Bahia,4373,14100,912,78.924,34,103.71,66.2,37,0,306,0
2918100,Jeremoabo,0,,BA,Bahia,13560,37503,4267,73.773,34,97.94,55.38,154,0,3000,0
2926608,Ribeira do Pombal,0,,BA,Bahia,19303,53986,1252,81.994,34,95.41,55.79,2097,0,327,0
2929305,São Gonçalo dos Campos,0,Região Metropolitana de Feira de Santana,BA,Bahia,13404,39496,295,90.026,34,89.41,42.89,317,0,69,0
2914703,Itaberaba,0,,BA,Bahia,23503,64926,2386,87.869,34,93.3,49.71,159,0,207,0
2903953,Bom Jesus da Serra,0,,BA,Bahia,3170,9729,468,7.757,34,106.67,66.91,135,0,1090,0
2928109,Santa Maria da Vitória,0,,BA,Bahia,13252,38542,1985,81.647,34,99.72,53.9,1528,0,1048,0
2903805,Boa Vista do Tupim,0,,BA,Bahia,5925,16834,2972,75.987,34,102.85,56.93,11,0,0,0
2921302,Milagres,0,,BA,Bahia,3986,11068,420,81.872,34,95.05,57.05,2,0,0,0
2928703,Santo Antônio de Jesus,0,,BA,Bahia,38249,102788,262,91.763,34,87.47,42.93,298,0,157,0
2932200,Ubaitaba,0,,BA,Bahia,6493,17590,181,84.084,34,92.62,52.45,299,0,24,0
2901007,Amargosa,0,,BA,Bahia,13442,36432,432,84.763,34,92.72,60.81,728,0,92,0
2903607,Biritinga,0,,BA,Bahia,5358,15128,554,78.084,34,101.04,56.51,8,0,1312,0
2908408,Conceição do Coité,0,,BA,Bahia,24342,67809,1015,85.829,34,94.2,50.47,190,0,950,0
2930907,Tabocas do Brejo Velho,0,,BA,Bahia,3919,11965,1437,78.118,34,106.39,58.12,588,0,39,0
2921005,Mata de São João,0,Região Metropolitana de Salvador,BA,Bahia,15325,42541,605,91.052,34,91.53,40.45,599,0,260,0
2916302,Itapebi,0,,BA,Bahia,3310,9124,1013,772,34,102.25,49.5,362,0,0,0
2908903,Coração de Maria,0,Área de Expansão Metropolitana,BA,Bahia,8932,26656,378,843,34,92.65,57.39,528,0,524,0
2911204,Gandu,0,,BA,Bahia,11898,32108,230,85.504,34,95.66,44.16,31,0,276,0
2917508,Jacobina,0,,BA,Bahia,30907,82451,2193,87.299,34,91.51,50.46,1242,0,5356,0
2923803,Paripiranga,0,,BA,Bahia,9664,26601,442,77.098,34,96.24,65.89,12,0,170,0
2927507,Santa Bárbara,0,Área de Expansão Metropolitana,BA,Bahia,7281,20935,347,81.946,34,96.9,55.51,49,0,770,0
2918506,Jussara,0,,BA,Bahia,5560,16335,1355,79.216,34,105.35,53.03,145,0,1073,0
2910701,Euclides da Cunha,0,,BA,Bahia,21720,61361,2025,78.362,34,99.53,60.45,2776,1023,156,0
2915601,Itamaraju,0,,BA,Bahia,21747,59498,2361,84.297,34,97.14,49.02,3038,0,108,0
2925105,Poções,0,,BA,Bahia,16865,48239,938,80.913,34,95.15,62.83,1846,0,1061,0
2917300,Ituberá,0,,BA,Bahia,8039,21886,415,83.531,34,93.72,51.48,58,0,1693,85
2905602,Camacan,0,,BA,Bahia,8288,22519,585,83.881,34,94.83,54.75,2305,102,0,0
2910008,Dário Meira,0,,BA,Bahia,3793,10805,414,74.197,34,107.6,57.39,14,0,0,0
2913804,Ipecaetá,0,Área de Expansão Metropolitana,BA,Bahia,4102,13694,373,78.836,34,94.76,62.9,21,0,0,0
2923100,Olindina,0,,BA,Bahia,8327,22587,637,77.755,34,94.88,54.33,25,0,0,0
2926004,Remanso,0,,BA,Bahia,13337,40545,4574,79.547,34,99.47,51.81,83,0,148,0
2920908,Mascote,0,,BA,Bahia,4797,13538,743,79.469,34,101.25,61.45,269,0,0,0
2929255,São Gabriel,0,,BA,Bahia,6409,18582,1146,84.971,34,103.21,54.04,49,0,2829,0
2900355,Adustina,0,,BA,Bahia,5207,14177,629,72.075,34,99.12,63.63,133,0,10,0
2921401,Mirangaba,0,,BA,Bahia,5576,15730,1752,80.876,34,99.75,54.66,13,0,4220,0
2932705,Uruçuca,0,,BA,Bahia,7856,21318,510,81.416,34,97.36,48.83,285,0,0,0
2916609,Itapitanga,0,,BA,Bahia,3028,10264,421,80.875,34,102.22,52.74,19,0,0,0
2927200,Ruy Barbosa,0,,BA,Bahia,10131,28234,1992,81.984,34,91.57,59.67,54,0,1225,0
2901809,Antônio Gonçalves,0,,BA,Bahia,3548,10862,345,83.677,34,100.15,54.77,337,0,2403,722
2917607,Jaguaquara,0,,BA,Bahia,15915,45878,925,80.728,34,93.33,51.89,157,0,610,0
2905206,Caetité,0,,BA,Bahia,17668,51887,2652,84.546,34,96.47,63.12,56,0,0,0
2908200,Conceição da Feira,0,Região Metropolitana de Feira de Santana,BA,Bahia,6923,20767,165,8.861,34,90.18,50.63,206,0,55,0
2919108,Lamarão,0,,BA,Bahia,3131,9015,189,74.719,34,94.62,64.57,140,0,307,0
2932903,Valença,0,,BA,Bahia,32290,85254,1124,8.517,34,92.94,47.05,434,0,3383,0
2901403,Angical,0,,BA,Bahia,4546,13711,1530,81.148,34,106.16,54.85,340,0,41,0
2910404,Encruzilhada,0,,BA,Bahia,6763,19081,1890,7.411,34,106.65,53.93,9,0,35,0
2922607,Nilo Peçanha,0,,BA,Bahia,4292,12049,389,78.531,34,101.76,42.84,14,0,552,0
2914307,Iramaia,0,,BA,Bahia,3684,10730,1708,83.234,34,104.22,63.68,60,0,0,0
2923035,Novo Horizonte,0,,BA,Bahia,3796,11139,628,88.011,34,103.02,60.35,8,0,109,0
2910800,Feira de Santana,0,Região Metropolitana de Feira de Santana,BA,Bahia,221592,614310,1304,93.402,34,87.17,43.11,6614,0,12187,0
2900306,Acajutiba,0,,BA,Bahia,4768,13751,181,81.611,34,95.31,55.94,249,0,150,0
2909703,Cristópolis,0,,BA,Bahia,4675,13978,1053,77.791,34,105.42,57.15,420,0,0,0
2931053,Tanque Novo,0,,BA,Bahia,5500,17148,730,81.155,34,99.3,58.36,4,0,390,0
2303501,Cascavel,0,Região Metropolitana de Fortaleza,CE,Ceará,25306,72689,838,83.861,34,95.72,52.77,98,0,24,0
2310852,Pindoretama,0,Região Metropolitana de Fortaleza,CE,Ceará,7999,23371,74,84.152,34,96.68,48.71,45,0,0,0
2305704,Ipaumirim,0,,CE,Ceará,4072,12057,277,80.746,34,99.36,61.07,1,0,0,0
2312601,São Luís do Curu,0,Região Metropolitana de Fortaleza,CE,Ceará,3865,10788,123,83.201,34,93.42,55.96,6,0,0,0
2311207,Potengi,0,,CE,Ceará,3133,8832,343,74.045,34,94.99,57.19,1,0,450,0
2310803,Pereiro,0,,CE,Ceará,5281,15273,436,79.473,34,97.08,66.65,7,0,14,0
2312205,Santa Quitéria,0,,CE,Ceará,13977,40160,4262,78.868,34,99,62.44,50,0,0,0
2303105,Cariré,0,Região Metropolitana de Sobral,CE,Ceará,6137,17620,756,76.996,34,100.02,65.57,10,0,0,0
2306801,Jaguaribara,0,,CE,Ceará,3361,10333,623,79.905,34,97.29,61.02,7,0,0,0
2301604,Assaré,0,,CE,Ceará,7745,21651,1155,74.367,34,98.04,69.54,9,0,0,0
2305100,Guaramiranga,0,,CE,Ceará,1916,5639,91,78.626,34,100,57.62,0,0,0,0
2311801,Russas,0,,CE,Ceará,26409,72844,1611,84.547,34,94.56,53.49,29,0,257,0
2302701,Campos Sales,0,,CE,Ceará,8972,25083,1083,77.355,34,92.43,62.82,79,0,0,0
2302305,Bela Cruz,0,,CE,Ceará,11009,32731,842,80.623,34,100.97,48.14,29,0,273,0
2311009,Poranga,0,,CE,Ceará,4214,12065,1311,77.501,34,101.05,59.08,1542,0,234,0
2300903,Apuiarés,0,,CE,Ceará,4548,12915,544,79.717,34,101.06,60.37,13,0,0,0
2307205,Jati,0,,CE,Ceará,2620,7846,368,7.849,34,99.16,57.84,1,0,0,0
2311231,Potiretama,0,,CE,Ceará,2131,5965,409,77.145,34,103.34,61.07,0,0,0,0
2307403,Jucás,0,,CE,Ceará,8224,23871,940,75.765,34,96.26,62.93,10,0,0,0
2302404,Boa Viagem,0,,CE,Ceará,18079,50355,2835,75.663,34,98.55,64.85,475,0,61,0
2305357,Icapuí,0,,CE,Ceará,7177,21361,421,81.953,34,101.17,49.59,6,0,0,0
2310100,Palmácia,0,,CE,Ceará,3378,10234,129,82.224,34,100.2,58.14,7,0,0,0
2304459,Fortim,0,,CE,Ceará,5938,17253,285,80.925,34,97.11,55.96,17,0,5,0
2304657,Graça,0,Região Metropolitana de Sobral,CE,Ceará,4832,13801,259,73.554,34,102.01,56.68,10,0,0,0
2301208,Aracoiaba,0,,CE,Ceará,8711,25547,644,76.891,34,99.27,55.6,3,0,0,0
2304236,Croatá,0,,CE,Ceará,6103,17476,696,7.358,34,99.71,58.32,5,0,84,59
2301109,Aracati,0,,CE,Ceará,26020,75026,1227,84.664,34,95.73,52.33,176,0,1013,273
2303659,Catunda,0,,CE,Ceará,3432,10441,784,7.713,34,100.23,63.88,69,0,0,0
2310308,Parambu,0,,CE,Ceará,11134,31394,2314,74.105,34,96.3,66.54,18,0,354,0
2311702,Reriutaba,0,Região Metropolitana de Sobral,CE,Ceará,6583,18602,373,78.265,34,102.46,60.88,1,0,0,0
2304905,Groaíras,0,Região Metropolitana de Sobral,CE,Ceará,4009,10901,156,7.976,34,98.11,64.83,28,0,0,0
2310407,Paramoti,0,,CE,Ceará,3566,10365,539,78.252,34,102.18,62.46,29,0,0,0
5300108,Brasília,1,Região Integrada de Desenvolvimento do Distrito Federal e Entorno,DF,Distrito Federal,988191,2792811,5761,97.228,34,91.06,46.53,5584,0,304,0
3203007,Iúna,0,,ES,Espírito Santo,10716,28562,461,90.312,34,97.44,49.9,12,0,0,0
3204302,Presidente Kennedy,0,,ES,Espírito Santo,5115,13654,595,87.366,34,99.5,51.61,6,0,875,0
3204906,São Mateus,0,,ES,Espírito Santo,45226,122598,2346,92.782,34,97.48,46.58,828,0,6085,1142
3204559,Santa Maria de Jetibá,0,,ES,Espírito Santo,14711,41618,735,93.009,34,102.77,45.9,22,0,0,0
3202454,Ibatiba,0,,ES,Espírito Santo,9296,25369,240,87.909,34,100.06,51.75,45,0,0,0
3200607,Aracruz,0,,ES,Espírito Santo,32774,94445,1420,94.999,34,97.95,42.07,7415,4661,0,0
3202652,Irupi,0,,ES,Espírito Santo,5025,13652,185,89.061,34,102.48,49.04,2,0,0,0
3204054,Pedro Canário,0,,ES,Espírito Santo,7801,21501,433,87.051,34,97.74,45.56,89,0,125,0
3205101,Viana,0,Região Metropolitana da Grande Vitória,ES,Espírito Santo,25552,70622,312,94.415,34,102.59,42.04,148,0,19,0
5220702,Sítio d'Abadia,0,,GO,Goiás,1012,2914,1612,84.458,34,115.38,48.01,7,0,0,0
5220504,Serranópolis,0,,GO,Goiás,2944,7933,5522,92.817,34,107.74,49.13,2,0,0,0
5219738,Santo Antônio de Goiás,0,Região Metropolitana de Goiânia,GO,Goiás,2634,7381,135,94.682,34,94.83,42.07,56,0,0,0
5207907,Flores de Goiás,0,Região Integrada de Desenvolvimento do Distrito Federal e Entorno,GO,Goiás,4313,13395,3695,89.326,34,110.86,39.31,28,0,2470,0
5204706,Campinorte,0,,GO,Goiás,4635,12489,1065,94.252,34,100.35,47.86,2,0,0,0
5214838,Nova Crixás,0,,GO,Goiás,4685,12709,7309,87.156,34,106.39,44.23,126,0,0,0
5209705,Hidrolândia,0,Região Metropolitana de Goiânia,GO,Goiás,9707,27625,952,94.963,34,102.19,45.99,50,0,0,0
5220686,Simolândia,0,Região Integrada de Desenvolvimento do Distrito Federal e Entorno,GO,Goiás,2002,5725,347,85.871,34,101.05,43.58,35,0,145,0
5221197,Terezópolis de Goiás,0,Região Metropolitana de Goiânia,GO,Goiás,2820,7935,107,92.727,34,98.4,44.76,23,0,0,0
5208400,Goianápolis,0,Região Metropolitana de Goiânia,GO,Goiás,4923,13876,167,92.915,34,100.68,40.13,11,0,0,0
5205513,Cocalzinho de Goiás,0,Região Integrada de Desenvolvimento do Distrito Federal e Entorno,GO,Goiás,8982,24853,1785,90.908,34,105.37,42.25,21,0,0,0
5205521,Colinas do Sul,0,,GO,Goiás,1489,4013,1708,88.289,34,106.99,45.69,16,0,447,0
5205109,Catalão,0,,GO,Goiás,42424,113909,3826,96.656,34,99.64,47.95,281,0,0,0
5201504,Aporé,0,,GO,Goiás,1567,4318,2899,92.797,34,106.05,40.25,0,0,0,0
2103109,Cedral,0,,MA,Maranhão,3206,10195,285,86.798,34,104.82,50.8,10,0,2268,0
2108405,Peri Mirim,0,,MA,Maranhão,3782,11107,398,84.679,34,100.76,52.67,2,0,1801,0
2110807,São Félix de Balsas,0,,MA,Maranhão,1415,4398,2033,77.442,34,105.99,52.67,1,0,0,0
3144375,Natalândia,0,,MG,Minas Gerais,1299,3517,469,90.948,34,104.29,48.51,0,0,0,0
3162708,São João do Paraíso,0,,MG,Minas Gerais,7694,23902,1926,79.354,34,98.29,63.65,14,0,0,0
3152006,Pompéu,0,,MG,Minas Gerais,11154,30918,2551,92.672,34,97.65,55.51,112,0,63,0
3152131,Ponto Chique,0,,MG,Minas Gerais,1272,3742,603,8.509,34,104.31,49.94,0,0,0,0
3107307,Bocaiúva,0,,MG,Minas Gerais,16839,47877,3207,91.942,34,97.51,51.48,11,0,312,0
3150158,Piedade de Caratinga,0,,MG,Minas Gerais,3187,8520,109,88.403,34,103.31,51.06,2,0,0,0
3136009,Joaíma,0,,MG,Minas Gerais,4681,13851,1664,78.904,34,101.25,63.79,12,0,327,0
3136652,Juatuba,0,Região Metropolitana de Belo Horizonte,MG,Minas Gerais,10650,30517,97,94.896,34,100.29,47.85,76,0,0,0
3130101,Igarapé,0,Região Metropolitana de Belo Horizonte,MG,Minas Gerais,15895,45760,111,95.211,34,98.2,43.13,65,0,0,0
3149150,Pedras de Maria da Cruz,0,,MG,Minas Gerais,3497,10383,1526,8.175,34,105.86,51.75,17,0,909,0
3158953,Santana do Paraíso,0,Região Metropolitana do Vale do Aço,MG,Minas Gerais,16720,44762,276,96.421,34,97.57,35.78,16,0,31,0
3106705,Betim,0,Região Metropolitana de Belo Horizonte,MG,Minas Gerais,146858,411186,344,96.381,34,94.06,41.16,759,0,110,0
3100609,Água Boa,0,,MG,Minas Gerais,4467,12557,1320,77.599,34,102.59,60.26,6,0,2,0
3135456,Jenipapo de Minas,0,,MG,Minas Gerais,2081,6098,284,81.668,34,96.9,55.02,7,0,1398,82
3138674,Luisburgo,0,,MG,Minas Gerais,2436,6946,145,8.984,34,105.86,49.38,7,0,5,0
3148707,Pedra Azul,0,,MG,Minas Gerais,7450,24223,1595,86.136,34,96.51,61.83,2,0,0,0
3152170,Ponto dos Volantes,0,,MG,Minas Gerais,3750,10873,1212,81.045,34,104.41,63.71,0,0,2,0
3155603,Rio Pardo de Minas,0,,MG,Minas Gerais,9260,28170,3118,82.176,34,103.1,54.01,7,0,213,0
3151206,Pirapora,0,,MG,Minas Gerais,19076,55163,550,95.301,34,95.14,50.24,42,0,0,0
3115458,Catuji,0,,MG,Minas Gerais,2489,7027,419,81.353,34,97.69,48.33,7,0,248,0
3157609,Santa Fé de Minas,0,,MG,Minas Gerais,1236,3519,2917,86.091,34,110.77,55.04,3,0,133,0
3140530,Martins Soares,0,,MG,Minas Gerais,2997,8392,113,88.984,34,100.86,54.04,1,0,0,0
3161700,São Gonçalo do Abaeté,0,,MG,Minas Gerais,2691,7340,2693,90.898,34,104.92,51.44,4,0,0,0
3102050,Alto Caparaó,0,,MG,Minas Gerais,2176,5752,104,91.001,34,101.22,58.66,0,0,0,0
3128907,Guimarânia,0,,MG,Minas Gerais,2922,8455,367,93.727,34,105.33,61.23,18,0,0,0
3167103,Serro,0,,MG,Minas Gerais,7317,21754,1218,8.754,34,100.11,62.45,37,0,1876,275
3120151,Crisólita,0,,MG,Minas Gerais,1890,5260,966,76.481,34,109.18,59.98,0,0,0,0
3140001,Mariana,0,,MG,Minas Gerais,21714,60862,1194,95.466,34,94.6,50.15,59,0,218,0
3129707,Ibiraci,0,,MG,Minas Gerais,3810,10916,562,92.708,34,102.55,55.81,3,0,0,0
3106606,Bertópolis,0,,MG,Minas Gerais,1499,4444,428,77.428,34,107.7,55.35,694,671,310,0
3154150,Reduto,0,,MG,Minas Gerais,2790,7847,152,91.707,34,102.37,47.35,4,0,0,0
3125002,Ewbank da Câmara,0,,MG,Minas Gerais,1363,3867,104,94.426,34,100.99,54.88,2,0,0,0
3157807,Santa Luzia,0,Região Metropolitana de Belo Horizonte,MG,Minas Gerais,75910,218588,235,96.301,34,91.34,49.86,207,0,1607,0
3141801,Minas Novas,0,,MG,Minas Gerais,8231,24351,1812,81.226,34,98.19,56.34,2,0,2865,0
3138658,Lontra,0,,MG,Minas Gerais,3028,8786,259,83.924,34,101.05,63.03,5,0,166,0
3131158,Ipaba,0,Colar Metropolitano,MG,Minas Gerais,5747,15946,113,91.599,34,112.58,57.84,2,0,0,0
3145307,Novo Cruzeiro,0,,MG,Minas Gerais,9071,26858,1703,78.883,34,98.07,56.02,21,0,0,0
3169703,Turmalina,0,,MG,Minas Gerais,7436,19918,1153,8.932,34,100.58,55.46,5,0,0,0
3121001,Datas,0,,MG,Minas Gerais,1818,5465,310,92.349,34,96.37,56.57,1,0,2,0
3153608,Prudente de Morais,0,Colar Metropolitano de Belo Horizonte,MG,Minas Gerais,3961,11451,124,9.599,34,95.37,47.6,61,0,0,0
3146909,Papagaios,0,,MG,Minas Gerais,4768,13838,554,93.332,34,98.63,49.23,4,0,0,0
3167608,Simonésia,0,,MG,Minas Gerais,7016,19663,487,88.337,34,104.58,48.37,14,0,103,0
3127073,Fruta de Leite,0,,MG,Minas Gerais,1613,4639,763,72.725,34,105.17,62.48,0,0,0,0
3150703,Pirajuba,0,,MG,Minas Gerais,2043,5484,338,91.886,34,105.53,48.55,9,0,0,0
3170404,Unaí,0,Região Integrada de Desenvolvimento do Distrito Federal e Entorno,MG,Minas Gerais,31515,85538,8445,94.351,34,100.32,49.32,32,0,23,0
5002704,Campo Grande,1,,MS,Mato Grosso do Sul,325840,891135,8083,97.095,34,92.22,49.3,18343,0,727,435
5001508,Bandeirantes,0,,MS,Mato Grosso do Sul,2917,7889,3358,92.702,34,105.91,48.6,43,0,4,0
5005806,Nioaque,0,,MS,Mato Grosso do Sul,4652,13204,3909,91.863,34,106.72,45.76,2122,1430,253,135
5007554,Santa Rita do Pardo,0,,MS,Mato Grosso do Sul,2514,6989,6142,91.537,34,106.37,39.87,13,0,0,0
5005004,Jardim,0,,MS,Mato Grosso do Sul,8341,23788,2126,93.223,34,98.17,52.83,735,0,0,0
5002308,Brasilândia,0,,MS,Mato Grosso do Sul,4235,11494,5804,93.469,34,100.61,43.99,139,66,0,0
5002159,Bodoquena,0,,MS,Mato Grosso do Sul,3045,8520,2592,91.111,34,104.56,44.64,599,102,0,0
5002803,Caracol,0,,MS,Mato Grosso do Sul,1717,5024,2943,9.271,34,100.4,49.21,18,0,0,0
5000708,Anastácio,0,,MS,Mato Grosso do Sul,8575,24093,2913,91.024,34,98.45,50.79,2716,0,3,0
5004403,Inocência,0,,MS,Mato Grosso do Sul,3130,8334,5761,91.507,34,107.15,48.05,17,0,0,0
5000856,Angélica,0,,MS,Mato Grosso do Sul,3977,10693,1284,91.525,34,104.36,45.98,24,0,0,0
5006259,Novo Horizonte do Sul,0,,MS,Mato Grosso do Sul,1796,4719,849,89.695,34,103.93,49.76,20,0,0,0
5006200,Nova Andradina,0,,MS,Mato Grosso do Sul,17569,48308,4771,9.404,34,97.1,44.44,38,0,0,0
5004700,Ivinhema,0,,MS,Mato Grosso do Sul,10296,27714,2003,9.347,34,100.04,50.8,57,0,0,0
5005681,Mundo Novo,0,,MS,Mato Grosso do Sul,7048,18818,478,91.225,34,91.91,53.47,52,0,4,0
5007703,Sete Quedas,0,,MS,Mato Grosso do Sul,3668,10953,839,87.343,34,98.81,50.17,221,105,0,0
5103056,Cláudia,0,,MT,Mato Grosso,3395,9586,3844,93.321,34,107.01,42.27,7,0,0,0
5106802,Porto dos Gaúchos,0,,MT,Mato Grosso,2049,5541,6847,93.844,34,105.17,42.68,16,0,0,0
5104807,Jaciara,0,,MT,Mato Grosso,10288,28422,2430,9.335,34,98.38,42.88,25,0,0,0
5105622,Mirassol d'Oeste,0,,MT,Mato Grosso,9863,26528,1085,91.925,34,99.74,44.61,27,0,0,0
5103205,Colíder,0,,MT,Mato Grosso,11741,31222,3112,93.129,34,101.08,48.5,199,0,0,0
5101308,Arenápolis,0,,MT,Mato Grosso,3812,10533,417,90.498,34,101.06,47.14,9,0,0,0
5106505,Poconé,0,Entorno Metropolitano da RM Vale do Rio Cuiabá,MT,Mato Grosso,10381,31184,17157,88.882,34,107.24,46.6,110,0,3445,191
5106158,Nova Bandeirantes,0,,MT,Mato Grosso,4935,13579,9557,93.495,34,118.72,32.53,33,0,0,0
5101258,Araputanga,0,,MT,Mato Grosso,5498,14664,1640,90.574,34,96.78,44.61,9,0,0,0
5103403,Cuiabá,1,Região Metropolitana do Vale do Rio Cuiabá,MT,Mato Grosso,232201,646568,4327,9.673,34,94.36,41.79,1462,0,431,0
5106315,Novo Santo Antônio,0,,MT,Mato Grosso,736,2015,4395,92.943,34,108.16,41.4,42,0,89,0
5106372,Pedra Preta,0,,MT,Mato Grosso,6654,17947,3842,90.463,34,103.97,43.43,129,0,0,0
5107404,São Pedro da Cipa,0,,MT,Mato Grosso,1515,4181,344,87.104,34,100.81,39.34,4,0,0,0
5104906,Jangada,0,Entorno Metropolitano da RM Vale do Rio Cuiabá,MT,Mato Grosso,2548,7420,1114,8.295,34,109.24,57.58,0,0,0,0
2505279,Curral de Cima,0,Região Metropolitana do Vale do Mamanguape,PB,Paraíba,1759,5254,86,68.576,34,101.61,60.32,1,0,0,0
2512804,Riacho dos Cavalos,0,,PB,Paraíba,2832,8491,263,78.656,34,101.64,57.94,1,0,9,0
2516003,Solânea,0,Região Metropolitana de Guarabira,PB,Paraíba,9096,26675,233,76.755,34,92.62,63.16,9,0,0,0
2505501,Vista Serrana,0,Região Metropolitana de Patos,PB,Paraíba,1197,3641,60,7.909,34,101.49,54.66,0,0,0,0
2501500,Bananeiras,0,Região Metropolitana de Guarabira,PB,Paraíba,7524,23040,256,75.037,34,99.9,56.59,8,0,0,0
2503704,Cajazeiras,0,Região Metropolitana de Cajazeiras,PB,Paraíba,22352,62813,563,86.278,34,93.29,61.08,31,0,0,0
2505303,Curral Velho,0,Região Metropolitana do Vale do Piancó,PB,Paraíba,739,2287,218,77.166,34,108.93,54.61,0,0,2,0
2515930,Sertãozinho,0,Região Metropolitana de Guarabira,PB,Paraíba,1716,5054,32,82.341,34,94.38,62.11,14,0,0,0
2514602,São José do Bonfim,0,Região Metropolitana de Patos,PB,Paraíba,1100,3241,154,79.506,34,97.44,52.9,0,0,0,0
2501534,Baraúna,0,Região Metropolitana de Barra de Santa Rosa,PB,Paraíba,1729,4758,50,77.006,34,96.37,67.74,2,0,0,0
2502102,Boa Ventura,0,Região Metropolitana do Vale do Piancó,PB,Paraíba,1733,5206,169,75.783,34,100.35,59.55,9,0,0,0
2503209,Cabedelo,0,Região Metropolitana de João Pessoa,PB,Paraíba,22773,66264,30,91.478,34,90.66,43.74,275,0,0,0
2508505,Livramento,0,,PB,Paraíba,2420,6877,267,82.041,34,97.39,58.01,2,0,442,0
2513356,Santa Inês,0,Região Metropolitana do Vale do Piancó,PB,Paraíba,1057,3221,328,73.019,34,109,47.37,0,0,0,0
2504108,Carrapateira,0,Região Metropolitana de Cajazeiras,PB,Paraíba,754,2312,59,78.503,34,109.99,55.14,2,0,0,0
2512721,Pedro Régis,0,Região Metropolitana do Vale do Mamanguape,PB,Paraíba,1948,5763,74,74.452,34,103.03,57.72,12,0,0,0
2501153,Areia de Baraúnas,0,Região Metropolitana de Patos,PB,Paraíba,673,2005,114,76.311,34,103.97,58.53,0,0,0,0
2503506,Cacimba de Dentro,0,Região Metropolitana de Araruna,PB,Paraíba,5426,16052,165,70.047,34,95.71,61.84,9,0,0,0
2507804,Junco do Seridó,0,Região Metropolitana de Patos,PB,Paraíba,2324,6783,180,81.344,34,98.05,56.87,3,0,0,0
2513000,Salgadinho,0,Região Metropolitana de Patos,PB,Paraíba,1110,3355,179,75.217,34,105.58,59.86,2,0,0,0
2511400,Picuí,0,Região Metropolitana de Barra de Santa Rosa,PB,Paraíba,6560,18304,668,81.699,34,94.87,60.83,5,0,30,0
2506806,Ingá,0,Região Metropolitana de Itabaiana,PB,Paraíba,6077,17637,262,74.787,34,96.16,60.75,7,0,370,306
2502805,Brejo do Cruz,0,,PB,Paraíba,4646,13596,401,76.922,34,94.55,52.57,3,0,0,0
2505352,Damião,0,Região Metropolitana de Araruna,PB,Paraíba,1788,4980,186,67.268,34,100.81,60.27,0,0,0,0
2510709,Passagem,0,Região Metropolitana de Patos,PB,Paraíba,860,2463,123,79.637,34,97.36,54.41,4,0,0,0
2515906,Serraria,0,Região Metropolitana de Guarabira,PB,Paraíba,1636,4882,65,72.011,34,96.26,60.28,11,0,0,0
2509602,Monte Horebe,0,Região Metropolitana de Cajazeiras,PB,Paraíba,1573,4313,117,77.306,34,97.36,61.71,1,0,0,0
2505600,Diamante,0,Região Metropolitana do Vale do Piancó,PB,Paraíba,2097,6299,272,75.096,34,96.84,56.59,0,0,592,49
2507309,Jacaraú,0,Região Metropolitana do Vale do Mamanguape,PB,Paraíba,4970,14449,257,74.971,34,95.21,56.79,26,0,0,0
2510808,Patos,0,Região Metropolitana de Patos,PB,Paraíba,36246,102435,473,87.181,34,88.91,50.64,77,0,0,0
2501807,Bayeux,0,Região Metropolitana de João Pessoa,PB,Paraíba,28049,82556,28,87.224,34,90.44,44.46,316,0,0,0
2516102,Soledade,0,,PB,Paraíba,4780,13877,578,86.287,34,98.32,54.43,5,0,0,0
2500304,Alagoa Grande,0,,PB,Paraíba,8782,26006,322,72.553,34,94.22,58.51,8,0,946,395
2516508,Taperoá,0,,PB,Paraíba,4973,14063,628,80.789,34,96.29,59.96,11,0,2,0
2516805,Triunfo,0,Região Metropolitana de Cajazeiras,PB,Paraíba,3172,9879,224,80.794,34,101.43,67.77,3,0,142,0
2504009,Campina Grande,0,Região Metropolitana de Campina Grande,PB,Paraíba,147149,417053,592,91.972,34,89.79,52.31,469,0,0,0
2510105,Nova Floresta,0,Região Metropolitana de Barra de Santa Rosa,PB,Paraíba,3577,9712,48,80.096,34,92.1,63.06,6,0,0,0
2504801,Coremas,0,Região Metropolitana do Vale do Piancó,PB,Paraíba,5086,14604,372,74.242,34,98.2,58.74,0,0,437,0
2506400,Gurinhém,0,Região Metropolitana de Itabaiana,PB,Paraíba,4535,13757,340,70.915,34,99.05,51.9,2,0,0,0
2504207,Catingueira,0,Região Metropolitana do Vale do Piancó,PB,Paraíba,1452,4491,527,745,34,99.16,55.11,8,0,0,0
2506301,Guarabira,0,Região Metropolitana de Guarabira,PB,Paraíba,19743,57020,162,85.251,34,93.25,48.82,75,0,3,0
2512747,Riachão,0,Região Metropolitana de Araruna,PB,Paraíba,1016,2927,85,73.601,34,99.8,59.62,0,0,20,0
2502706,Borborema,0,Região Metropolitana de Guarabira,PB,Paraíba,1393,4201,26,75.639,34,100.38,57.88,6,0,0,0
2512754,Riachão do Bacamarte,0,Região Metropolitana de Itabaiana,PB,Paraíba,1597,4690,40,7.707,34,95.99,55.86,0,0,412,260
2512903,Rio Tinto,0,Região Metropolitana de João Pessoa,PB,Paraíba,8204,24546,465,80.432,34,94.12,50.06,6169,4905,0,0
2514503,São José de Piranhas,0,Região Metropolitana de Cajazeiras,PB,Paraíba,6659,18998,687,78.745,34,100.35,61.59,2,0,0,0
2514107,São João do Tigre,0,,PB,Paraíba,1701,4260,813,72.295,34,103.19,62.51,6,0,255,0
2508208,Lagoa de Dentro,0,Região Metropolitana de Guarabira,PB,Paraíba,2630,7812,84,74.938,34,98.5,60.63,9,0,0,0
2503605,Caiçara,0,Região Metropolitana de Guarabira,PB,Paraíba,2258,6602,124,75.029,34,99.76,55.3,2,0,0,0
2512762,Riachão do Poço,0,,PB,Paraíba,1597,4737,40,70.757,34,97.01,52.41,0,0,0,0
2500734,Amparo,0,,PB,Paraíba,792,2234,122,80.058,34,103.09,50.6,90,0,0,0
2505907,Emas,0,Região Metropolitana de Patos,PB,Paraíba,974,3001,248,73.957,34,101.67,51.88,0,0,0,0
2612307,Saloá,0,,PE,Pernambuco,4791,13782,252,74.217,34,91.18,57.09,28,0,257,0
2603900,Carnaíba,0,,PE,Pernambuco,6798,18642,428,79.789,34,95.94,55.51,16,0,1175,0
2603405,Calumbi,0,,PE,Pernambuco,1795,5228,179,77.517,34,92.92,55.2,3,0,4,0
2600609,Alagoinha,0,,PE,Pernambuco,4882,13535,214,0.79,34,100.5,58.94,136,0,1819,0
2603603,Camutanga,0,,PE,Pernambuco,2555,7747,39,79.674,34,95.51,56.36,18,0,0,0
2614501,Surubim,0,,PE,Pernambuco,22722,64030,253,82.083,34,91.46,56.43,91,0,0,0
2600708,Aliança,0,,PE,Pernambuco,12258,35719,273,78.282,34,94.13,49.41,17,0,0,0
2602506,Brejinho,0,,PE,Pernambuco,2882,7712,106,80.561,34,98.71,57,6,0,13,0
2615201,Terra Nova,0,,PE,Pernambuco,2839,8918,319,84.508,34,104.92,54.07,12,0,0,0
2613701,São Lourenço da Mata,0,Região Metropolitana de Recife,PE,Pernambuco,39423,111034,264,88.232,34,91.1,41.91,102,0,2,0
2605400,Feira Nova,0,,PE,Pernambuco,7693,21426,108,7.825,34,92.07,52.13,22,0,59,0
2606804,Igarassu,0,Região Metropolitana de Recife,PE,Pernambuco,40513,114954,307,8.989,34,90.85,40.52,194,0,3,0
2611705,Riacho das Almas,0,,PE,Pernambuco,7743,20638,314,7.574,34,96.92,57.62,8,0,46,0
2614709,Tacaimbó,0,,PE,Pernambuco,4827,13077,228,73.324,34,107.18,53.15,0,0,0,0
2611309,Pombos,0,,PE,Pernambuco,9861,27549,240,79.418,34,95,47.91,38,0,251,0
2609709,Orobó,0,,PE,Pernambuco,7391,21758,139,77.103,34,94.58,60.55,13,0,0,0
2603504,Camocim de São Félix,0,,PE,Pernambuco,6305,17389,72,77.174,34,94.19,55.08,10,0,0,0
2602902,Cabo de Santo Agostinho,0,Região Metropolitana de Recife,PE,Pernambuco,71735,202831,445,89.814,34,92.43,40.85,184,0,996,0
2611804,Ribeirão,0,,PE,Pernambuco,11917,33489,290,81.485,34,90.11,49.2,28,0,0,0
2616407,Vitória de Santo Antão,0,,PE,Pernambuco,48335,133715,337,84.651,34,89.69,49.46,191,0,706,0
2209302,Santa Luz,0,,PI,Piauí,1714,5332,1185,81.728,34,105.63,51.63,0,0,0,0
2208809,Regeneração,0,,PI,Piauí,5671,17119,1251,74.819,34,94.83,50.98,18,0,194,0
2205201,Jaicós,0,,PI,Piauí,6047,17515,867,68.917,34,95.29,55.35,15,0,6,0
2201002,Arraial,0,,PI,Piauí,1533,4519,683,76.251,34,100.98,64.34,0,0,0,0
2207959,Nova Santa Rita,0,,PI,Piauí,1372,4076,910,77.281,34,109.24,48.01,2,0,41,0
2200277,Alegrete do Piauí,0,,PI,Piauí,1595,4629,244,70.787,34,99.05,53.69,1,0,0,0
2203354,Dirceu Arcoverde,0,,PI,Piauí,2264,7048,1006,76.194,34,106.2,55.57,5,0,0,0
2207900,Pedro II,0,,PI,Piauí,12132,37876,1544,75.197,34,99.42,61.95,22,0,0,0
2201408,Barro Duro,0,,PI,Piauí,2177,6631,159,76.637,34,94.1,56.25,0,0,0,0
2208650,Queimada Nova,0,,PI,Piauí,2882,8738,1283,79.281,34,102.64,58.49,174,114,1008,176
2203909,Floriano,0,,PI,Piauí,20941,61742,3408,898,34,90.57,53.08,181,0,52,0
2201507,Batalha,0,,PI,Piauí,8691,26251,1589,74.752,34,100.17,54.32,2,0,598,0
2205540,Lagoinha do Piauí,0,,PI,Piauí,1011,2939,68,79.922,34,102.13,57.37,3,0,0,0
2201945,Boqueirão do Piauí,0,,PI,Piauí,2096,6545,270,78.434,34,97.85,56.08,3,0,0,0
2204352,Geminiano,0,,PI,Piauí,1932,5434,441,73.369,34,100.77,54.42,0,0,0,0
2202737,Coivaras,0,Região Integrada de Desenvolvimento da Grande Teresina,PI,Piauí,1287,4113,484,77.947,34,106.16,51.55,2,0,0,0
2205532,Jurema,0,,PI,Piauí,1524,4425,1272,719,34,112.13,49.74,0,0,0,0
2204501,Guadalupe,0,,PI,Piauí,3336,10232,1027,8.656,34,96.33,51.08,26,0,6,0
2208403,Piripiri,0,,PI,Piauí,21718,65507,1407,80.824,34,94.49,56.66,1366,0,841,0
2200509,Amarante,0,,PI,Piauí,5523,17194,1152,77.908,34,96.11,52.83,17,0,944,177
2208007,Picos,0,,PI,Piauí,28842,82568,577,86.286,34,92.03,50.3,80,0,34,0
2200806,Antônio Almeida,0,,PI,Piauí,1040,3145,645,83.052,34,102.7,57.28,8,0,0,0
2207009,Oeiras,0,,PI,Piauí,13501,38077,2703,82.674,34,93.29,55.94,41,0,513,0
2210052,São José do Divino,0,,PI,Piauí,1669,4838,319,69.866,34,102.3,54.04,0,0,0,0
2202075,Cajazeiras do Piauí,0,,PI,Piauí,1047,3107,514,8.096,34,101.43,63.75,0,0,0,0
2206001,Marcos Parente,0,,PI,Piauí,1545,4722,677,82.693,34,94.8,56.59,5,0,0,0
2207934,Pedro Laurentino,0,,PI,Piauí,812,2453,871,8.024,34,108.48,50.37,0,0,186,54
2207108,Olho D'Água do Piauí,0,,PI,Piauí,894,2637,184,77.918,34,99.77,54.91,8,0,0,0
2202406,Capitão de Campos,0,,PI,Piauí,3620,11084,572,77.064,34,96.32,58.92,24,0,0,0
2208601,Prata do Piauí,0,,PI,Piauí,1091,3042,197,73.844,34,102.4,66.3,3,0,0,0
2202117,Campo Alegre do Fidalgo,0,,PI,Piauí,1597,4614,658,69.647,34,107.37,47.65,1,0,389,0
2201101,Avelino Lopes,0,,PI,Piauí,3663,10861,1220,81.095,34,102.08,52.33,12,0,0,0
2211001,Teresina,1,Região Integrada de Desenvolvimento da Grande Teresina,PI,Piauí,279882,862981,1391,92.875,34,88.01,47.64,993,0,7,0
4122206,Rio Branco do Sul,0,Região Metropolitana de Curitiba,PR,Paraná,13318,37481,811,93.144,34,104.31,38.2,3,0,0,0
4113304,Laranjeiras do Sul,0,,PR,Paraná,11861,31950,674,94.601,34,96.99,53.18,122,72,0,0
4127106,Telêmaco Borba,0,,PR,Paraná,26428,74699,1383,9.588,34,97.68,44.65,32,0,0,0
4108320,Francisco Alves,0,Região Metropolitana de Umuarama,PR,Paraná,2863,8111,322,90.631,34,99.85,62.48,12,0,0,0
4104253,Campo Magro,0,Região Metropolitana de Curitiba,PR,Paraná,10871,30136,275,95.848,34,99.44,40.46,21,0,0,0
4117503,Paiçandu,0,Região Metropolitana de Maringá,PR,Paraná,16552,45932,171,94.854,34,97.05,45.34,33,0,0,0
4127007,Teixeira Soares,0,,PR,Paraná,3326,9513,903,95.571,34,103.26,51.55,4,0,0,0
4125100,São João do Triunfo,0,,PR,Paraná,4908,13707,720,93.698,34,106.34,48.94,9,0,0,0
4107900,Floresta,0,Região Metropolitana de Maringá,PR,Paraná,3872,10454,158,94.588,34,95.77,47.23,6,0,0,0
4122404,Rolândia,0,Região Metropolitana de Londrina,PR,Paraná,25778,71189,459,95.152,34,94.8,56.73,37,0,0,0
4128203,União da Vitória,0,,PR,Paraná,19982,54817,720,97.393,34,95.21,57.01,51,0,0,0
4104428,Candói,0,,PR,Paraná,5317,14959,1513,92.556,34,101.49,44.82,20,0,427,0
4121703,Reserva,0,,PR,Paraná,8972,24441,1636,89.689,34,102.6,50.48,7,0,0,0
4127502,Tibagi,0,,PR,Paraná,7030,19922,2978,93.179,34,100.9,45.27,8,0,0,0
4108403,Francisco Beltrão,0,,PR,Paraná,36858,95376,735,96.251,34,97.36,53.16,52,0,0,0
4103040,Boa Ventura de São Roque,0,,PR,Paraná,2239,6302,620,90.763,34,105.81,49.55,2,0,0,0
4117305,Ortigueira,0,,PR,Paraná,8744,24074,2430,88.268,34,103.23,49.67,857,775,0,0
4120804,Quatro Barras,0,Região Metropolitana de Curitiba,PR,Paraná,8463,24151,180,97.035,34,98.97,42.63,45,0,0,0
4100301,Agudos do Sul,0,Região Metropolitana de Curitiba,PR,Paraná,3633,10169,192,93.275,34,106.39,52.15,11,0,0,0
4105003,Catanduvas,0,Região Metropolitana de Cascavel,PR,Paraná,3371,10288,580,91.483,34,103.71,57.68,0,0,0,0
4120903,Quedas do Iguaçu,0,,PR,Paraná,11136,30610,822,92.056,34,99.78,50.1,79,0,0,0
4128633,Doutor Ulysses,0,Região Metropolitana de Curitiba,PR,Paraná,2067,5696,777,86.545,34,108.53,50.29,0,0,177,121
4111407,Ivaí,0,,PR,Paraná,4584,13186,608,93.892,34,106.54,49.75,3,0,288,0
4119400,Piraí do Sul,0,,PR,Paraná,8304,23605,1345,95.571,34,98.5,51.7,12,0,0,0
4105201,Cerro Azul,0,Região Metropolitana de Curitiba,PR,Paraná,5839,16126,1341,86.177,34,107.86,53.07,4,0,0,0
4114401,Mangueirinha,0,,PR,Paraná,5914,16586,1055,92.343,34,98.81,49.75,1008,867,0,0
4122156,Rio Bonito do Iguaçu,0,,PR,Paraná,4824,13911,681,93.498,34,107,42.74,0,0,0,0
4107736,Fernandes Pinheiro,0,,PR,Paraná,2163,6255,407,92.888,34,104.95,50.97,2,0,0,0
4108452,Foz do Jordão,0,,PR,Paraná,1781,4926,235,92.074,34,97.51,51.21,7,0,14,0
4111902,Jaguapitã,0,Região Metropolitana de Londrina,PR,Paraná,5506,15022,475,93.759,34,97.98,51.62,11,0,0,0
3304144,Queimados,0,Região Metropolitana do Rio de Janeiro,RJ,Rio de Janeiro,51217,140327,76,96.241,34,91.19,46.85,95,0,0,0
3302403,Macaé,0,,RJ,Rio de Janeiro,92716,246134,1217,96.546,34,93.6,40.58,337,0,0,0
3305554,Seropédica,0,Região Metropolitana do Rio de Janeiro,RJ,Rio de Janeiro,29321,79896,265,95.328,34,93.13,52.67,95,0,0,0
3302007,Itaguaí,0,Região Metropolitana do Rio de Janeiro,RJ,Rio de Janeiro,42279,116492,283,95.842,34,95.27,49.39,169,0,0,0
3306156,Varre-Sai,0,,RJ,Rio de Janeiro,3627,10200,202,89.763,34,104.84,53.77,12,0,0,0
2405603,Jardim de Piranhas,0,,RN,Rio Grande do Norte,4962,13974,331,8.034,34,99.44,52.84,8,0,0,0
2409605,Pedra Preta,0,,RN,Rio Grande do Norte,780,2433,295,75.397,34,105.82,61.43,0,0,0,0
2401404,Baía Formosa,0,,RN,Rio Grande do Norte,2780,8819,247,82.876,34,103.62,43.26,558,0,0,0
2409704,Pedro Avelino,0,,RN,Rio Grande do Norte,2064,6237,953,75.568,34,105.13,58.98,0,0,200,180
2411700,São Bento do Trairí,0,,RN,Rio Grande do Norte,1295,3790,191,76.118,34,93.37,57.05,0,0,0,0
2409100,Passa e Fica,0,,RN,Rio Grande do Norte,3791,10851,42,77.747,34,96.22,54.07,6,0,0,0
2411106,Ruy Barbosa,0,,RN,Rio Grande do Norte,1090,3191,126,77.533,34,104.86,64.35,0,0,0,0
2412302,São José do Campestre,0,,RN,Rio Grande do Norte,3718,11119,341,77.503,34,97.22,62.95,1,0,0,0
2400406,Água Nova,0,,RN,Rio Grande do Norte,991,2946,51,79.082,34,95.88,58.75,0,0,0,0
2409407,Pau dos Ferros,0,,RN,Rio Grande do Norte,10776,30221,260,87.041,34,93.03,55.91,8,0,76,0
2407005,Luís Gomes,0,,RN,Rio Grande do Norte,3002,9067,167,78.213,34,98.86,60.09,21,0,1121,0
2403251,Parnamirim,0,Região Metropolitana de Natal,RN,Rio Grande do Norte,90152,252375,124,94.908,34,89.26,43.42,342,0,1142,0
2406700,Lajes,0,,RN,Rio Grande do Norte,3211,9849,677,81.811,34,96.93,65.95,2,0,0,0
2413508,Serrinha,0,,RN,Rio Grande do Norte,2245,6417,193,74.033,34,103.67,60.88,0,0,0,0
2405900,João Dias,0,,RN,Rio Grande do Norte,754,2075,88,77.939,34,99.04,53.76,0,0,0,0
2405504,Jardim de Angicos,0,,RN,Rio Grande do Norte,795,2428,254,78.594,34,102.24,56.5,102,0,0,0
2407609,Messias Targino,0,,RN,Rio Grande do Norte,1432,4271,143,75.883,34,95.52,58.78,2,0,0,0
2412609,São Paulo do Potengi,0,,RN,Rio Grande do Norte,5875,16750,240,81.116,34,94.6,56.99,11,0,0,0
2414100,Tenente Ananias,0,,RN,Rio Grande do Norte,3396,10251,224,77.852,34,98.88,56.48,0,0,0,0
2400703,Alto do Rodrigues,0,,RN,Rio Grande do Norte,4210,12450,191,83.868,34,95.12,42.18,0,0,0,0
2413300,Serra de São Bento,0,,RN,Rio Grande do Norte,1929,5674,97,72.963,34,97.88,58.05,2,0,0,0
2414605,Upanema,0,,RN,Rio Grande do Norte,4678,13575,873,77.774,34,103.46,48.65,0,0,0,0
2406403,Lagoa de Velhos,0,,RN,Rio Grande do Norte,869,2548,112,81.232,34,104.05,53.45,2,0,0,0
2400208,Açu,0,,RN,Rio Grande do Norte,19231,56426,1303,82.327,34,94.64,47.76,135,0,753,0
2402501,Carnaubais,0,,RN,Rio Grande do Norte,3234,9671,518,80.261,34,101.16,45.89,6,0,0,0
1100601,Cacaulândia,0,,RO,Rondônia,1483,4145,1962,88.078,34,106.26,46.5,0,0,0,0
1100015,Alta Floresta D'Oeste,0,,RO,Rondônia,7695,21440,7067,91.587,34,101.82,44.61,749,448,115,0
1100056,Cerejeiras,0,,RO,Rondônia,5873,15798,2783,92.152,34,98.03,47.01,23,0,37,0
1101450,Parecis,0,,RO,Rondônia,1482,4078,2549,89.528,34,110.24,37.82,78,63,0,0
4311627,Lindolfo Collor,0,,RS,Rio Grande do Sul,2310,6233,33,97.038,34,101.68,39.3,4,0,0,0
4306767,Eldorado do Sul,0,Região Metropolitana de Porto Alegre,RS,Rio Grande do Sul,14472,39416,510,9.649,34,96,48.27,58,0,0,0
4304408,Canela,0,,RS,Rio Grande do Sul,18302,48644,253,97.545,34,92.72,47.73,58,0,0,0
4300604,Alvorada,0,Região Metropolitana de Porto Alegre,RS,Rio Grande do Sul,68775,186616,72,9.738,34,91.23,47.91,233,0,54,0
4313375,Nova Santa Rita,0,Região Metropolitana de Porto Alegre,RS,Rio Grande do Sul,10271,28982,218,97.027,34,98.94,45.47,15,0,0,0
4302055,Benjamin Constant do Sul,0,,RS,Rio Grande do Sul,725,2082,132,88.145,34,109.25,63.44,964,929,0,0
4300877,Araricá,0,Região Metropolitana de Porto Alegre,RS,Rio Grande do Sul,3215,8524,35,96.969,34,99.23,44.67,4,0,0,0
4219507,Xanxerê,0,Região Metropolitana de Chapecó,SC,Santa Catarina,19301,51380,377,9.659,34,95.88,52.43,329,0,0,0
4204004,Catanduvas,0,Região Metropolitana do Contestado,SC,Santa Catarina,3822,10566,199,96.161,34,98.68,48.28,7,0,0,0
4208302,Itapema,0,Região Metropolitana da Foz do Rio Itajaí,SC,Santa Catarina,27423,75690,58,98.141,34,96.43,49.54,217,0,0,0
4219176,Vargem Bonita,0,Região Metropolitana do Contestado,SC,Santa Catarina,1610,4570,300,94.548,34,102.21,57.42,5,0,0,0
4210407,Maracajá,0,Região Metropolitana Carbonífera,SC,Santa Catarina,2744,7749,63,96.686,34,100.44,50.03,17,0,0,0
4202909,Brusque,0,Região Metropolitana do Vale do Itajaí,SC,Santa Catarina,50275,140884,285,98.154,34,96.07,44.93,195,0,0,0
4204806,Curitibanos,0,Região Metropolitana de Lages,SC,Santa Catarina,14314,39975,950,94.736,34,95.45,50.34,16,0,0,0
4212205,Papanduva,0,"Região Metropolitana do Norte/Nordeste Catarinense, Região Metropolitana do Planalto Norte",SC,Santa Catarina,6896,19143,765,96.098,34,102.92,48.34,6,0,0,0
4219309,Videira,0,Região Metropolitana do Contestado,SC,Santa Catarina,20543,55305,384,97.575,34,97.81,50.26,16,0,0,0
4208104,Itaiópolis,0,"Região Metropolitana do Norte/Nordeste Catarinense, Região Metropolitana do Planalto Norte",SC,Santa Catarina,7715,22011,1298,96.683,34,106.12,49.19,43,25,0,0
4209102,Joinville,0,"Região Metropolitana do Norte/Nordeste Catarinense, Região Metropolitana de Joinville ",SC,Santa Catarina,221964,612356,1128,98.433,34,96.7,49.43,534,0,317,0
4216057,São Cristovão do Sul,0,Região Metropolitana de Lages,SC,Santa Catarina,1475,4289,346,92.972,34,184.57,43.82,0,0,0,0
4216354,São João do Itaperiú,0,"Região Metropolitana do Norte/Nordeste Catarinense, Região Metropolitana de Jaraguá do Sul",SC,Santa Catarina,1490,4459,152,96.247,34,105.29,49.59,3,0,0,0
4202602,Bom Retiro,0,Região Metropolitana de Lages,SC,Santa Catarina,3037,8408,1057,94.406,34,101.1,54.81,1,0,0,0
4212270,Passos Maia,0,Região Metropolitana de Chapecó,SC,Santa Catarina,1337,4020,617,92.142,34,103.94,51.97,11,0,0,0
4213005,Pinheiro Preto,0,Região Metropolitana do Contestado,SC,Santa Catarina,1175,3473,61,97.427,34,100.64,56.3,5,0,0,0
4217709,Sombrio,0,Região Metropolitana Carbonífera,SC,Santa Catarina,11048,29956,143,96.757,34,94.81,47.75,13,0,0,0
4211207,Morro da Fumaça,0,Região Metropolitana Carbonífera,SC,Santa Catarina,6400,18535,83,96.434,34,97.85,42.14,8,0,0,0
4203709,Canelinha,0,Região Metropolitana de Florianópolis,SC,Santa Catarina,4490,12816,151,94.298,34,102.86,49.53,4,0,0,0
4208500,Ituporanga,0,Região Metropolitana do Alto Vale do Itajaí,SC,Santa Catarina,9514,26365,337,96.958,34,99.63,51.36,26,0,10,0
4209904,Lontras,0,Região Metropolitana do Alto Vale do Itajaí,SC,Santa Catarina,4659,12851,198,96.423,34,99.37,50.33,9,0,0,0
4208906,Jaraguá do Sul,0,"Região Metropolitana do Norte/Nordeste Catarinense, Região Metropolitana de Jaraguá do Sul",SC,Santa Catarina,66380,181976,531,98.564,34,97.89,43.65,95,0,0,0
4211108,Monte Castelo,0,"Região Metropolitana do Norte/Nordeste Catarinense, Região Metropolitana do Planalto Norte",SC,Santa Catarina,2676,7722,561,95.347,34,104.39,49.08,0,0,0,0
4206306,Guabiruba,0,Região Metropolitana do Vale do Itajaí,SC,Santa Catarina,8367,24543,172,97.822,34,100.71,43.63,21,0,0,0
4217402,Schroeder,0,"Região Metropolitana do Norte/Nordeste Catarinense, Região Metropolitana de Jaraguá do Sul",SC,Santa Catarina,6835,20053,165,98.007,34,100.27,37.42,19,0,0,0
4211751,Otacílio Costa,0,Região Metropolitana de Lages,SC,Santa Catarina,6307,17283,847,95.677,34,98.4,48.16,6,0,0,0
4213708,Pouso Redondo,0,Região Metropolitana do Alto Vale do Itajaí,SC,Santa Catarina,6072,17118,357,96.195,34,100.97,49.23,34,0,0,0
4202305,Biguaçu,0,Região Metropolitana de Florianópolis,SC,Santa Catarina,28300,76506,366,97.148,34,95.79,46.24,453,202,0,0
4205506,Fraiburgo,0,Região Metropolitana do Contestado,SC,Santa Catarina,11916,33463,549,95.708,34,97.87,49.27,100,0,19,0
4205902,Gaspar,0,Região Metropolitana do Vale do Itajaí,SC,Santa Catarina,25852,72469,387,97.991,34,97.76,47.49,85,0,0,0
2804706,Nossa Senhora de Lourdes,0,,SE,Sergipe,2244,6248,84,7.722,34,100.19,51.68,17,0,1,0
2803708,Macambira,0,,SE,Sergipe,2486,6778,137,805,34,94.98,56.14,2,0,0,0
2806800,São Domingos,0,,SE,Sergipe,3851,10316,102,79.667,34,94.7,52.62,5,0,0,0
2800209,Aquidabã,0,,SE,Sergipe,7417,20089,360,77.689,34,95.52,56.43,17,0,984,156
2801900,Cumbe,0,,SE,Sergipe,1368,3818,128,78.094,34,96.1,55.58,30,0,342,17
2806206,Salgado,0,,SE,Sergipe,7332,20267,248,8.043,34,98.93,46.54,29,0,9,0
2802502,General Maynard,0,,SE,Sergipe,1111,3036,20,85.642,34,89.22,42.31,0,0,0,0
2807006,São Miguel do Aleixo,0,,SE,Sergipe,1281,3426,145,73.972,34,95.34,59.39,0,0,0,0
2802403,Gararu,0,,SE,Sergipe,3949,11054,657,72.327,34,106.17,48.45,10,0,2,0
2805208,Pinhão,0,,SE,Sergipe,2028,5663,156,78.954,34,94.02,55.75,5,0,0,0
2805109,Pedrinhas,0,,SE,Sergipe,2682,7384,33,7.675,34,93.36,53.44,12,0,0,0
3531803,Monte Mor,0,Região Metropolitana de Campinas,SP,São Paulo,22385,64586,241,95.575,34,97.2,41.45,48,0,0,0
3543105,Ribeirão Corrente,0,Aglomeração Urbana de Franca,SP,São Paulo,1584,4604,148,9.277,34,100.17,51.8,5,0,0,0
3550704,São Sebastião,0,Região Metropolitana do Vale do Paraíba e Litoral Norte,SP,São Paulo,28979,81435,402,95.617,34,95.63,43.68,487,291,0,0
3535804,Paranapanema,0,,SP,São Paulo,6843,19353,1019,94.307,34,103.26,49.43,9,0,0,0
3523602,Itirapina,0,,SP,São Paulo,4788,13138,565,96.509,34,143.23,63.72,8,0,0,0
3526506,Lavínia,0,,SP,São Paulo,1837,4798,538,96.515,34,286.63,103.17,6,0,0,0
3510609,Carapicuíba,0,Região Metropolitana de São Paulo,SP,São Paulo,136793,386633,35,96.621,34,92.48,45.97,420,0,0,0
3503604,Areiópolis,0,,SP,São Paulo,3400,10113,86,93.716,34,101.67,44.6,2,0,0,0
3528700,Marabá Paulista,0,,SP,São Paulo,1383,3499,920,9.358,34,165.72,77.37,4,0,0,0
3507308,Boracéia,0,,SP,São Paulo,1635,4715,122,95.104,34,103.06,55.07,6,0,0,0
3544202,Riolândia,0,,SP,São Paulo,3005,7889,632,92.593,34,158.57,65.46,3,0,0,0
3555703,União Paulista,0,Região Metropolitana de São José do Rio Preto,SP,São Paulo,585,1603,79,93.296,34,96.45,54.86,0,0,0,0
3556909,Vista Alegre do Alto,0,,SP,São Paulo,2866,8109,95,93.176,34,102.67,49.39,1,0,0,0
3556503,Várzea Paulista,0,Região Metropolitana de Jundiaí,SP,São Paulo,40492,115557,35,96.529,34,98.11,47.11,59,0,4,0
3514809,Eldorado,0,,SP,São Paulo,4598,13055,1654,92.381,34,100.51,55.76,112,91,2240,1386
3552502,Suzano,0,Região Metropolitana de São Paulo,SP,São Paulo,105752,306859,206,96.614,34,93.55,44.68,339,0,0,0
3518800,Guarulhos,0,Região Metropolitana de São Paulo,SP,São Paulo,450559,1284053,319,96.778,34,92.53,46.27,1640,0,2,0
3525854,Jumirim,0,Região Metropolitana de Sorocaba,SP,São Paulo,1002,3056,57,96.266,34,99.22,57.19,1,0,0,0
3555356,Ubarana,0,Região Metropolitana de São José do Rio Preto,SP,São Paulo,1922,5365,210,91.898,34,105.01,54.29,4,0,0,0
3513504,Cubatão,0,Região Metropolitana da Baixada Santista,SP,São Paulo,40091,112397,143,95.453,34,92.33,45.48,180,0,0,0
3522208,Itapecerica da Serra,0,Região Metropolitana de São Paulo,SP,São Paulo,54563,157865,151,95.515,34,95.42,41.13,252,0,0,0
3539509,Pitangueiras,0,Região Metropolitana de Ribeirão Preto,SP,São Paulo,11906,33639,431,94.491,34,98.98,51.98,18,0,0,0
3544103,Rio Grande da Serra,0,Região Metropolitana de São Paulo,SP,São Paulo,15740,44059,36,95.794,34,95.36,46.36,46,0,0,0
3519303,Ibaté,0,,SP,São Paulo,11092,32175,291,95.078,34,99.39,45.33,24,0,0,0
3505708,Barueri,0,Região Metropolitana de São Paulo,SP,São Paulo,109460,316252,66,97.389,34,91.32,38.41,217,0,0,0
3516853,Gavião Peixoto,0,,SP,São Paulo,1640,4700,244,94.261,34,98.65,50.26,0,0,0,0
3519071,Hortolândia,0,Região Metropolitana de Campinas,SP,São Paulo,80802,232196,62,96.926,34,98.32,42.06,265,0,6,0
3522901,Itapuí,0,,SP,São Paulo,4749,13610,140,94.817,34,99.14,53.53,1,0,0,0
3530904,Mombuca,0,Região Metropolitana de Piracicaba,SP,São Paulo,1232,3722,134,92.926,34,96.52,44.03,0,0,0,0
3513009,Cotia,0,Região Metropolitana de São Paulo,SP,São Paulo,95935,273741,324,96.941,34,93.97,40.23,316,0,0,0
3525003,Jandira,0,Região Metropolitana de São Paulo,SP,São Paulo,42009,118024,17,96.945,34,93.91,40.18,83,0,0,0
3527603,Luís Antônio,0,Região Metropolitana de Ribeirão Preto,SP,São Paulo,4169,12260,598,95.655,34,100.02,44.33,8,0,0,0
3505351,Barra do Chapéu,0,,SP,São Paulo,1876,5179,406,91.187,34,107.49,51.25,3,0,12,0
3555505,Ubirajara,0,,SP,São Paulo,1832,5129,282,93.899,34,107.86,55.02,0,0,0,0
3526605,Lavrinhas,0,Região Metropolitana do Vale do Paraíba e Litoral Norte,SP,São Paulo,2392,7140,167,95.688,34,98.75,43.71,1,0,0,0
1717008,Pindorama do Tocantins,0,,TO,Tocantins,1490,4469,1561,87.328,34,109.84,50.19,8,0,15,0
1706001,Couto Magalhães,0,,TO,Tocantins,1845,5327,1584,8.616,34,108.08,46.74,3,0,0,0
1714203,Natividade,0,,TO,Tocantins,3061,8737,3242,86.329,34,105.44,50.73,6,0,967,0
1703206,Bernardo Sayão,0,,TO,Tocantins,1520,4221,924,86.407,34,103.61,41.44,2,0,0,0
1701051,Angico,0,,TO,Tocantins,894,2872,448,89.397,34,111.16,46.04,5,0,0,0
1715705,Palmeirante,0,,TO,Tocantins,1663,4786,2638,835,34,112.96,46.36,21,0,0,0
1713304,Miranorte,0,Região Metropolitana de Palmas,TO,Tocantins,4398,12663,1033,90.808,34,103.25,49.76,7,0,0,0
1702406,Arraias,0,,TO,Tocantins,3727,10194,5803,83.724,34,105.29,58.94,9,0,1569,283
1711803,Juarina,0,,TO,Tocantins,737,2243,483,86.507,34,104.09,44.26,1,0,0,0
1716208,Paranã,0,,TO,Tocantins,3670,10521,11217,8.214,34,111.14,51.6,17,0,777,78
1701903,Araguacema,0,,TO,Tocantins,2061,5914,2775,87.359,34,107.96,48.42,16,0,0,0
1713205,Miracema do Tocantins,0,Região Metropolitana de Palmas,TO,Tocantins,6365,18439,2664,90.711,34,100.11,50.29,118,0,0,0
1700251,Abreulândia,0,,TO,Tocantins,925,2575,1906,87.873,34,112.72,44.39,1,0,0,0
1702307,Arapoema,0,,TO,Tocantins,1962,5542,1558,87.208,34,105.33,46.62,2,0,0,0
1710706,Itaguatins,0,,TO,Tocantins,1742,5167,730,82.381,34,107.05,50.68,36,0,0,0
1720903,Taguatinga,0,,TO,Tocantins,5011,13957,2342,87.259,34,105.17,53.36,0,0,4,0
1705557,Combinado,0,,TO,Tocantins,1741,4732,209,88.475,34,100.51,42.14,2,0,0,0
2704906,Mar Vermelho,0,,AL,Alagoas,1062,3155,92,79.239,36,97.56,62.93,1,0,0,0
2925931,Quixabeira,0,,BA,Bahia,3610,9447,366,81.967,36,101.73,75.72,10,0,1430,0
2931103,Tanquinho,0,Região Metropolitana de Feira de Santana,BA,Bahia,2595,7713,244,8.651,36,94.48,72.38,4,0,4,0
2903508,Belo Campo,0,,BA,Bahia,6361,18381,773,79.991,36,99.52,72.7,220,0,261,0
2929404,São Miguel das Matas,0,,BA,Bahia,3816,10333,231,8.184,36,99.92,66.4,76,0,0,0
2918555,Jussari,0,,BA,Bahia,2080,5888,329,81.838,36,101.44,64.75,180,0,0,0
2931004,Tanhaçu,0,,BA,Bahia,7310,21004,1278,78.833,36,100.63,69.65,219,0,1133,0
2905008,Caculé,0,,BA,Bahia,7827,22428,611,85.951,36,97.47,74.53,3,0,0,0
2930402,Serra Preta,0,Área de Expansão Metropolitana,BA,Bahia,5831,17970,595,79.777,36,93.44,77.29,5,0,18,0
2902609,Baixa Grande,0,,BA,Bahia,6490,18164,968,80.725,36,98.71,72.3,141,0,0,0
2913101,Ibititá,0,,BA,Bahia,6003,16934,573,85.167,36,100.96,62.93,43,0,4219,0
2913309,Ichu,0,,BA,Bahia,2173,6180,138,88.949,36,94.78,70.75,2,0,180,0
2927903,Santa Inês,0,,BA,Bahia,3601,10238,379,7.896,36,97.92,68.07,52,0,0,0
2900405,Água Fria,0,,BA,Bahia,5448,14471,743,79.981,36,94.43,68.91,644,0,1085,0
2913903,Ipiaú,0,,BA,Bahia,14843,40553,280,85.198,36,92.81,63.56,874,0,46,0
2930006,Sebastião Laranjeiras,0,,BA,Bahia,3183,9353,1985,784,36,102.07,62.51,0,0,0,0
2914208,Irajuba,0,,BA,Bahia,2191,6090,459,77.454,36,97.25,67.51,63,0,0,0
2928208,Santana,0,,BA,Bahia,8397,24692,1909,83.257,36,103.38,68.32,844,0,0,0
2932606,Urandi,0,,BA,Bahia,5135,15354,902,82.726,36,100.22,71.25,36,0,373,0
2912400,Ibipeba,0,,BA,Bahia,5819,16580,1382,84.223,36,102.25,61.03,63,0,4998,0
2928505,Santa Teresinha,0,,BA,Bahia,4013,10425,719,79.062,36,93.6,70.43,46,0,1025,0
2933174,Varzedo,0,,BA,Bahia,3622,9889,221,80.575,36,99.14,64.78,63,0,5,0
2921203,Miguel Calmon,0,,BA,Bahia,9294,24619,1600,83.507,36,96.94,62.73,27,0,950,0
2922300,Muritiba,0,,BA,Bahia,9991,28643,86,88.199,36,87.52,58.36,540,0,2006,0
2932101,Ubaíra,0,,BA,Bahia,6851,18615,659,76.417,36,99.85,64.74,10,0,41,0
2933059,Várzea da Roça,0,,BA,Bahia,5031,13800,468,76.794,36,97.59,73.6,25,0,18,0
2901502,Anguera,0,Área de Expansão Metropolitana,BA,Bahia,3150,11028,188,85.219,36,95.83,68.86,9,0,0,0
2920403,Manoel Vitorino,0,,BA,Bahia,4825,13856,2202,762,36,102.45,68.83,8,0,0,0
2904100,Boquira,0,,BA,Bahia,6448,19315,1426,79.453,36,96.82,74.76,87,0,41,0
2923209,Oliveira dos Brejinhos,0,,BA,Bahia,7530,20699,3313,85.199,36,102.28,74.11,20,0,0,0
2919009,Lajedinho,0,,BA,Bahia,1276,3524,847,81.815,36,98.93,58.65,1,0,0,0
2932507,Una,0,,BA,Bahia,6938,18031,1127,821,36,100.43,60.14,920,0,20,0
2907400,Catolândia,0,,BA,Bahia,1123,3430,703,79.473,36,107.87,62.13,37,0,0,0
2913408,Igaporã,0,,BA,Bahia,4886,15524,837,8.164,36,96.92,73.82,3,0,769,0
2916807,Itarantim,0,,BA,Bahia,6280,17035,1674,83.278,36,103.1,64.4,614,0,0,0
2919058,Lajedo do Tabocal,0,,BA,Bahia,2730,7488,383,81.769,36,99.95,67.58,17,0,198,0
2915700,Itamari,0,,BA,Bahia,2555,7048,143,77.345,36,100.71,64.99,132,0,82,0
2910750,Fátima,0,,BA,Bahia,6801,17894,364,75.061,36,100.26,70.86,144,0,485,0
2921450,Mirante,0,,BA,Bahia,3448,10181,1173,75.889,36,106.76,74.23,17,0,6,0
2921104,Medeiros Neto,0,,BA,Bahia,8470,22166,1312,83.187,36,101.73,67.13,58,0,0,0
2905156,Caetanos,0,,BA,Bahia,3672,11243,767,75.903,36,104.65,73.93,38,0,0,0
2911857,Heliópolis,0,,BA,Bahia,4479,12258,313,73.723,36,100.83,72.9,14,0,2,0
2924801,Piritiba,0,,BA,Bahia,6579,17528,980,83.375,36,96.93,66.74,39,0,94,0
2912509,Ibipitanga,0,,BA,Bahia,4755,13863,954,771,36,99.01,79.3,142,0,175,0
2901106,Amélia Rodrigues,0,Região Metropolitana de Feira de Santana,BA,Bahia,8600,24100,167,90.264,36,87.39,57.61,264,0,521,0
2912905,Ibirataia,0,,BA,Bahia,6913,18769,318,7.784,36,94.55,59.63,39,0,0,0
2933000,Valente,0,,BA,Bahia,9062,24362,395,85.098,36,94.34,62.86,130,0,2,0
2901601,Antas,0,,BA,Bahia,4484,14195,320,81.688,36,100.65,83.85,90,0,394,0
2932309,Ubatã,0,,BA,Bahia,5862,16089,178,83.425,36,93.67,63.37,43,0,4,0
2911808,Guaratinga,0,,BA,Bahia,7244,19016,2189,72.412,36,105.87,67.97,948,0,0,0
2904605,Brumado,0,,BA,Bahia,24535,70462,2208,88.065,36,95.11,61.33,617,0,0,0
2906709,Cândido Sales,0,,BA,Bahia,8890,25226,1170,79.962,36,99,61.36,131,0,15,0
2913606,Ilhéus,0,,BA,Bahia,66586,178207,1589,90.858,36,91.87,56.87,12941,0,2159,0
2908804,Contendas do Sincorá,0,,BA,Bahia,1518,4327,977,8.287,36,102.38,77.7,35,0,247,0
2913507,Iguaí,0,,BA,Bahia,7951,21440,860,75.936,36,102.52,65.73,40,0,30,0
2917201,Ituaçu,0,,BA,Bahia,6191,17876,1199,78.516,36,99.38,68.76,124,0,209,0
2903102,Barra do Rocha,0,,BA,Bahia,2141,5772,214,73.776,36,109.39,60.08,26,0,8,0
2922102,Mundo Novo,0,,BA,Bahia,6437,17278,1492,81.664,36,97.14,63.37,17,0,75,0
2931707,Terra Nova,0,,BA,Bahia,3790,10790,193,89.606,36,90.44,61.14,74,0,421,0
2915205,Itagibá,0,,BA,Bahia,5441,15284,811,81.042,36,101.18,63.19,59,0,0,0
2916708,Itaquara,0,,BA,Bahia,2775,8150,344,78.569,36,99.98,65.74,1,0,0,0
2923407,Palmas de Monte Alto,0,,BA,Bahia,6773,20062,2560,77.203,36,102.26,67.35,130,0,3183,0
2924058,Pé de Serra,0,,BA,Bahia,4878,13215,597,79.883,36,96.19,68.94,32,0,7,0
2910107,Dom Basílio,0,,BA,Bahia,3782,11878,690,81.365,36,104.23,70.07,4,0,0,0
2929503,São Sebastião do Passé,0,Região Metropolitana de Salvador,BA,Bahia,15128,40913,537,89.128,36,89.93,53.5,197,0,790,0
2930600,Serrolândia,0,,BA,Bahia,5200,13306,322,79.431,36,95.33,67.3,219,0,394,0
2919926,Madre de Deus,0,Região Metropolitana de Salvador,BA,Bahia,6773,18406,32,95.578,36,88.47,47.06,729,0,4,0
2927804,Santa Cruz da Vitória,0,,BA,Bahia,1692,4654,284,78.993,36,99.7,65.24,42,0,0,0
2909802,Cruz das Almas,0,,BA,Bahia,21726,60257,139,91.316,36,87.22,56.34,745,0,835,0
2923308,Ouriçangas,0,,BA,Bahia,2783,7708,157,80.262,36,93.04,64.61,165,0,804,0
2920601,Maragogipe,0,,BA,Bahia,12953,35791,438,82.405,36,95.42,55.82,310,0,5809,1385
2922755,Nova Ibiá,0,,BA,Bahia,2401,6492,203,7.848,36,106.77,53.61,2,0,178,0
2919504,Livramento de Nossa Senhora,0,,BA,Bahia,14710,43884,1953,82.798,36,100.4,64.17,171,0,2819,0
2900504,Érico Cardoso,0,,BA,Bahia,3107,10600,735,75.831,36,99.36,80.22,2,0,555,0
2304277,Ererê,0,,CE,Ceará,2248,6473,363,75.903,36,98.83,66.64,4,0,0,0
2308351,Milhã,0,,CE,Ceará,4660,14094,502,81.331,36,100.1,73.45,4,0,141,0
2308708,Morada Nova,0,,CE,Ceará,22663,61383,2764,79.169,36,97.22,69.66,23,0,0,0
2312700,Senador Pompeu,0,,CE,Ceará,8958,24241,957,78.632,36,95.33,72.25,5,0,0,0
2306900,Jaguaribe,0,,CE,Ceará,12399,33708,1877,81.787,36,94.16,69.06,8,0,0,0
2310902,Piquet Carneiro,0,,CE,Ceará,5737,16609,590,80.317,36,98.97,81.85,5,0,0,0
2303600,Catarina,0,,CE,Ceará,3651,10231,488,73.738,36,97.4,73.31,1,0,0,0
2301505,Arneiroz,0,,CE,Ceará,2599,7408,1068,75.888,36,100.3,72.6,8,0,0,0
2305654,Ipaporanga,0,,CE,Ceará,4296,11566,705,76.565,36,98.58,72.68,5,0,0,0
2313104,Tabuleiro do Norte,0,,CE,Ceará,11737,30629,1048,81.173,36,90.97,65.31,7,0,0,0
2310001,Palhano,0,,CE,Ceará,3256,9343,437,77.781,36,99.96,69.52,3,0,0,0
3201704,Conceição do Castelo,0,,ES,Espírito Santo,4466,11932,370,92.223,36,100.15,66.71,8,0,0,0
3202009,Dores do Rio Preto,0,,ES,Espírito Santo,2485,6590,159,88.728,36,100.61,61.55,9,0,0,0
3205069,Venda Nova do Imigrante,0,,ES,Espírito Santo,8902,23822,186,9.467,36,96.48,61.14,15,0,0,0
3205036,Vargem Alta,0,,ES,Espírito Santo,7122,19544,418,93.187,36,103.29,61.27,8,0,444,0
3203700,Muniz Freire,0,,ES,Espírito Santo,6712,18140,679,8.813,36,103.01,65.1,13,0,14,0
3203502,Montanha,0,,ES,Espírito Santo,7017,18869,1099,87.577,36,97.84,60.26,24,0,27,0
3200706,Atilio Vivacqua,0,,ES,Espírito Santo,3844,10522,233,92.564,36,99.43,59.44,3,0,0,0
3204203,Piúma,0,,ES,Espírito Santo,8500,22237,74,9.545,36,95.6,58.91,29,0,0,0
3200904,Barra de São Francisco,0,,ES,Espírito Santo,16054,42227,945,89.232,36,97.63,57.69,32,0,0,0
3203346,Marechal Floriano,0,,ES,Espírito Santo,6607,17608,285,93.927,36,99.42,57.6,12,0,0,0
3203320,Marataízes,0,,ES,Espírito Santo,14966,41823,130,92.859,36,95.97,62.95,27,0,11,0
3204708,São Gabriel da Palha,0,,ES,Espírito Santo,12624,32219,435,93.289,36,97.08,62.89,20,0,0,0
3202306,Guaçuí,0,,ES,Espírito Santo,10952,29264,468,91.159,36,94.58,66.93,38,0,91,0
3200409,Anchieta,0,,ES,Espírito Santo,11037,29943,410,95.599,36,97.74,59.31,333,0,0,0
3201001,Boa Esperança,0,,ES,Espírito Santo,5039,13568,429,89.318,36,98.77,59.7,7,0,0,0
3204658,São Domingos do Norte,0,,ES,Espírito Santo,3096,8337,299,92.322,36,109.9,68.11,4,0,0,0
3203908,Nova Venécia,0,,ES,Espírito Santo,18589,48944,1440,92.311,36,98.07,61.14,54,0,0,0
5212105,Joviânia,0,,GO,Goiás,2730,7106,446,92.221,36,102.63,63.64,24,0,0,0
5206404,Crixás,0,,GO,Goiás,6186,17006,4673,90.523,36,105.21,50.49,48,0,0,0
5220157,São Luíz do Norte,0,,GO,Goiás,1797,4832,584,88.499,36,103.92,52.16,16,0,147,27
5209937,Inaciolândia,0,,GO,Goiás,2207,5886,689,87.534,36,101.08,60.69,23,0,0,0
5219712,Santo Antônio da Barra,0,,GO,Goiás,1570,4262,450,86.756,36,108.76,62.69,1,0,0,0
5219803,São Domingos,0,,GO,Goiás,3469,9671,3336,8.434,36,111.66,52.07,3,0,0,0
5201801,Aragoiânia,0,Região Metropolitana de Goiânia,GO,Goiás,4648,11846,218,91.399,36,99.23,54.5,5,0,0,0
5217401,Pires do Rio,0,,GO,Goiás,12264,32061,1078,94.823,36,98.39,67.78,52,0,0,0
5218607,Rialma,0,,GO,Goiás,4473,12071,268,94.435,36,97.68,63.33,20,0,0,0
5205802,Corumbá de Goiás,0,Região Integrada de Desenvolvimento do Distrito Federal e Entorno,GO,Goiás,3719,10351,1065,89.883,36,104.89,67.46,58,0,72,0
5201454,Aparecida do Rio Doce,0,,GO,Goiás,1099,2872,603,91.553,36,99.11,56.48,5,0,0,0
5211503,Itumbiara,0,,GO,Goiás,39710,107289,2447,9.449,36,94.64,56.77,234,0,229,0
5203575,Bonópolis,0,,GO,Goiás,1237,3282,1635,86.756,36,104.15,54.64,6,0,0,0
5206701,Damianópolis,0,,GO,Goiás,1367,3768,418,87.733,36,101.82,57.97,12,0,0,0
5209101,Goiatuba,0,,GO,Goiás,13556,35481,2480,94.301,36,97,65.53,34,0,0,0
5201702,Aragarças,0,,GO,Goiás,6636,18193,662,93.166,36,99.54,58.45,487,0,0,0
5203302,Bela Vista de Goiás,0,Região Metropolitana de Goiânia,GO,Goiás,12905,34320,1274,94.042,36,100.96,60.67,41,0,0,0
5220603,Silvânia,0,,GO,Goiás,8140,22098,2350,94.419,36,102.69,55.51,24,0,209,0
5215009,Nova Veneza,0,Região Metropolitana de Goiânia,GO,Goiás,3464,9444,122,93.675,36,99.85,65.95,11,0,0,0
5216403,Paraúna,0,,GO,Goiás,4085,10640,3787,93.234,36,96.12,58.97,23,0,0,0
5222302,Vila Propício,0,Região Integrada de Desenvolvimento do Distrito Federal e Entorno,GO,Goiás,2180,5808,2182,85.674,36,109.7,52.16,5,0,17,0
5213806,Morrinhos,0,,GO,Goiás,19727,51017,2846,95.134,36,99.19,62.72,48,0,0,0
5207402,Edéia,0,,GO,Goiás,4365,11640,1469,91.351,36,100.32,58.12,20,0,7,0
5219407,Santa Rita do Araguaia,0,,GO,Goiás,2301,5910,1357,92.677,36,98.19,57.8,2,0,0,0
5205901,Corumbaíba,0,,GO,Goiás,3506,9103,1864,94.555,36,103.69,62,13,0,0,0
5208301,Divinópolis de Goiás,0,,GO,Goiás,1645,4457,829,86.122,36,99.06,60.82,1,0,619,0
2104909,Guimarães,0,,MA,Maranhão,3516,10277,479,88.949,36,99.53,62.44,125,0,3170,0
3115805,Centralina,0,,MG,Minas Gerais,3754,10183,322,91.487,36,100.26,65.14,3,0,0,0
3118304,Conselheiro Lafaiete,0,,MG,Minas Gerais,47587,131063,370,97.273,36,92.66,68.81,53,0,154,0
3137205,Lagoa da Prata,0,,MG,Minas Gerais,18388,50999,440,95.422,36,95.73,61.87,45,0,0,0
3137304,Lagoa dos Patos,0,,MG,Minas Gerais,1206,3306,601,87.633,36,104.89,60.58,0,0,0,0
3142700,Montalvânia,0,,MG,Minas Gerais,4796,14056,1504,82.859,36,100.51,69.18,14,0,7,0
3117702,Conceição do Rio Verde,0,,MG,Minas Gerais,4567,12471,370,90.862,36,100.75,69.26,4,0,0,0
3130556,Imbé de Minas,0,,MG,Minas Gerais,2542,6976,197,87.074,36,104.27,59.25,2,0,0,0
3130705,Indianópolis,0,,MG,Minas Gerais,2263,6106,830,91.144,36,108.2,54.49,2,0,1,0
3101706,Almenara,0,,MG,Minas Gerais,14479,40056,2294,83.609,36,97.35,61.65,30,0,126,65
3135803,Jequitinhonha,0,,MG,Minas Gerais,8310,23847,3514,82.594,36,103.07,74.65,36,0,276,236
3121209,Delfinópolis,0,,MG,Minas Gerais,2987,8302,1378,92.498,36,109.3,63.1,9,0,0,0
3118106,Congonhas do Norte,0,,MG,Minas Gerais,1720,4818,406,84.968,36,102.13,76.1,1,0,54,0
3146552,Pai Pedro,0,,MG,Minas Gerais,1978,5550,840,76.461,36,102.59,60.02,11,0,1287,930
3164407,São Sebastião da Bela Vista,0,,MG,Minas Gerais,2229,6339,167,91.067,36,105.37,60.56,1,0,0,0
3168101,Tapira,0,,MG,Minas Gerais,1435,4117,1179,948,36,107.04,53.55,3,0,0,0
3127008,Fronteira,0,,MG,Minas Gerais,5464,14535,200,91.942,36,101.08,57.4,10,0,0,0
3147907,Passos,0,,MG,Minas Gerais,41262,111654,1338,96.102,36,94.78,70.02,67,0,36,0
3113404,Caratinga,0,Colar Metropolitano,MG,Minas Gerais,32668,86560,1258,93.513,36,94.61,68.32,42,0,0,0
3118809,Coração de Jesus,0,,MG,Minas Gerais,9295,25315,2225,86.998,36,100.74,65.47,11,0,469,0
3126703,Francisco Sá,0,,MG,Minas Gerais,7981,22891,2747,84.561,36,105.66,66.13,12,0,442,0
3141405,Medina,0,,MG,Minas Gerais,7244,20071,1436,84.595,36,100.62,74.84,1,0,2,0
3122207,Divinolândia de Minas,0,,MG,Minas Gerais,2305,6514,133,89.201,36,93.7,66.31,4,0,0,0
3138203,Lavras,0,,MG,Minas Gerais,38931,104363,565,97.459,36,92.06,72.83,68,0,0,0
3162005,São Gonçalo do Sapucaí,0,,MG,Minas Gerais,8358,23914,517,9.444,36,98.81,65.74,11,0,0,0
3169802,Turvolândia,0,,MG,Minas Gerais,1798,4888,221,93.013,36,107.79,70.81,1,0,0,0
3124005,Ervália,0,,MG,Minas Gerais,7668,20115,357,88.762,36,100.13,73.79,28,0,0,0
3145851,Oratórios,0,,MG,Minas Gerais,1658,4913,89,88.612,36,101.1,64.03,23,0,0,0
3170107,Uberaba,0,,MG,Minas Gerais,127349,335581,4524,96.868,36,92.72,65.62,236,0,1,0
3127107,Frutal,0,,MG,Minas Gerais,23081,58194,2427,95.395,36,99.09,61.55,32,0,6,0
3147956,Patis,0,,MG,Minas Gerais,1672,4836,444,82.452,36,102.47,64.97,4,0,0,0
3169901,Ubá,0,,MG,Minas Gerais,39042,102943,407,96.077,36,94.68,62.63,104,0,735,0
3118601,Contagem,0,Região Metropolitana de Belo Horizonte,MG,Minas Gerais,228783,619131,195,97.285,36,91.85,59.66,792,0,1145,0
3159605,Santa Rita do Sapucaí,0,,MG,Minas Gerais,14172,40427,353,94.475,36,98.13,64.7,25,0,43,0
3163508,São José do Jacuri,0,,MG,Minas Gerais,2211,6194,345,85.521,36,102.12,73.31,11,0,6,0
3164506,São Sebastião do Maranhão,0,,MG,Minas Gerais,3347,10047,518,82.315,36,107.77,79.47,1,0,0,0
3128600,Guarda-Mor,0,,MG,Minas Gerais,2407,6501,2069,93.298,36,106.8,56.22,6,0,0,0
3110905,Campanha,0,,MG,Minas Gerais,5702,15802,336,94.514,36,98.64,73.01,7,0,0,0
3170701,Varginha,0,,MG,Minas Gerais,49488,136058,395,96.805,36,93.81,64.25,78,0,0,0
3120201,Cristais,0,,MG,Minas Gerais,4494,12119,628,93.326,36,101.1,71.82,3,0,0,0
3141108,Matozinhos,0,Região Metropolitana de Belo Horizonte,MG,Minas Gerais,13310,37587,252,95.946,36,93.42,55.46,26,0,0,0
3133709,Itatiaiuçu,0,Região Metropolitana de Belo Horizonte,MG,Minas Gerais,4590,12840,295,94.132,36,101.99,63.55,13,0,1,0
3163102,São José da Varginha,0,Colar Metropolitano de Belo Horizonte,MG,Minas Gerais,1739,4531,206,93.684,36,109.03,62.34,7,0,0,0
3169307,Três Corações,0,,MG,Minas Gerais,26358,74333,828,95.034,36,96.37,62.47,24,0,302,0
3166907,Serrania,0,,MG,Minas Gerais,2743,7593,209,91.121,36,100.24,73.07,7,0,0,0
3116001,Chalé,0,,MG,Minas Gerais,2227,5996,213,90.092,36,100.5,66.36,1,0,0,0
3116803,Coluna,0,,MG,Minas Gerais,2977,8107,348,84.155,36,100.71,73.38,8,0,434,0
3120904,Curvelo,0,,MG,Minas Gerais,29782,80346,3296,94.799,36,92.75,70.15,37,0,1,0
3102704,Cachoeira de Pajeú,0,,MG,Minas Gerais,2928,9078,696,82.735,36,102.58,79.02,0,0,0,0
3139706,Maravilhas,0,,MG,Minas Gerais,2527,7326,262,94.247,36,101.9,64.8,0,0,0,0
3152501,Pouso Alegre,0,,MG,Minas Gerais,55931,150966,543,97.096,36,96.65,62.5,99,0,35,0
3160405,Santo Antônio do Monte,0,,MG,Minas Gerais,10148,27233,1126,95.231,36,97.73,65.02,4,0,1,0
3122405,Divisa Nova,0,,MG,Minas Gerais,2086,5831,217,91.153,36,107.78,71.3,0,0,0,0
3156700,Sabará,0,Região Metropolitana de Belo Horizonte,MG,Minas Gerais,45809,129262,302,96.177,36,91.19,58.51,117,0,0,0
3156908,Sacramento,0,,MG,Minas Gerais,9701,26438,3073,95.282,36,100.81,63.92,45,0,3,0
3157252,Santa Bárbara do Leste,0,,MG,Minas Gerais,3066,8440,107,90.687,36,103.81,63.6,7,0,0,0
3153905,Raposos,0,Região Metropolitana de Belo Horizonte,MG,Minas Gerais,5594,16271,72,96.328,36,93.13,59.82,5,0,0,0
3108602,Brasília de Minas,0,,MG,Minas Gerais,10748,31982,1399,88.994,36,98.49,67.17,29,0,781,0
3145109,Nova Resende,0,,MG,Minas Gerais,5941,16345,390,93.591,36,107.14,62.25,5,0,0,0
3143450,Montezuma,0,,MG,Minas Gerais,2267,6857,1130,82.189,36,100.17,63.06,3,0,0,0
3170800,Várzea da Palma,0,,MG,Minas Gerais,12988,33480,2220,91.673,36,99.28,58.34,13,0,0,0
3101631,Alfredo Vasconcelos,0,,MG,Minas Gerais,2464,6931,131,9.428,36,99.68,65,0,0,10,0
3154457,Riachinho,0,,MG,Minas Gerais,2576,6857,1719,8.815,36,104.38,64.36,2,0,0,0
3156007,Rio Vermelho,0,,MG,Minas Gerais,4344,12597,987,82.552,36,99.95,77.05,1,0,4,0
3163607,São José do Mantimento,0,,MG,Minas Gerais,1001,2737,55,89.905,36,99.93,69.29,0,0,0,0
3103405,Araçuaí,0,,MG,Minas Gerais,12188,34101,2236,87.818,36,96.16,69.14,229,0,1931,0
3156205,Rochedo de Minas,0,,MG,Minas Gerais,836,2290,79,92.857,36,104.74,74.13,0,0,0,0
3139201,Malacacheta,0,,MG,Minas Gerais,6424,17369,728,82.377,36,96.63,72.98,5,0,1,0
3143807,Munhoz,0,,MG,Minas Gerais,2671,7438,192,92.233,36,107.9,60.78,8,0,0,0
3120706,Cruzeiro da Fortaleza,0,,MG,Minas Gerais,1245,3521,187,94.147,36,106.39,63.94,0,0,0,0
3139003,Machado,0,,MG,Minas Gerais,13105,37483,586,94.339,36,96.82,69.27,19,0,7,0
3159357,Santa Rita de Minas,0,,MG,Minas Gerais,2498,6751,68,90.092,36,100.86,61.71,0,0,0,0
3162807,São João Evangelista,0,,MG,Minas Gerais,5619,15177,478,88.611,36,97.49,73.66,5,0,212,0
3171303,Viçosa,0,,MG,Minas Gerais,29055,76117,299,95.799,36,92,79.13,131,0,537,0
3126950,Frei Lagonegro,0,,MG,Minas Gerais,1190,3391,167,83.138,36,100.06,66.67,0,0,0,0
3157336,Santa Cruz de Minas,0,,MG,Minas Gerais,2944,8103,4,95.794,36,94.32,57.02,1,0,0,0
3126604,Francisco Dumont,0,,MG,Minas Gerais,1691,4486,1576,8.645,36,104.68,59.74,1,0,0,0
3133303,Itaobim,0,,MG,Minas Gerais,6895,18949,679,84.259,36,98.37,75.82,2,0,6,0
3168606,Teófilo Otoni,0,,MG,Minas Gerais,49858,136188,3242,9.095,36,91.52,67.97,444,33,439,0
3115359,Catas Altas,0,,MG,Minas Gerais,1988,5467,240,92.242,36,96.8,56.88,1,0,0,0
3129657,Ibiracatu,0,,MG,Minas Gerais,1774,5081,353,7.925,36,107.47,66.73,0,0,0,0
3167202,Sete Lagoas,0,Colar Metropolitano de Belo Horizonte,MG,Minas Gerais,81943,226521,537,97.003,36,92.06,66.81,117,0,7,0
3154804,Rio Acima,0,Região Metropolitana de Belo Horizonte,MG,Minas Gerais,3646,10231,228,95.418,36,94.82,61.46,18,0,0,0
3166709,Serra dos Aimorés,0,,MG,Minas Gerais,2675,6931,214,85.092,36,95.5,64.76,3,0,0,0
3114204,Carmo do Cajuru,0,,MG,Minas Gerais,8653,23389,456,95.229,36,98.91,63.44,15,0,17,0
3123601,Elói Mendes,0,,MG,Minas Gerais,9398,26240,500,92.357,36,95.79,68.91,18,0,76,0
3129509,Ibiá,0,,MG,Minas Gerais,8377,22093,2704,94.443,36,100.75,60.99,14,0,81,0
3169406,Três Pontas,0,,MG,Minas Gerais,19288,55019,690,94.534,36,95.18,67.62,20,0,449,0
3107109,Boa Esperança,0,,MG,Minas Gerais,13804,39727,861,95.106,36,97.7,70.75,15,0,3,0
3139508,Manhumirim,0,,MG,Minas Gerais,7653,20418,183,91.879,36,97.42,68.82,7,0,0,0
3148004,Patos de Minas,0,,MG,Minas Gerais,61097,158650,3190,96.654,36,94.61,70.09,232,0,0,0
5003900,Figueirão,0,,MS,Mato Grosso do Sul,1363,3528,4880,90.976,36,109.91,43.42,11,0,47,0
5107263,Santo Afonso,0,,MT,Mato Grosso,957,2518,1166,88.464,36,106.14,51.07,9,0,0,0
5101001,Araguaiana,0,,MT,Mato Grosso,1457,3795,6381,91.297,36,108.98,51.26,2,0,0,0
5102793,Carlinda,0,,MT,Mato Grosso,3784,10318,2422,87.706,36,106.85,59.31,8,0,0,0
5102850,Castanheira,0,,MT,Mato Grosso,2722,7457,3713,91.552,36,106.38,49.97,22,0,0,0
5107156,Reserva do Cabaçal,0,,MT,Mato Grosso,834,2118,1332,89.307,36,98.88,49.37,0,0,0,0
5107206,Rio Branco,0,,MT,Mato Grosso,1744,4523,539,88.487,36,96.07,58.47,0,0,0,0
5106000,Nortelândia,0,,MT,Mato Grosso,2135,5838,1337,9.034,36,103,54.53,5,0,0,0
5107198,Ribeirãozinho,0,,MT,Mato Grosso,1010,2582,625,91.279,36,108.78,53.26,1,0,0,0
5103007,Chapada dos Guimarães,0,Região Metropolitana do Vale do Rio Cuiabá,MT,Mato Grosso,6892,18911,6603,90.163,36,102.71,56.97,59,0,782,56
1501402,Belém,1,Região Metropolitana de Belém,PA,Pará,422975,1301368,1059,97.048,36,88.18,59.49,1933,0,1361,0
2516300,Sumé,0,,PB,Paraíba,6633,17109,833,8.282,36,95.62,68.88,22,0,15,0
2506905,Itabaiana,0,Região Metropolitana de Itabaiana,PB,Paraíba,8292,23076,211,78.401,36,92.29,63.07,8,0,0,0
2508703,Mãe d'Água,0,Região Metropolitana de Patos,PB,Paraíba,1323,3583,229,76.662,36,95.69,63.31,2,0,0,0
2501609,Barra de Santa Rosa,0,Região Metropolitana de Barra de Santa Rosa,PB,Paraíba,4843,12901,781,72.432,36,103.15,74.21,2,0,0,0
2512200,Prata,0,,PB,Paraíba,1428,3907,202,80.154,36,101.49,68.91,2,0,0,0
2511301,Piancó,0,Região Metropolitana do Vale do Piancó,PB,Paraíba,5638,16399,577,80.455,36,93.83,67.45,4,0,0,0
2502201,Bom Jesus,0,Região Metropolitana de Cajazeiras,PB,Paraíba,805,2286,47,78.811,36,103.93,70.41,1,0,0,0
2513653,Joca Claudino,0,Região Metropolitana de Cajazeiras,PB,Paraíba,875,2539,72,80.943,36,96.06,73.44,0,0,0,0
2502904,Brejo dos Santos,0,,PB,Paraíba,1982,5742,94,79.544,36,95.57,72.64,3,0,0,0
2513927,São Bentinho,0,,PB,Paraíba,1491,4327,200,76.276,36,97.22,68.03,6,0,0,0
2505808,Duas Estradas,0,Região Metropolitana de Guarabira,PB,Paraíba,1166,3315,27,79.381,36,95.82,71.32,4,0,0,0
2514552,São José de Princesa,0,,PB,Paraíba,1173,3413,158,76.777,36,109.31,65.6,2,0,109,0
2503100,Cabaceiras,0,,PB,Paraíba,1877,5334,469,90.712,36,99.29,67.25,3,0,0,0
2509370,Mato Grosso,0,,PB,Paraíba,826,2540,85,67.545,36,99.92,67.61,0,0,0,0
2513406,Santa Luzia,0,Região Metropolitana de Patos,PB,Paraíba,5259,14899,441,85.094,36,95.19,70.42,9,0,1323,259
2513109,Salgado de São Félix,0,Região Metropolitana de Itabaiana,PB,Paraíba,4067,11492,204,70.363,36,96.57,74.1,4,0,0,0
2511103,Pedra Lavrada,0,,PB,Paraíba,2479,6841,336,79.968,36,99.45,75.19,3,0,0,0
2500775,Aparecida,0,Região Metropolitana de Sousa,PB,Paraíba,2693,7954,291,76.998,36,99.65,67.71,9,0,0,0
2504306,Catolé do Rocha,0,,PB,Paraíba,10631,30470,552,83.351,36,94.78,62.27,20,0,426,0
2514701,São José do Sabugi,0,Região Metropolitana de Patos,PB,Paraíba,1412,4129,214,82.358,36,102.74,71.78,3,0,0,0
2502003,Belém do Brejo do Cruz,0,,PB,Paraíba,2107,6268,602,71.361,36,98.04,64.77,0,0,21,0
2512101,Pombal,0,,PB,Paraíba,11299,32402,894,81.009,36,90.75,70.3,104,0,167,0
2514206,São José da Lagoa Tapada,0,Região Metropolitana de Sousa,PB,Paraíba,2529,7122,334,6.937,36,97.67,76.09,9,0,0,0
2501575,Barra de Santana,0,Região Metropolitana de Campina Grande,PB,Paraíba,2938,8056,375,75.132,36,103.51,70.12,1,0,0,0
2510907,Paulista,0,,PB,Paraíba,4125,11821,577,76.495,36,96.91,67.19,1,0,0,0
2505105,Cuité,0,Região Metropolitana de Barra de Santa Rosa,PB,Paraíba,6930,19624,734,77.135,36,94.7,72.6,2,0,0,0
2502607,Igaracy,0,Região Metropolitana do Vale do Piancó,PB,Paraíba,2022,5627,197,75.304,36,98.66,71.1,0,0,0,0
2504074,Caraúbas,0,,PB,Paraíba,1453,3944,487,80.618,36,101.74,74.05,2,0,0,0
2516904,Uiraúna,0,Região Metropolitana de Cajazeiras,PB,Paraíba,5096,14903,293,78.595,36,93.39,76.37,2,0,0,0
2513943,São Domingos do Cariri,0,,PB,Paraíba,920,2585,234,83.733,36,94.65,65.63,0,0,0,0
2508406,Lastro,0,Região Metropolitana de Sousa,PB,Paraíba,973,3150,107,72.734,36,105.73,72.44,0,0,0,0
2603454,Camaragibe,0,Região Metropolitana de Recife,PE,Pernambuco,53357,147459,51,92.339,36,88.65,52.43,282,0,10,0
2615706,Triunfo,0,,PE,Pernambuco,5276,14669,192,87.208,36,92.07,75.14,58,0,858,0
2608909,Limoeiro,0,,PE,Pernambuco,20188,55278,274,84.808,36,91.95,65.7,26,0,3,0
2604908,Cumaru,0,,PE,Pernambuco,5675,15904,292,756,36,98.18,67.49,1,0,141,0
2609501,Nazaré da Mata,0,,PE,Pernambuco,10664,30545,131,83.534,36,88.5,60.16,42,0,0,0
2615904,Tuparetama,0,,PE,Pernambuco,2953,7978,190,82.754,36,93.97,65.39,7,0,0,0
2600807,Altinho,0,,PE,Pernambuco,7896,20670,450,74.533,36,96.8,67.32,14,0,558,0
2606903,Iguaraci,0,,PE,Pernambuco,4054,11064,838,78.724,36,99.12,67.19,16,0,213,0
2610707,Paulista,0,Região Metropolitana de Recife,PE,Pernambuco,124313,341592,97,95.201,36,86.68,54.56,711,0,10,0
2601904,Bezerros,0,,PE,Pernambuco,23798,61540,493,79.615,36,90.09,64.46,44,0,187,0
2205151,Jacobina do Piauí,0,,PI,Piauí,1958,5611,1334,71.815,36,99.33,59.44,0,0,218,0
2205359,João Costa,0,,PI,Piauí,994,2969,1800,77.113,36,111.99,52.36,2,0,130,0
2204204,Francisco Santos,0,,PI,Piauí,2937,8225,492,77.491,36,103.28,60.87,4,0,0,0
2201988,Brejo do Piauí,0,,PI,Piauí,1382,3887,2267,74.174,36,102.07,59.13,1,0,0,0
2201606,Beneditinos,0,Região Integrada de Desenvolvimento da Grande Teresina,PI,Piauí,3510,9926,937,73.805,36,100.18,72.33,15,0,0,0
2210300,São Julião,0,,PI,Piauí,2195,6025,291,7.234,36,96.45,68.6,0,0,0,0
2202711,Cocal de Telha,0,,PI,Piauí,1649,4909,310,75.371,36,98.58,66.63,0,0,0,0
2204105,Francisco Ayres,0,,PI,Piauí,1522,4412,656,73.816,36,97.23,75.74,2,0,0,0
2210938,Sussuapara,0,,PI,Piauí,2195,6220,205,77.699,36,99.04,68.26,2,0,0,0
2209401,Santo Antônio de Lisboa,0,,PI,Piauí,2092,5817,385,78.851,36,98.4,72.51,3,0,0,0
2202251,Canavieira,0,,PI,Piauí,1126,3414,2165,79.535,36,105.66,70.01,1,0,0,0
2205607,Landri Sales,0,,PI,Piauí,1794,5212,1089,83.089,36,94.15,70.76,0,0,0,0
2205250,Jardim do Mulato,0,,PI,Piauí,1431,4180,510,727,36,101.35,62.9,0,0,0,0
2206506,Monsenhor Hipólito,0,,PI,Piauí,2667,7570,402,7.314,36,99.87,64.82,3,0,53,0
2203800,Flores do Piauí,0,,PI,Piauí,1567,4413,947,74.153,36,101.83,63.95,0,0,0,0
2202802,Conceição do Canindé,0,,PI,Piauí,1705,4928,825,77.352,36,99.84,72.18,4,0,0,0
2202208,Campo Maior,0,,PI,Piauí,15484,45641,1681,84.111,36,92.25,68.01,21,0,0,0
2205904,Manoel Emídio,0,,PI,Piauí,1729,5209,1620,80.567,36,106.54,64.33,0,0,0,0
2210201,São José do Piauí,0,,PI,Piauí,2287,6597,373,72.572,36,99.37,66.54,0,0,863,0
2202778,Colônia do Piauí,0,,PI,Piauí,2364,6993,950,74.894,36,100.29,69.21,1,0,741,0
2210409,São Miguel do Tapuio,0,,PI,Piauí,5934,17551,4989,7.142,36,101.63,64.81,31,0,206,172
2204808,Ipiranga do Piauí,0,,PI,Piauí,3146,9411,529,81.866,36,97.69,63.15,0,0,0,0
2203453,Dom Inocêncio,0,,PI,Piauí,3177,9153,3872,80.714,36,109.44,67.36,3,0,367,0
2208106,Pimenteiras,0,,PI,Piauí,3869,11311,4563,72.127,36,102.81,66.46,8,0,135,0
4100608,Alto Paraná,0,,PR,Paraná,5065,13866,408,91.998,36,97.07,63.14,11,0,0,0
4128104,Umuarama,0,Região Metropolitana de Umuarama,PR,Paraná,44244,116703,1235,95.812,36,92.13,63.26,55,0,0,0
4103701,Cambé,0,Região Metropolitana de Londrina,PR,Paraná,39157,106961,495,95.724,36,93.32,65.96,162,0,0,0
4118303,Paranapoema,0,,PR,Paraná,909,2394,176,91.412,36,95.6,53.8,1,0,0,0
4124053,Santa Terezinha de Itaipu,0,,PR,Paraná,8619,24258,268,94.734,36,92.45,57.99,6,0,0,0
4123857,Santa Maria do Oeste,0,,PR,Paraná,3606,9923,837,90.166,36,106.31,59.3,0,0,0,0
4101150,Ângulo,0,Região Metropolitana de Maringá,PR,Paraná,1221,3233,106,92.758,36,100.56,66,0,0,0,0
4105508,Cianorte,0,,PR,Paraná,29525,79318,812,95.914,36,93,63.19,49,0,0,0
4110003,Iguaraçu,0,Região Metropolitana de Maringá,PR,Paraná,1957,5328,165,93.911,36,98.07,55.71,6,0,0,0
4113700,Londrina,0,Região Metropolitana de Londrina,PR,Paraná,209379,552090,1653,97.157,36,90.51,74.48,1077,0,0,0
4122305,Rio Negro,0,Região Metropolitana de Curitiba,PR,Paraná,10991,31209,604,97.793,36,99.15,58.64,13,0,0,0
4102307,Balsa Nova,0,Região Metropolitana de Curitiba,PR,Paraná,4792,13387,349,9.645,36,101.61,51.38,29,0,0,0
4110706,Irati,0,,PR,Paraná,21729,59056,1000,97.025,36,96.25,60.97,19,0,0,0
4113908,Mallet,0,,PR,Paraná,4926,13411,760,97.095,36,107.25,65.21,8,0,0,0
4106506,Coronel Vivida,0,,PR,Paraná,8594,23317,684,95.506,36,93.91,69.21,227,183,0,0
4107256,Douradina,0,Região Metropolitana de Umuarama,PR,Paraná,3461,9161,421,9.306,36,97.1,63.63,3,0,0,0
4113502,Loanda,0,,PR,Paraná,8565,23055,722,93.994,36,95.84,58.41,10,0,0,0
4103800,Cambira,0,Região Metropolitana de Maringá,PR,Paraná,3530,9448,165,93.518,36,98.82,68.09,3,0,0,0
4115101,Mariluz,0,Região Metropolitana de Umuarama,PR,Paraná,3675,9825,433,87.732,36,104.8,57.9,7,0,0,0
4124509,Santo Inácio,0,,PR,Paraná,2277,6171,280,94.079,36,98.94,56.54,0,0,0,0
4108957,Guamiranga,0,,PR,Paraná,2793,7817,245,94.666,36,102.53,52.07,1,0,0,0
4120333,Prado Ferreira,0,Região Metropolitana de Londrina,PR,Paraná,1369,3703,153,89.309,36,100.05,64.15,0,0,0,0
4118402,Paranavaí,0,,PR,Paraná,34315,91659,1202,95.474,36,91.83,65.84,54,0,0,0
4124608,São Carlos do Ivaí,0,,PR,Paraná,2370,6547,225,9.229,36,100.7,61.86,5,0,0,0
4123808,Santa Izabel do Oeste,0,,PR,Paraná,5176,14048,321,94.243.999.999.999.900,36,100.63,66.38,1,0,0,0
4114609,Marechal Cândido Rondon,0,Região Metropolitana de Toledo,PR,Paraná,21046,55633,746,96.942,36,94.96,61.96,82,0,0,0
4127858,Três Barras do Paraná,0,Região Metropolitana de Cascavel,PR,Paraná,4098,11128,506,90.166,36,99.98,61.38,3,0,0,0
4124707,São Jerônimo da Serra,0,,PR,Paraná,3949,10797,824,85.479,36,106.13,61.52,1257,1021,0,0
4122602,Rondon,0,,PR,Paraná,3371,9092,555,92.405,36,99.71,64.5,6,0,0,0
4116208,Morretes,0,,PR,Paraná,6646,18303,685,96.135,36,99.36,64.62,84,0,0,0
4123006,Salto do Lontra,0,,PR,Paraná,5630,15207,313,93.236,36,99.15,62.4,1,0,0,0
4124103,Santo Antônio da Platina,0,,PR,Paraná,16071,44193,721,93.546,36,94.32,64.01,16,0,0,0
4113205,Lapa,0,Região Metropolitana de Curitiba,PR,Paraná,16656,44932,2094,96.117,36,98.66,62.08,47,0,1381,0
4116950,Nova Esperança do Sudoeste,0,,PR,Paraná,2055,5597,208,9.302,36,104.94,58.13,1,0,0,0
4117107,Nova Londrina,0,,PR,Paraná,4752,12876,269,94.615,36,96.37,62.21,5,0,0,0
4128500,Wenceslau Braz,0,,PR,Paraná,7100,19043,398,93.043,36,97.59,62.67,17,0,0,0
4104709,Carlópolis,0,,PR,Paraná,6181,16814,451,93.714,36,101.68,65.23,17,0,0,0
4100202,Adrianópolis,0,Região Metropolitana de Curitiba,PR,Paraná,2319,6248,1349,87.444,36,102.39,63.82,169,0,752,264
4103206,Bom Sucesso,0,Região Metropolitana de Maringá,PR,Paraná,2440,6576,323,91.324,36,98.28,59.51,5,0,0,0
4120606,Prudentópolis,0,,PR,Paraná,17679,49033,2247,94.617,36,102.51,60.6,10,0,0,0
4123956,Santa Mônica,0,,PR,Paraná,1252,3356,260,89.213,36,103.64,60.64,0,0,0,0
4118808,Peabiru,0,Região Metropolitana de Campo Mourão,PR,Paraná,5005,13305,469,92.713,36,96.06,64.34,17,0,0,0
4111209,Itapejara d'Oeste,0,,PR,Paraná,4487,12305,254,94.681,36,97.54,62.56,8,0,0,0
4111803,Jacarezinho,0,,PR,Paraná,14378,40212,603,93.162,36,94.38,61.3,52,0,0,0
4113734,Luiziana,0,Região Metropolitana de Campo Mourão,PR,Paraná,2451,6688,917,87.747,36,97.23,54.21,4,0,0,0
4109708,Ibaiti,0,,PR,Paraná,10746,28693,898,91.318,36,98.14,64.08,45,0,0,0
4120101,Porto Amazonas,0,,PR,Paraná,1471,4089,187,96.175,36,99.03,59.45,2,0,0,0
4121406,Realeza,0,,PR,Paraná,7428,19211,353,94.089,36,95.08,68.06,26,0,0,0
4121604,Renascença,0,,PR,Paraná,2501,6845,425,92.554,36,97.26,66.35,0,0,0,0
4101408,Apucarana,0,Região Metropolitana de Apucarana,PR,Paraná,48133,129577,557,95.733,36,92.37,65.55,86,0,0,0
4114807,Marialva,0,Região Metropolitana de Maringá,PR,Paraná,15266,41729,476,95.538,36,96.02,65.05,45,0,0,0
4120200,Porto Rico,0,,PR,Paraná,1129,3181,218,92.443,36,101.39,51.71,5,0,0,0
4101507,Arapongas,0,Região Metropolitana de Londrina,PR,Paraná,43965,118945,382,96.363,36,94.16,60.49,66,0,0,0
4106308,Corbélia,0,Região Metropolitana de Cascavel,PR,Paraná,6417,17363,529,94.151,36,94.18,63.56,5,0,0,0
4126801,Tapejara,0,Região Metropolitana de Umuarama,PR,Paraná,5815,15861,591,92.689,36,96.59,56.19,6,0,0,0
4107009,Curiúva,0,,PR,Paraná,5044,13626,576,89.891,36,101.05,61.62,188,0,125,32
4109500,Guaraqueçaba,0,,PR,Paraná,2577,7383,2011,9.082,36,109.12,53.75,81,0,230,0
4103503,Califórnia,0,Região Metropolitana de Apucarana,PR,Paraná,3185,8667,142,92.649,36,100.46,66.26,5,0,0,0
4107538,Entre Rios do Oeste,0,Região Metropolitana de Toledo,PR,Paraná,1711,4572,121,96.429,36,95.01,65.98,3,0,0,0
4123501,Santa Helena,0,Região Metropolitana de Toledo,PR,Paraná,9524,25472,755,94.467,36,96.44,65.11,326,0,0,0
4127403,Terra Roxa,0,Região Metropolitana de Toledo,PR,Paraná,6763,18112,801,93.008,36,93.89,65.18,715,0,0,0
3300225,Areal,0,,RJ,Rio de Janeiro,4231,11820,111,94.515,36,95.93,67.08,8,0,358,347
3300233,Armação dos Búzios,0,,RJ,Rio de Janeiro,14920,39818,71,97.212,36,97.76,47.73,105,0,1777,274
3303856,Paty do Alferes,0,,RJ,Rio de Janeiro,10881,29545,314,91.209,36,93.36,65.42,35,0,31,0
3302858,Mesquita,0,Região Metropolitana do Rio de Janeiro,RJ,Rio de Janeiro,62611,166824,41,9.763,36,88.21,63.7,115,0,25,0
3305109,São João de Meriti,0,Região Metropolitana do Rio de Janeiro,RJ,Rio de Janeiro,168771,440727,35,9.762,36,89.75,60.85,256,0,0,0
3301306,Casimiro de Abreu,0,,RJ,Rio de Janeiro,16907,46022,463,95.575,36,92.63,55.03,53,0,0,0
3304524,Rio das Ostras,0,,RJ,Rio de Janeiro,59069,156377,228,9.736,36,91.69,49.33,260,0,0,0
3305752,Tanguá,0,Região Metropolitana do Rio de Janeiro,RJ,Rio de Janeiro,11548,31008,143,93.663,36,94.88,56.39,31,0,0,0
3305604,Silva Jardim,0,,RJ,Rio de Janeiro,7887,21303,938,90.433,36,97.52,59.01,18,0,8,0
3305208,São Pedro da Aldeia,0,,RJ,Rio de Janeiro,38338,103868,332,96.093,36,93.91,57.64,148,0,336,189
3304508,Rio das Flores,0,,RJ,Rio de Janeiro,3122,8946,479,92.469,36,93.35,65.58,1,0,0,0
3304755,São Francisco de Itabapoana,0,,RJ,Rio de Janeiro,17278,45034,1118,86.702,36,98.92,60.38,21,0,338,0
3305703,Sumidouro,0,,RJ,Rio de Janeiro,5889,15195,413,88.254,36,103.7,56.81,3,0,0,0
3300936,Carapebus,0,,RJ,Rio de Janeiro,5034,13833,305,93.706,36,100.65,58.23,16,0,129,0
2401107,Areia Branca,0,,RN,Rio Grande do Norte,8177,24063,343,87.908,36,93.74,54.47,16,0,0,0
2407203,Macau,0,,RN,Rio Grande do Norte,9656,27301,775,85.075,36,94.16,54.55,32,0,0,0
2413805,Taboleiro Grande,0,,RN,Rio Grande do Norte,824,2338,124,83.191,36,95.48,58.73,0,0,0,0
2412401,São José do Seridó,0,,RN,Rio Grande do Norte,1546,4539,175,88.877,36,98.17,63.64,0,0,0,0
2405207,Janduís,0,,RN,Rio Grande do Norte,1541,4733,303,77.283,36,99.41,70.81,14,0,0,0
2408102,Natal,1,Região Metropolitana de Natal,RN,Rio Grande do Norte,270045,748745,167,93.361,36,86.91,65.56,1769,0,1138,0
2406106,Jucurutu,0,,RN,Rio Grande do Norte,6346,17757,934,76.401,36,98.27,69.4,10,0,0,0
2401008,Apodi,0,,RN,Rio Grande do Norte,12898,36035,1602,79.542,36,97.38,61.48,727,0,0,0
2411429,Santana do Seridó,0,,RN,Rio Grande do Norte,921,2692,188,86.093,36,100.74,68.63,0,0,0,0
2408607,Paraná,0,,RN,Rio Grande do Norte,1295,3934,81,75.986,36,110.37,66.71,1,0,0,0
2413409,Serra Negra do Norte,0,,RN,Rio Grande do Norte,2592,7591,562,78.849,36,100.71,73.26,8,0,0,0
2409308,Patu,0,,RN,Rio Grande do Norte,4030,10987,319,78.922,36,93.27,67.64,2,0,208,44
2403202,Doutor Severiano,0,,RN,Rio Grande do Norte,2407,7034,114,77.907,36,93.57,69.06,1,0,0,0
2412906,São Tomé,0,,RN,Rio Grande do Norte,3523,9932,863,77.751,36,99.64,82.19,0,0,447,0
2406908,Lucrécia,0,,RN,Rio Grande do Norte,1200,3489,31,82.493,36,97.62,68.93,0,0,0,0
2401503,Barcelona,0,,RN,Rio Grande do Norte,1388,3983,153,78.663,36,97.72,74.59,0,0,0,0
2402303,Caraúbas,0,,RN,Rio Grande do Norte,7039,19631,1096,80.139,36,95.34,73.71,15,0,0,0
2411908,São Francisco do Oeste,0,,RN,Rio Grande do Norte,1480,4159,76,7.837,36,97.86,70.64,0,0,0,0
2403806,Florânia,0,,RN,Rio Grande do Norte,3398,10191,508,83.476,36,99.88,69.12,1,0,0,0
1100346,Alvorada D'Oeste,0,,RO,Rondônia,4814,13104,3029,88.529,36,101.68,57.08,0,0,0,0
1101435,Nova União,0,,RO,Rondônia,2230,6180,807,89.703,36,103.75,50.76,9,0,0,0
1101302,Mirante da Serra,0,,RO,Rondônia,3508,9235,1192,89.067,36,102.26,56.93,152,134,0,0
1100064,Colorado do Oeste,0,,RO,Rondônia,5991,15663,1451,90.467,36,99.22,60.62,13,0,0,0
1101757,Vale do Anari,0,,RO,Rondônia,2800,7717,3135,8.835,36,108.91,46.99,11,0,0,0
4318705,São Leopoldo,0,Região Metropolitana de Porto Alegre,RS,Rio Grande do Sul,84190,216263,103,97.618,36,92.33,59.59,436,0,0,0
4301859,Barra do Guarita,0,,RS,Rio Grande do Sul,1179,3155,63,93.833,36,99.68,62.79,1,0,0,0
4308078,Fazenda Vilanova,0,,RS,Rio Grande do Sul,1646,4281,85,95.572,36,97.56,65.27,2,0,34,0
4314803,Portão,0,Região Metropolitana de Porto Alegre,RS,Rio Grande do Sul,12935,33846,159,97.091,36,96.39,58.05,12,0,295,0
4323002,Viamão,0,Região Metropolitana de Porto Alegre,RS,Rio Grande do Sul,84612,223493,1497,97.104,36,91.79,64.74,957,137,144,56
4318200,São Francisco de Paula,0,,RS,Rio Grande do Sul,8012,21108,3318,95.237,36,104.38,69.65,57,0,0,0
4300646,Ametista do Sul,0,,RS,Rio Grande do Sul,2901,7638,94,92.605,36,100.47,65.79,26,0,0,0
4311809,Marau,0,,RS,Rio Grande do Sul,17282,44995,650,98.023,36,95.36,62.54,17,0,0,0
4315305,Quaraí,0,,RS,Rio Grande do Sul,8678,23356,3140,96.165,36,95.88,71.56,46,0,0,0
4321956,Trindade do Sul,0,,RS,Rio Grande do Sul,2836,7548,268,93.109,36,104.55,66.58,21,0,0,0
4313904,Panambi,0,,RS,Rio Grande do Sul,16485,43407,492,97.906,36,98.53,62.61,11,0,0,0
4323804,Xangri-lá,0,Aglomeração Urbana do Litoral Norte,RS,Rio Grande do Sul,5802,16451,61,97.993,36,96.57,64.1,11,0,0,0
4309100,Gramado,0,,RS,Rio Grande do Sul,15381,40024,239,98.518,36,92.97,63.18,44,0,0,0
4305439,Chuí,0,,RS,Rio Grande do Sul,2385,6256,202,98.355,36,94.53,62.83,16,0,0,0
4309209,Gravataí,0,Região Metropolitana de Porto Alegre,RS,Rio Grande do Sul,101779,264325,468,97.585,36,94.05,64.85,384,0,166,128
4310108,Igrejinha,0,Região Metropolitana de Porto Alegre,RS,Rio Grande do Sul,12772,32666,138,97.605,36,93.22,54.53,17,0,0,0
4322251,Tupandi,0,,RS,Rio Grande do Sul,1842,5029,59,98.483,36,103.19,57.7,1,0,0,0
4305355,Charqueadas,0,Região Metropolitana de Porto Alegre,RS,Rio Grande do Sul,11998,31161,217,96.956,36,115.62,76.05,141,0,0,0
4308508,Frederico Westphalen,0,,RS,Rio Grande do Sul,12715,32392,265,96.599,36,95.3,74.4,18,0,0,0
4304606,Canoas,0,Região Metropolitana de Porto Alegre,RS,Rio Grande do Sul,132824,344802,131,98.188,36,91.71,65.17,343,0,104,84
4303608,Cambará do Sul,0,,RS,Rio Grande do Sul,2419,6328,1182,9.635,36,104.8,66.48,2,0,0,0
4322004,Triunfo,0,Região Metropolitana de Porto Alegre,RS,Rio Grande do Sul,10566,27295,818,95.677,36,99.77,66.57,25,0,0,0
4309654,Hulha Negra,0,,RS,Rio Grande do Sul,2205,5974,823,93.839,36,104.38,59.75,45,0,0,0
4312401,Montenegro,0,Região Metropolitana de Porto Alegre,RS,Rio Grande do Sul,24334,62372,425,97.137,36,98.54,65.17,54,0,0,0
4320008,Sapucaia do Sul,0,Região Metropolitana de Porto Alegre,RS,Rio Grande do Sul,50174,131857,58,97.362,36,92.47,60.9,79,0,0,0
4319901,Sapiranga,0,Região Metropolitana de Porto Alegre,RS,Rio Grande do Sul,28716,75328,136,97.243,36,94.87,51.72,24,0,0,0
4320800,Soledade,0,,RS,Rio Grande do Sul,11716,29769,1215,94.509,36,94.87,74.23,4,0,0,0
4304671,Capivari do Sul,0,Aglomeração Urbana do Litoral Norte,RS,Rio Grande do Sul,1496,3991,413,95.738,36,98.85,66.71,24,0,142,43
4320404,Serafina Corrêa,0,,RS,Rio Grande do Sul,6231,16939,163,9.785,36,96.49,75.93,10,0,0,0
4215653,Santa Rosa do Sul,0,Região Metropolitana Carbonífera,SC,Santa Catarina,3674,9773,150,9.572,36,97.94,63.16,4,0,17,0
4211405,Nova Erechim,0,Região Metropolitana de Chapecó,SC,Santa Catarina,1874,5155,65,95.599,36,103.27,65.93,0,0,0,0
4205407,Florianópolis,1,Região Metropolitana de Florianópolis,SC,Santa Catarina,219739,532907,675,98.639,36,91.86,76.15,1795,0,405,0
4202503,Bom Jardim da Serra,0,Região Metropolitana de Lages,SC,Santa Catarina,1528,4023,939,94.082,36,104.26,60.26,1,0,0,0
4201703,Ascurra,0,Região Metropolitana do Vale do Itajaí,SC,Santa Catarina,3019,8316,113,95.991,36,98.26,70.4,9,0,0,0
4215703,Santo Amaro da Imperatriz,0,Região Metropolitana de Florianópolis,SC,Santa Catarina,10190,27034,344,97.259,36,97.78,59.18,33,0,251,0
4206108,Grão Pará,0,Região Metropolitana de Tubarão,SC,Santa Catarina,2178,6277,334,96.942,36,101.64,62.61,2,0,0,0
4213302,Ponte Alta,0,Região Metropolitana de Lages,SC,Santa Catarina,1599,4437,575,92.849,36,99.95,67.21,1,0,0,0
4204509,Corupá,0,"Região Metropolitana do Norte/Nordeste Catarinense, Região Metropolitana de Jaraguá do Sul",SC,Santa Catarina,5427,15228,406,97.628,36,100.01,60.28,6,0,0,0
4208401,Itapiranga,0,Região Metropolitana do Extremo Oeste,SC,Santa Catarina,6004,16621,282,97.815,36,102.7,62.54,25,0,0,0
4217808,Taió,0,Região Metropolitana do Alto Vale do Itajaí,SC,Santa Catarina,6835,18282,694,97.069,36,100.15,66.99,13,0,0,0
4201208,Antônio Carlos,0,Região Metropolitana de Florianópolis,SC,Santa Catarina,3777,11199,234,98.441,36,100.75,56.54,3,0,0,0
4204301,Concórdia,0,Região Metropolitana do Contestado,SC,Santa Catarina,30419,81423,799,97.074,36,97.31,65.91,32,0,0,0
4215307,Salete,0,Região Metropolitana do Alto Vale do Itajaí,SC,Santa Catarina,2748,7481,178,96.756,36,103.28,66.62,0,0,0,0
4218905,Urubici,0,Região Metropolitana de Lages,SC,Santa Catarina,3956,10813,1021,94.803,36,100.67,58.8,9,0,0,0
4205308,Faxinal dos Guedes,0,Região Metropolitana de Chapecó,SC,Santa Catarina,4035,11189,340,94.881,36,101.26,57.42,20,0,0,0
4210100,Mafra,0,"Região Metropolitana do Norte/Nordeste Catarinense, Região Metropolitana do Planalto Norte",SC,Santa Catarina,20079,54988,1404,97.559,36,98.57,61.39,95,0,0,0
4212254,Passo de Torres,0,Região Metropolitana Carbonífera,SC,Santa Catarina,4746,12880,93,97.462,36,97.99,56.52,16,0,0,0
4205191,Ermo,0,Região Metropolitana Carbonífera,SC,Santa Catarina,809,2252,65,94.671,36,102.41,68.14,3,0,0,0
4214201,Quilombo,0,Região Metropolitana de Chapecó,SC,Santa Catarina,3846,10987,279,94.986,36,100.47,75.55,3,0,0,0
4212809,Balneário Piçarras,0,Região Metropolitana da Foz do Rio Itajaí,SC,Santa Catarina,9836,27029,99,9.749,36,97.33,54.92,58,0,0,0
4201505,Armazém,0,Região Metropolitana de Tubarão,SC,Santa Catarina,3250,8829,174,95.504,36,98.83,61.56,7,0,0,0
4217204,São Miguel do Oeste,0,Região Metropolitana do Extremo Oeste,SC,Santa Catarina,17301,44112,234,96.687,36,95.67,65.58,32,0,0,0
4202131,Bela Vista do Toldo,0,"Região Metropolitana do Norte/Nordeste Catarinense, Região Metropolitana do Planalto Norte",SC,Santa Catarina,2081,5854,536,95.611,36,105.75,51.7,0,0,0,0
4207403,Imbuia,0,Região Metropolitana do Alto Vale do Itajaí,SC,Santa Catarina,2182,5965,119,96.167,36,101.08,57.61,0,0,0,0
4209508,Laurentino,0,Região Metropolitana do Alto Vale do Itajaí,SC,Santa Catarina,2938,7906,79,97.308,36,101.22,61.38,1,0,0,0
4218806,Turvo,0,Região Metropolitana Carbonífera,SC,Santa Catarina,4820,13004,235,96.823,36,95.81,67,0,0,0,0
4216404,São João do Sul,0,Região Metropolitana Carbonífera,SC,Santa Catarina,3323,8641,184,95.291,36,101.49,65.26,8,0,0,0
4218202,Timbó,0,Região Metropolitana do Vale do Itajaí,SC,Santa Catarina,16734,46043,128,98.571,36,95.75,63.21,20,0,0,0
4219200,Vidal Ramos,0,Região Metropolitana do Alto Vale do Itajaí,SC,Santa Catarina,2330,6142,347,96.262,36,106.09,61.78,0,0,0,0
4212502,Penha,0,Região Metropolitana da Foz do Rio Itajaí,SC,Santa Catarina,11982,33619,58,97.847,36,94.89,60.03,51,0,0,0
4219101,Vargeão,0,Região Metropolitana de Chapecó,SC,Santa Catarina,1291,3633,167,94.891,36,103.81,65.33,0,0,0,0
4217501,Seara,0,Região Metropolitana de Chapecó,SC,Santa Catarina,6668,18611,310,96.127,36,102.17,63.39,125,102,0,0
4214409,Rio das Antas,0,Região Metropolitana do Contestado,SC,Santa Catarina,2239,6253,315,95.763,36,106.3,65.23,4,0,0,0
4211702,Orleans,0,Região Metropolitana de Tubarão,SC,Santa Catarina,8553,23651,550,97.266,36,98.08,62.52,6,0,0,0
4200705,Alfredo Wagner,0,Região Metropolitana de Florianópolis,SC,Santa Catarina,3893,10465,733,94.009,36,103.28,63.1,13,0,0,0
4217303,Saudades,0,Região Metropolitana de Chapecó,SC,Santa Catarina,3598,10256,206,97.361,36,102.03,58.83,8,0,0,0
4209607,Lauro Muller,0,Região Metropolitana Carbonífera,SC,Santa Catarina,5281,14381,272,97.014,36,98.66,63.08,3,0,0,0
4215406,Salto Veloso,0,Região Metropolitana do Contestado,SC,Santa Catarina,1663,4390,105,95.579,36,99.91,64.44,3,0,0,0
4210308,Major Vieira,0,"Região Metropolitana do Norte/Nordeste Catarinense, Região Metropolitana do Planalto Norte",SC,Santa Catarina,2677,7399,521,95.063,36,104.77,59.48,1,0,0,0
2806008,Ribeirópolis,0,,SE,Sergipe,6528,16968,259,79.115,36,93.87,66.17,24,0,9,0
2804102,Moita Bonita,0,,SE,Sergipe,4204,11046,95,80.787,36,95.75,68.47,2,0,0,0
3510500,Caraguatatuba,0,Região Metropolitana do Vale do Paraíba e Litoral Norte,SP,São Paulo,48632,133875,485,96.487,36,94.55,57.76,265,0,0,0
3542008,Quintana,0,,SP,São Paulo,2520,7026,319,94.625,36,95.01,64.88,9,0,0,0
3520905,Ipaussu,0,,SP,São Paulo,4885,13704,210,95.443,36,96.22,64.11,9,0,0,0
3524709,Jaguariúna,0,Região Metropolitana de Campinas,SP,São Paulo,21443,59148,141,97.501,36,94.3,56.97,31,0,0,0
3542602,Registro,0,,SP,São Paulo,21368,58919,722,96.367,36,98.49,61.3,189,0,65,64
3550506,São Pedro do Turvo,0,,SP,São Paulo,2609,7210,731,93.817,36,100.97,66.39,0,0,0,0
3507506,Botucatu,0,,SP,São Paulo,54424,144654,1483,97.431,36,92.68,72.8,125,0,0,0
3546306,Santa Cruz das Palmeiras,0,,SP,São Paulo,10419,28814,295,94.119,36,97.85,64.92,19,0,0,0
3550209,São Miguel Arcanjo,0,Região Metropolitana de Sorocaba,SP,São Paulo,11243,31958,930,94.788,36,101.49,59.19,20,0,0,0
3500709,Agudos,0,,SP,São Paulo,12936,37410,967,96.186,36,96.06,59.97,52,0,275,0
3528502,Mairiporã,0,Região Metropolitana de São Paulo,SP,São Paulo,33058,93551,321,95.819,36,98.74,56.76,99,0,0,0
3546801,Santa Isabel,0,Região Metropolitana de São Paulo,SP,São Paulo,18733,53027,363,94.566,36,97.6,60.12,36,0,0,0
3545506,Sandovalina,0,,SP,São Paulo,1219,3521,456,94.509,36,101.16,53.18,0,0,0,0
3549953,São Lourenço da Serra,0,Região Metropolitana de São Paulo,SP,São Paulo,5841,15997,186,93.564,36,100.61,61.12,11,0,0,0
3528403,Mairinque,0,Região Metropolitana de Sorocaba,SP,São Paulo,17025,48931,210,96.149,36,101.08,57.43,51,0,0,0
3551207,Sarutaiá,0,,SP,São Paulo,1362,3660,142,92.803,36,99.68,77.78,4,0,0,0
3527702,Luiziânia,0,,SP,São Paulo,1729,4682,167,92.506,36,99.53,63.65,7,0,0,0
3552908,Taciba,0,,SP,São Paulo,2323,6257,607,9.426,36,96.98,57.79,16,0,0,0
3532900,Nova Europa,0,,SP,São Paulo,3373,9299,160,94.529,36,100.06,59.81,4,0,0,0
3538006,Pindamonhangaba,0,Região Metropolitana do Vale do Paraíba e Litoral Norte,SP,São Paulo,57994,165068,731,97.419,36,93.97,58.62,116,0,0,0
3551108,Sarapuí,0,Região Metropolitana de Sorocaba,SP,São Paulo,3710,10302,353,95.666,36,102.36,65.05,9,0,0,0
3556305,Valparaíso,0,,SP,São Paulo,7766,21291,858,95.341,36,126.11,53.4,5,0,0,0
3521408,Iracemápolis,0,Região Metropolitana de Piracicaba,SP,São Paulo,7543,21943,115,97.129,36,98.46,58.7,7,0,0,0
3529708,Miguelópolis,0,Aglomeração Urbana de Franca,SP,São Paulo,7138,19392,821,92.546,36,96.06,61.3,12,0,0,0
3540606,Porto Feliz,0,Região Metropolitana de Sorocaba,SP,São Paulo,18661,55063,557,96.446,36,103.37,65.16,14,0,0,0
3542107,Rafard,0,Região Metropolitana de Piracicaba,SP,São Paulo,3101,8964,122,95.734,36,97.64,63.05,2,0,0,0
3545209,Salto,0,Região Metropolitana de Sorocaba,SP,São Paulo,46795,134092,133,97.406,36,96.06,55.13,74,0,0,0
3552205,Sorocaba,0,Região Metropolitana de Sorocaba,SP,São Paulo,261545,719534,450,97.924,36,93.47,58.94,787,0,7,0
3519006,Herculândia,0,,SP,São Paulo,3307,9112,364,9.453,36,96.36,68.17,13,0,0,0
3511706,Charqueada,0,Região Metropolitana de Piracicaba,SP,São Paulo,5340,15529,176,95.242,36,99.55,60.64,6,0,0,0
3512100,Colômbia,0,,SP,São Paulo,2323,6394,729,92.551,36,101.61,54.49,3,0,0,0
3518107,Guarantã,0,,SP,São Paulo,2295,6403,462,92.761,36,97.63,64.21,3,0,0,0
3525805,Júlio Mesquita,0,,SP,São Paulo,1562,4254,128,93.803,36,95.59,67.95,1,0,0,0
3521804,Itaí,0,,SP,São Paulo,8665,24098,1093,93.874,36,107.7,53.75,3,0,0,0
3540903,Pradópolis,0,Região Metropolitana de Ribeirão Preto,SP,São Paulo,5865,17071,167,94.298,36,97.71,59.88,4,0,0,0
3505104,Barbosa,0,,SP,São Paulo,2110,5639,205,92.554,36,94.82,71.39,2,0,0,0
3556453,Vargem Grande Paulista,0,Região Metropolitana de São Paulo,SP,São Paulo,17654,50340,42,96.775,36,95.49,50.89,34,0,0,0
3500758,Alambari,0,Região Metropolitana de Sorocaba,SP,São Paulo,2139,6131,160,95.407,36,101.87,62.33,3,0,0,0
3556354,Vargem,0,,SP,São Paulo,3660,10498,143,95.036,36,104.24,65.09,0,0,0,0
3534807,Ouro Verde,0,,SP,São Paulo,2929,7779,267,91.794,36,93.51,62.15,10,0,0,0
3512803,Cosmópolis,0,Região Metropolitana de Campinas,SP,São Paulo,21683,59655,155,96.635,36,96.35,56.07,27,0,0,0
3557303,Estiva Gerbi,0,,SP,São Paulo,3812,11236,74,96.363,36,99.98,57.62,11,0,0,0
3519808,Icém,0,Região Metropolitana de São José do Rio Preto,SP,São Paulo,2594,6922,362,95.391,36,122.95,79.68,7,0,0,0
3521705,Itaberá,0,,SP,São Paulo,6517,17939,1100,94.589,36,100.32,64.49,3,0,0,0
3537909,Pilar do Sul,0,Região Metropolitana de Sorocaba,SP,São Paulo,9571,27534,681,94.888,36,102.17,63.8,10,0,86,0
3556107,Valentim Gentil,0,,SP,São Paulo,5173,14067,150,9.594,36,99.32,63.65,8,0,0,0
3524600,Jacupiranga,0,,SP,São Paulo,5828,16056,704,94.443,36,98.19,62.25,15,0,133,125
3525706,José Bonifácio,0,Região Metropolitana de São José do Rio Preto,SP,São Paulo,13333,36517,860,95.958,36,97.06,67.04,7,0,0,0
3534906,Pacaembu,0,,SP,São Paulo,3834,9787,339,95.086,36,195.35,113.22,12,0,0,0
3500303,Aguaí,0,,SP,São Paulo,11480,32008,475,95.034,36,98.05,62.01,9,0,0,0
3552700,Tabatinga,0,,SP,São Paulo,5519,14748,369,94.024,36,97.5,63.65,6,0,0,0
3501301,Álvares Machado,0,,SP,São Paulo,9869,27208,348,95.774,36,94.35,65.42,23,0,0,0
3508306,Cabrália Paulista,0,,SP,São Paulo,1597,4288,240,93.757,36,102.5,65.43,1,0,0,0
3519709,Ibiúna,0,Região Metropolitana de Sorocaba,SP,São Paulo,26352,75494,1058,93.938,36,100.58,59.44,74,0,0,0
3507001,Boituva,0,Região Metropolitana de Sorocaba,SP,São Paulo,21719,61028,249,96.978,36,97,57.84,69,0,0,0
3517703,Guará,0,Aglomeração Urbana de Franca,SP,São Paulo,6681,18561,362,93.716,36,95.44,65.29,5,0,0,0
3537008,Pedregulho,0,Aglomeração Urbana de Franca,SP,São Paulo,5570,15493,713,93.996,36,100.4,67.87,12,0,0,0
3502309,Anhembi,0,,SP,São Paulo,2054,5654,737,94.361,36,101.92,60.09,4,0,0,0
3519600,Ibitinga,0,,SP,São Paulo,22213,59896,689,96.452,36,96.28,64.4,71,0,0,0
3526704,Leme,0,Região Metropolitana de Piracicaba,SP,São Paulo,35758,97943,403,95.385,36,96.26,60.97,51,0,0,0
3536208,Pariquera-Açu,0,,SP,São Paulo,6871,19199,359,95.069,36,98.01,65.31,150,0,1,0
3536505,Paulínia,0,Região Metropolitana de Campinas,SP,São Paulo,37896,110145,139,97.814,36,94.24,49.82,52,0,0,0
3540259,Pontalinda,0,,SP,São Paulo,1549,4121,210,89.356,36,113.06,63.29,0,0,0,0
3543402,Ribeirão Preto,0,Região Metropolitana de Ribeirão Preto,SP,São Paulo,265935,694328,651,9.795,36,90.72,72.23,594,0,0,0
3556800,Viradouro,0,,SP,São Paulo,6230,17382,218,95.718,36,97.48,66.28,12,0,0,0
3545308,Salto de Pirapora,0,Região Metropolitana de Sorocaba,SP,São Paulo,15302,43645,280,96.647,36,98.43,62.09,45,0,120,110
3509809,Campos Novos Paulista,0,,SP,São Paulo,1808,4870,484,93.272,36,101.73,67.54,2,0,0,0
3502200,Angatuba,0,,SP,São Paulo,8493,23956,1027,95.846,36,100.63,59.22,12,0,0,0
3504305,Avaí,0,,SP,São Paulo,1649,4483,541,93.865,36,98.54,65.15,677,641,0,0
3519055,Holambra,0,Região Metropolitana de Campinas,SP,São Paulo,5163,15052,66,9.651,36,98.4,56.02,4,0,0,0
3528007,Macatuba,0,,SP,São Paulo,5654,16788,225,9.494,36,97.69,59.34,8,0,0,0
3529906,Miracatu,0,,SP,São Paulo,6846,18503,1001,92.094,36,99.07,61.12,156,0,0,0
3518859,Guatapará,0,Região Metropolitana de Ribeirão Preto,SP,São Paulo,2533,7275,414,93.329,36,101.1,65.8,5,0,0,0
3526803,Lençóis Paulista,0,,SP,São Paulo,22822,66269,810,96.558,36,97.17,59.93,31,0,0,0
3548401,Santópolis do Aguapeí,0,,SP,São Paulo,1470,3899,128,0.93,36,96.92,60.58,5,0,0,0
3523800,Itobi,0,,SP,São Paulo,2906,8000,139,94.214,36,103.44,72.04,1,0,0,0
3553807,Taquarituba,0,,SP,São Paulo,8369,23148,449,94.768,36,107.29,63.79,19,0,0,0
3510401,Capivari,0,Região Metropolitana de Piracicaba,SP,São Paulo,17193,50009,323,96.909,36,96.13,59.92,21,0,0,0
3536703,Pederneiras,0,,SP,São Paulo,15611,44660,727,9.539,36,98.68,61.9,58,0,0,0
3551009,São Vicente,0,Região Metropolitana da Baixada Santista,SP,São Paulo,119683,324205,148,96.765,36,92.73,63.99,483,0,0,0
3509106,Caiuá,0,,SP,São Paulo,1694,4314,551,92.926,36,151.43,91.06,7,0,0,0
3523206,Itararé,0,,SP,São Paulo,16525,44358,1004,95.613,36,94.87,63.62,48,0,82,0
3523909,Itu,0,Região Metropolitana de Sorocaba,SP,São Paulo,59545,167719,641,96.513,36,95.45,57.7,113,0,0,0
3507803,Brodowski,0,Região Metropolitana de Ribeirão Preto,SP,São Paulo,8879,25157,278,96.817,36,96.19,66.41,6,0,0,0
3513207,Cristais Paulista,0,Aglomeração Urbana de Franca,SP,São Paulo,3262,9261,385,94.298,36,98.42,59.21,9,0,0,0
3504503,Avaré,0,,SP,São Paulo,33478,90558,1213,96.576,36,98.06,65.32,79,0,4,0
3516200,Franca,0,Aglomeração Urbana de Franca,SP,São Paulo,127921,350944,606,97.877,36,94.08,65.03,281,0,0,0
3549904,São José dos Campos,0,Região Metropolitana do Vale do Paraíba e Litoral Norte,SP,São Paulo,247894,695312,1099,97.862,36,92.72,62.48,627,0,0,0
3554805,Tremembé,0,Região Metropolitana do Vale do Paraíba e Litoral Norte,SP,São Paulo,15160,44390,191,97.197,36,114.59,60.47,54,0,0,0
3509403,Cajuru,0,Região Metropolitana de Ribeirão Preto,SP,São Paulo,8609,23773,660,95.159,36,98.85,65.2,12,0,0,0
3509601,Campo Limpo Paulista,0,Região Metropolitana de Jundiaí,SP,São Paulo,26667,77186,79,96.768,36,95.31,55.37,69,0,0,0
3532157,Nantes,0,,SP,São Paulo,1027,2660,287,92.512,36,96.31,50.18,1,0,0,0
1706258,Crixás do Tocantins,0,Região Metropolitana de Gurupi,TO,Tocantins,508,1462,984,91.059,36,103.88,50.63,1,0,0,0
1718402,Presidente Kennedy,0,,TO,Tocantins,1066,3045,772,88.728,36,99.15,57.6,3,0,0,0
1715754,Palmeirópolis,0,Região Metropolitana de Gurupi,TO,Tocantins,2528,6940,1709,8.838,36,102.23,58.99,7,0,0,0
1707306,Dueré,0,Região Metropolitana de Gurupi,TO,Tocantins,1626,4241,3421,88.685,36,114.55,63.85,19,0,0,0
1717206,Piraquê,0,,TO,Tocantins,793,2281,1363,84.472,36,119.85,49.12,2,0,0,0
1704105,Centenário,0,,TO,Tocantins,772,2131,1953,84.769,36,111.41,59.91,2,0,0,0
1700350,Aliança do Tocantins,0,Região Metropolitana de Gurupi,TO,Tocantins,1852,5147,1581,89.709,36,100.51,63.26,7,0,0,0
1703107,Barrolândia,0,Região Metropolitana de Palmas,TO,Tocantins,1753,4797,698,85.841,36,104.3,53.88,19,0,0,0
1712157,Lavandeira,0,,TO,Tocantins,586,1626,468,80.892,36,109.27,48.38,0,0,0,0
1720259,São Salvador do Tocantins,0,Região Metropolitana de Gurupi,TO,Tocantins,858,2382,1425,83.406,36,105.6,59.05,1,0,14,0
1718758,Rio Sono,0,,TO,Tocantins,1664,4841,6346,88.101,36,113.92,56.53,16,0,0,0
2927408,Salvador,1,Região Metropolitana de Salvador,BA,Bahia,958575,2407866,693,96.547,38,83.81,66.4,27626,0,15871,1170
2908002,Coaraci,0,,BA,Bahia,6661,17328,275,81.816,38,91.08,85.88,334,0,0,0
2906600,Candiba,0,,BA,Bahia,4479,13009,434,0.81,38,100.86,84.66,3,0,386,0
2918704,Lafaiete Coutinho,0,,BA,Bahia,1603,4074,498,75.292,38,104.36,88.99,3,0,11,0
2922201,Muniz Ferreira,0,,BA,Bahia,2771,7185,105,8.257,38,96.93,67.89,1,0,0,0
2925709,Presidente Jânio Quadros,0,,BA,Bahia,4429,12618,1209,74.954,38,103.56,85.45,233,0,204,0
2904407,Brejolândia,0,,BA,Bahia,3190,9100,2247,79.519,38,105.92,73.23,76,0,0,0
2908309,Conceição do Almeida,0,,BA,Bahia,5744,15734,285,85.127,38,91.3,75.69,9,0,0,0
2919405,Licínio de Almeida,0,,BA,Bahia,4014,11834,857,84.049,38,102.12,87.89,12,0,15,0
2906402,Candeal,0,Área de Expansão Metropolitana,BA,Bahia,2774,7771,448,81.077,38,99.08,83.07,83,0,123,0
2926806,Rio do Antônio,0,,BA,Bahia,4604,13140,778,75.307,38,100.61,86.31,63,0,264,0
2926905,Rio do Pires,0,,BA,Bahia,3503,10492,656,82.263,38,96.57,92.47,11,0,0,0
2929750,Saubara,0,,BA,Bahia,4431,11411,166,88.769,38,90.25,66.02,0,0,4,0
2933208,Vera Cruz,0,Região Metropolitana de Salvador,BA,Bahia,16549,42486,298,91.858,38,93.7,67.68,820,0,172,0
2911253,Gavião,0,,BA,Bahia,1660,4360,385,81.624,38,105.47,89.65,5,0,0,0
2922706,Nova Canaã,0,,BA,Bahia,4995,13703,805,7.619,38,101.37,74.47,75,0,280,0
2918902,Lajedão,0,,BA,Bahia,1486,3842,624,81.352,38,96.88,73.05,42,0,0,0
2901205,Anagé,0,,BA,Bahia,8875,25419,1900,74.182,38,101.38,87.42,27,0,1229,0
2933109,Várzea do Poço,0,,BA,Bahia,3220,8100,206,81.762,38,96.77,82.27,2,0,3,0
2305605,Independência,0,,CE,Ceará,8466,24024,3222,7.664,38,99.72,80.77,19,0,33,0
2304269,Deputado Irapuan Pinheiro,0,,CE,Ceará,3344,8916,471,73.384,38,100.09,81.68,0,0,0,0
2309508,Orós,0,,CE,Ceará,7171,19661,578,77.291,38,96.71,77.88,4,0,0,0
2311355,Quixelô,0,,CE,Ceará,5839,15904,605,70.881,38,103.3,82.34,10,0,0,0
3203809,Muqui,0,,ES,Espírito Santo,5050,13702,327,91.907,38,99.49,77.65,7,0,4,0
3200201,Alegre,0,,ES,Espírito Santo,11364,29128,757,91.013,38,96.21,82.62,22,0,6,0
3201902,Domingos Martins,0,,ES,Espírito Santo,13148,35409,1229,92.819,38,101.85,67.86,18,0,0,0
3204401,Rio Novo do Sul,0,,ES,Espírito Santo,4130,11055,204,93.135,38,102.47,77.65,10,0,0,0
3205309,Vitória,1,Região Metropolitana da Grande Vitória,ES,Espírito Santo,128617,322254,97,97.758,38,86.18,85.2,641,0,0,0
3202108,Ecoporanga,0,,ES,Espírito Santo,8612,21912,2285,85.838,38,98.54,71.9,4,0,0,0
3201407,Castelo,0,,ES,Espírito Santo,14229,36880,664,94.137,38,97.42,79.87,14,0,0,0
3204005,Pancas,0,,ES,Espírito Santo,7140,18872,838,87.265,38,101.31,73.45,19,0,0,0
3200169,Água Doce do Norte,0,,ES,Espírito Santo,4595,12032,474,85.295,38,101.04,70.03,6,0,0,0
3200359,Alto Rio Novo,0,,ES,Espírito Santo,2865,7428,228,87.272,38,99.14,67.49,2,0,0,0
3200102,Afonso Cláudio,0,,ES,Espírito Santo,11496,30604,941,89.791,38,100.85,72.8,7,0,0,0
3203106,Jerônimo Monteiro,0,,ES,Espírito Santo,4367,11548,177,91.258,38,96.05,79.93,18,0,52,0
5214606,Niquelândia,0,Região Integrada de Desenvolvimento do Distrito Federal e Entorno,GO,Goiás,13270,34723,9846,88.434,38,100.82,67.42,84,0,1941,0
5203807,Britânia,0,,GO,Goiás,2138,5657,1458,89.442,38,101.38,60.04,21,0,0,0
5204656,Campinaçu,0,,GO,Goiás,1418,3708,1978,88.937,38,107.61,62.34,5,0,0,0
5209408,Guarani de Goiás,0,,GO,Goiás,1436,4082,1221,82.259,38,107.78,65.54,5,0,0,0
5204557,Caldazinha,0,Região Metropolitana de Goiânia,GO,Goiás,1710,4503,252,93.753,38,108.08,61.54,11,0,0,0
5215306,Orizona,0,,GO,Goiás,6267,16299,1971,94.265,38,102.28,77.16,13,0,0,0
5210208,Iporá,0,,GO,Goiás,13971,35341,1027,0.93,38,95.37,77.74,53,0,63,0
5203906,Buriti Alegre,0,,GO,Goiás,4184,10433,902,9.292,38,100.52,74.15,4,0,0,0
5210802,Itajá,0,,GO,Goiás,1749,4366,2083,90.309,38,97.12,78.58,2,0,0,0
5205000,Carmo do Rio Verde,0,,GO,Goiás,3694,9680,420,91.675,38,102.12,71.81,31,0,0,0
5214903,Nova Roma,0,,GO,Goiás,1157,3069,2137,87.418,38,108.4,75.32,3,0,99,37
5212204,Jussara,0,,GO,Goiás,7662,19491,4092,90.868,38,98.97,67.17,42,0,0,0
5213053,Mimoso de Goiás,0,Região Integrada de Desenvolvimento do Distrito Federal e Entorno,GO,Goiás,980,2614,1381,8.315,38,106.48,66.67,2,0,84,0
5214051,Mundo Novo,0,,GO,Goiás,2272,6163,2142,86.482,38,106.09,63.24,6,0,0,0
5213707,Montes Claros de Goiás,0,,GO,Goiás,3424,8733,2900,91.155,38,104.34,64.3,16,0,0,0
5205406,Ceres,0,,GO,Goiás,8357,21937,213,95.491,38,94.29,72.78,75,0,0,0
5212808,Mara Rosa,0,,GO,Goiás,4088,10651,1695,88.376,38,103.31,69.19,8,0,0,0
5205208,Caturaí,0,Região Metropolitana de Goiânia,GO,Goiás,1962,5178,205,90.138,38,101.32,63.93,7,0,0,0
5219704,Santa Terezinha de Goiás,0,,GO,Goiás,3901,10603,1207,88.843,38,102.15,72.19,12,0,3,0
5221809,Urutaí,0,,GO,Goiás,1362,3547,624,93.729,38,99.27,73.54,10,0,0,0
3100302,Abre Campo,0,,MG,Minas Gerais,4896,13603,471,92.858,38,101.75,84.04,3,0,0,0
3135506,Jequeri,0,,MG,Minas Gerais,4489,12375,548,87.968,38,99.76,88.03,4,0,1,0
3105905,Barroso,0,,MG,Minas Gerais,7290,20018,82,95.518,38,94.37,70.16,8,0,0,0
3148301,Paula Cândido,0,,MG,Minas Gerais,3092,8632,268,91.794,38,104.7,86.83,12,0,787,0
3152105,Ponte Nova,0,,MG,Minas Gerais,21250,57145,471,95.025,38,91.02,85.03,31,0,3750,0
3153509,Alto Jequitibá,0,,MG,Minas Gerais,3249,8351,152,93.115,38,104.66,80.58,0,0,0,0
3142809,Monte Alegre de Minas,0,,MG,Minas Gerais,7826,20079,2596,91.769,38,101,76.39,19,0,47,0
3110608,Cambuí,0,,MG,Minas Gerais,11323,29459,245,94.792,38,97.64,85.84,12,0,0,0
3113701,Carlos Chagas,0,,MG,Minas Gerais,7123,18503,3203,83.693,38,100.27,83.93,6,0,0,0
3115409,Catas Altas da Noruega,0,,MG,Minas Gerais,1092,3096,142,90.614,38,97.21,79.39,0,0,3,0
3127503,Gonzaga,0,,MG,Minas Gerais,1797,5180,209,85.192,38,95.81,79.37,1,0,4,0
3152402,Poté,0,,MG,Minas Gerais,5052,13608,625,83.191,38,94.17,83.58,5,0,5,0
3120839,Cuparaque,0,,MG,Minas Gerais,1608,3980,227,85.714,38,98.65,72.57,8,0,0,0
3144607,Nepomuceno,0,,MG,Minas Gerais,8845,24826,583,92.371,38,97.3,83.88,5,0,279,0
3151800,Poços de Caldas,0,,MG,Minas Gerais,63169,163376,547,9.776,38,91.43,85.99,93,0,0,0
3152709,Prados,0,,MG,Minas Gerais,3261,9013,264,94.736,38,99.91,77.27,6,0,0,0
3161304,São Francisco de Sales,0,,MG,Minas Gerais,2309,5730,1129,92.261,38,105.52,56.54,2,0,0,0
3171154,Vermelho Novo,0,,MG,Minas Gerais,1798,4895,115,90.525,38,104.89,73.7,3,0,0,0
3123908,Entre Rios de Minas,0,,MG,Minas Gerais,5464,14700,457,93.811,38,95.86,83.51,23,0,0,0
3129301,Iapu,0,Colar Metropolitano,MG,Minas Gerais,4054,12002,341,89.822,38,101.17,80.02,4,0,0,0
3115474,Catuti,0,,MG,Minas Gerais,1712,4739,288,77.972,38,99.71,68.88,1,0,601,0
3141009,Mato Verde,0,,MG,Minas Gerais,4630,12027,472,82.786,38,93.6,77.86,42,0,52,0
3170479,Uruana de Minas,0,,MG,Minas Gerais,1266,3281,598,87.893,38,99.51,70.58,0,0,0,0
3135076,Jampruca,0,,MG,Minas Gerais,1573,4247,517,82.646,38,103.89,77.63,1,0,0,0
3136702,Juiz de Fora,0,,MG,Minas Gerais,210953,536964,1436,9.777,38,88.68,89.2,425,0,0,0
3118403,Conselheiro Pena,0,,MG,Minas Gerais,7998,20676,1484,89.299,38,96.94,78.23,50,0,0,0
3131109,Inimutaba,0,,MG,Minas Gerais,2767,7346,527,90.731,38,98.36,85.76,1,0,0,0
3105608,Barbacena,0,,MG,Minas Gerais,46664,124441,759,96.168,38,90.49,85.69,146,0,260,0
3160306,Santo Antônio do Jacinto,0,,MG,Minas Gerais,3782,10323,504,77.103,38,102.37,78.46,30,0,0,0
3120508,Cristina,0,,MG,Minas Gerais,3671,10330,311,93.836,38,105.71,79.46,0,0,0,0
3123106,Dores de Guanhães,0,,MG,Minas Gerais,1744,5029,382,85.683,38,102.78,77.67,5,0,434,0
3163201,São José do Alegre,0,,MG,Minas Gerais,1510,4128,89,95.721,38,103.9,81.72,6,0,0,0
3169604,Tupaciguara,0,,MG,Minas Gerais,9774,25245,1823,93.816,38,98.44,79.95,8,0,0,0
3128709,Guaxupé,0,,MG,Minas Gerais,19114,50695,286,95.247,38,95.29,82.24,25,0,0,0
3123007,Dores de Campos,0,,MG,Minas Gerais,3675,10005,125,95.226,38,99.5,73.23,9,0,0,0
3162575,São João do Manteninha,0,,MG,Minas Gerais,2119,5280,138,86.719,38,94.56,74.87,0,0,0,0
3104106,Arceburgo,0,,MG,Minas Gerais,3368,9126,163,92.548,38,99.89,87.89,0,0,0,0
3120805,Cruzília,0,,MG,Minas Gerais,5763,15271,522,92.981,38,97.43,85.18,3,0,0,0
3126901,Frei Inocêncio,0,,MG,Minas Gerais,3021,8111,470,87.272,38,95.07,77.21,4,0,0,0
3153400,Presidente Olegário,0,,MG,Minas Gerais,7318,18603,3504,92.367,38,105.87,75.72,79,0,38,0
3165008,São Tiago,0,,MG,Minas Gerais,4128,11169,572,94.749,38,102.02,82.35,7,0,79,0
3101102,Aimorés,0,,MG,Minas Gerais,9535,25044,1349,90.042,38,97.09,79.58,34,0,0,0
3136553,José Raydan,0,,MG,Minas Gerais,1576,4268,181,85.432,38,97.78,76.72,2,0,0,0
3144508,Nazareno,0,,MG,Minas Gerais,2976,8154,341,9.454,38,103.46,78.55,0,0,134,0
3122306,Divinópolis,0,,MG,Minas Gerais,87088,229990,708,97.129,38,93.1,74.51,171,0,0,0
3139102,Madre de Deus de Minas,0,,MG,Minas Gerais,1914,5185,493,92.731,38,99.65,76.38,1,0,0,0
3106200,Belo Horizonte,1,Região Metropolitana de Belo Horizonte,MG,Minas Gerais,889584,2306189,331,97.776,38,86.77,91.12,2572,0,821,122
3142205,Miraí,0,,MG,Minas Gerais,4990,13584,321,94.175,38,96.53,81.71,2,0,0,0
3143609,Morro da Garça,0,,MG,Minas Gerais,917,2411,415,89.357,38,105.37,86.63,3,0,0,0
3102605,Andradas,0,,MG,Minas Gerais,15157,40293,469,93.765,38,98.09,79.31,33,0,1,0
3112406,Capetinga,0,,MG,Minas Gerais,2384,6513,298,92.092,38,105.71,83.28,0,0,0,0
3110202,Cajuri,0,,MG,Minas Gerais,1432,4087,83,91.101,38,104.71,82.98,4,0,0,0
3159803,Santa Vitória,0,,MG,Minas Gerais,8276,20861,2998,91.781,38,100.79,70.84,17,0,0,0
3104304,Areado,0,,MG,Minas Gerais,5102,13797,283,94.545,38,99.33,77.85,2,0,0,0
3134202,Ituiutaba,0,,MG,Minas Gerais,39977,101934,2598,94.105,38,92.4,77.51,77,0,6,0
3140506,Martinho Campos,0,,MG,Minas Gerais,5315,13930,1058,93.538,38,100.73,78.8,138,0,1,0
3166105,Senhora do Porto,0,,MG,Minas Gerais,1114,3062,381,8.407,38,99.29,83.67,1,0,77,0
3144706,Nova Era,0,,MG,Minas Gerais,6224,17322,362,94.114,38,92.37,73.73,15,0,0,0
3151107,Pirapetinga,0,,MG,Minas Gerais,4244,11070,191,93.942,38,94.06,75.88,5,0,0,0
3109006,Brumadinho,0,Região Metropolitana de Belo Horizonte,MG,Minas Gerais,13868,38678,639,95.877,38,100.16,71.19,79,0,666,0
3115102,Cássia,0,,MG,Minas Gerais,6408,17045,666,92.893,38,100.25,86.41,7,0,0,0
3132206,Itaguara,0,Região Metropolitana de Belo Horizonte,MG,Minas Gerais,5202,13789,410,94.574,38,100.43,78.21,9,0,2,0
3116407,Claraval,0,,MG,Minas Gerais,1661,4638,228,93.646,38,108.13,82.52,0,0,0,0
3144300,Nanuque,0,,MG,Minas Gerais,13272,34877,1518,89.179,38,91.52,74.08,70,0,0,0
3164100,São Pedro do Suaçuí,0,,MG,Minas Gerais,1849,5084,308,86.209,38,98.33,95.62,2,0,93,0
3165305,São Vicente de Minas,0,,MG,Minas Gerais,2502,6727,393,94.696,38,96.31,81.69,5,0,0,0
3118700,Coqueiral,0,,MG,Minas Gerais,3250,8981,296,94.021,38,101.09,87.02,1,0,1,0
3137502,Lagoa Formosa,0,,MG,Minas Gerais,7046,18853,841,93.964,38,99.54,83.64,7,0,0,0
3113602,Careaçu,0,,MG,Minas Gerais,2435,6777,181,93.149,38,102.5,74.26,2,0,0,0
3139607,Mantena,0,,MG,Minas Gerais,10157,26323,685,88.482,38,93.32,77.48,30,0,23,0
3149903,Perdões,0,,MG,Minas Gerais,7773,21243,271,94.759,38,97.16,84.23,6,0,0,0
3157278,Santa Bárbara do Monte Verde,0,,MG,Minas Gerais,1209,3091,418,9.062,38,104.16,72.83,3,0,0,0
3168408,Tarumirim,0,,MG,Minas Gerais,5230,14622,732,87.976,38,97.52,86.82,8,0,0,0
3106507,Berilo,0,,MG,Minas Gerais,3569,9823,587,83.534,38,101.48,79.06,17,0,5735,0
3128501,Guarará,0,,MG,Minas Gerais,1150,3149,89,93.313,38,96.69,82.38,4,0,0,0
3164308,São Roque de Minas,0,,MG,Minas Gerais,2730,7068,2099,94.255,38,104.74,82.57,3,0,0,0
3170305,Umburatiba,0,,MG,Minas Gerais,1040,2681,406,80.413,38,106.94,75.6,4,0,0,0
3110004,Caeté,0,Região Metropolitana de Belo Horizonte,MG,Minas Gerais,13577,38618,543,96.452,38,93.89,78.94,8,0,6,0
3172103,Volta Grande,0,,MG,Minas Gerais,1672,4440,206,92.608,38,94.44,88.03,3,0,0,0
3127206,Funilândia,0,Colar Metropolitano de Belo Horizonte,MG,Minas Gerais,1707,4682,200,93.757,38,101.46,75.42,5,0,0,0
3155108,Rio do Prado,0,,MG,Minas Gerais,1731,4636,480,79.363,38,108.59,78.95,4,0,6,0
3108206,Bonfinópolis de Minas,0,,MG,Minas Gerais,2094,5457,1850,90.737,38,102.19,72.81,12,0,14,0
3125309,Faria Lemos,0,,MG,Minas Gerais,1186,3186,165,91.499,38,98.51,84.67,1,0,0,0
3136405,Joaquim Felício,0,,MG,Minas Gerais,1462,3826,791,86.909,38,101.78,81.44,0,0,0,0
3162203,São João Batista do Glória,0,,MG,Minas Gerais,2808,7614,548,94.583,38,101,81.43,1,0,0,0
3104700,Ataléia,0,,MG,Minas Gerais,4948,13709,1837,80.009,38,104.28,84.44,8,0,477,0
3132909,Itamogi,0,,MG,Minas Gerais,4048,10734,244,94.274,38,100.75,82.14,4,0,0,0
3128105,Guapé,0,,MG,Minas Gerais,5179,13726,934,93.766,38,107.07,74.4,17,0,0,0
3130655,Indaiabira,0,,MG,Minas Gerais,2158,6344,1004,74.207,38,104.25,78.95,1,0,58,0
3131000,Inhaúma,0,Colar Metropolitano de Belo Horizonte,MG,Minas Gerais,2232,6239,245,94.389,38,99.46,77.78,3,0,0,0
3142601,Monsenhor Paulo,0,,MG,Minas Gerais,3004,8311,217,91.757,38,104.26,79.99,5,0,1,0
3157500,Santa Efigênia de Minas,0,,MG,Minas Gerais,1470,4031,132,83.621,38,95.31,82.05,8,0,1,0
3168705,Timóteo,0,Região Metropolitana do Vale do Aço,MG,Minas Gerais,30026,81410,144,96.877,38,90.75,69.93,72,0,0,0
3142403,Moema,0,,MG,Minas Gerais,2824,7530,203,9.475,38,95.95,77.89,5,0,0,0
3149507,Pequeri,0,,MG,Minas Gerais,1290,3350,91,95.983,38,91.49,80.27,0,0,0,0
3158607,Santana do Deserto,0,,MG,Minas Gerais,1326,3742,183,93.585,38,98.99,83.28,2,0,0,0
3165701,Senador Firmino,0,,MG,Minas Gerais,2914,7670,166,93.078,38,101.04,89.29,12,0,0,0
3132008,Itacambira,0,,MG,Minas Gerais,1457,4252,1788,88.515,38,110.7,82.5,0,0,0,0
3159506,Santa Rita do Itueto,0,,MG,Minas Gerais,2203,5826,485,86.728,38,100.34,70.85,26,0,0,0
3150000,Pescador,0,,MG,Minas Gerais,1270,3488,317,80.807,38,97.78,85.88,4,0,67,0
3168804,Tiradentes,0,,MG,Minas Gerais,2866,7653,83,95.646,38,94.23,72.12,11,0,0,0
3127057,Fronteira dos Vales,0,,MG,Minas Gerais,1519,4343,321,78.985,38,101.25,78.4,3,0,378,0
3136801,Juramento,0,,MG,Minas Gerais,1384,3768,432,8.797,38,99.68,72.66,3,0,0,0
3133105,Itanhandu,0,,MG,Minas Gerais,5491,15208,143,96.389,38,96.26,75.73,4,0,0,0
3136603,Nova União,0,Região Metropolitana de Belo Horizonte,MG,Minas Gerais,2172,5899,172,90.681,38,100.51,69.14,0,0,0,0
3104205,Arcos,0,,MG,Minas Gerais,15057,41110,510,96.662,38,98.54,70.42,43,0,0,0
3138302,Leandro Ferreira,0,,MG,Minas Gerais,1210,3173,352,90.084,38,101.58,83.25,0,0,0,0
3156452,Rosário da Limeira,0,,MG,Minas Gerais,1888,4713,111,89.828,38,101.88,86.83,0,0,0,0
3158300,Santana da Vargem,0,,MG,Minas Gerais,2347,6686,172,92.563,38,98.02,82.95,2,0,0,0
3153004,Pratinha,0,,MG,Minas Gerais,1355,3557,622,90.587,38,109.97,72.22,1,0,0,0
3138906,Machacalis,0,,MG,Minas Gerais,2434,6484,332,84.431,38,100.84,85.02,3,0,18,0
3164431,São Sebastião da Vargem Alegre,0,,MG,Minas Gerais,1177,3112,74,92.197,38,105.34,73.45,0,0,0,0
3113305,Carangola,0,,MG,Minas Gerais,12170,30961,353,93.163,38,92.77,86.05,48,0,0,0
3117108,Conceição da Aparecida,0,,MG,Minas Gerais,3804,10337,353,94.264,38,105.81,75.3,3,0,1,0
3102001,Alterosa,0,,MG,Minas Gerais,5280,13854,362,9.381,38,100.94,84.58,13,0,0,0
3120409,Cristiano Otoni,0,,MG,Minas Gerais,1621,4667,133,95.034,38,97.25,73.84,0,0,0,0
3127305,Galiléia,0,,MG,Minas Gerais,2305,6201,720,87.238,38,97.4,75.44,10,0,0,0
3146750,Palmópolis,0,,MG,Minas Gerais,2368,6281,433,78.339,38,102.87,86.01,2,0,0,0
5003801,Fátima do Sul,0,,MS,Mato Grosso do Sul,7847,20563,315,92.376,38,92.34,77.15,15,0,0,0
5007976,Taquarussu,0,,MS,Mato Grosso do Sul,1377,3619,1052,88.771,38,100.94,67.61,3,0,0,0
5002605,Camapuã,0,,MS,Mato Grosso do Sul,5434,13526,6238,9.363,38,104.22,63.59,15,0,0,0
5100102,Acorizal,0,Região Metropolitana do Vale do Rio Cuiabá,MT,Mato Grosso,1821,5005,851,89.567,38,110.67,75.61,12,0,15,0
5107107,São José dos Quatro Marcos,0,,MT,Mato Grosso,6780,17815,1283,90.802,38,98.23,65.64,8,0,0,0
5107701,Rosário Oeste,0,Entorno Metropolitano da RM Vale do Rio Cuiabá,MT,Mato Grosso,5523,15340,7339,86.359,38,108.8,66.58,17,0,0,0
5103809,Figueirópolis D'Oeste,0,,MT,Mato Grosso,1211,3174,891,91.005,38,102.35,65.11,0,0,0,0
5100508,Alto Paraguai,0,,MT,Mato Grosso,3016,8004,1847,90.597,38,112.55,58.63,9,0,0,0
5108352,Vale de São Domingos,0,,MT,Mato Grosso,1098,2904,1902,8.847,38,108.02,59.07,0,0,0,0
5106851,Porto Estrela,0,,MT,Mato Grosso,1179,3224,2045,77.765,38,112.52,66.77,0,0,328,0
5107750,Salto do Céu,0,,MT,Mato Grosso,1385,3670,1753,88.987,38,102.25,62.28,0,0,0,0
2500700,São João do Rio do Peixe,0,Região Metropolitana de Cajazeiras,PB,Paraíba,6317,17902,476,78.594,38,98.3,84.92,3,0,0,0
2514800,São José dos Cordeiros,0,,PB,Paraíba,1288,3411,377,82.151,38,100.29,79.51,0,0,4,0
2513307,Santa Helena,0,Região Metropolitana de Cajazeiras,PB,Paraíba,2078,5855,211,78.162,38,101.27,90.33,0,0,0,0
2612000,Sairé,0,,PE,Pernambuco,4118,10880,190,76.448,38,98.31,76.98,9,0,0,0
2202851,Coronel José Dias,0,,PI,Piauí,1485,4240,1926,75.225,38,110.6,70.11,5,0,0,0
2205599,Lagoa do Sítio,0,,PI,Piauí,1581,4519,805,6.909,38,105.92,69.66,0,0,0,0
2210375,São Luis do Piauí,0,,PI,Piauí,832,2309,218,73.547,38,94.36,75.58,0,0,0,0
2210383,São Miguel da Baixa Grande,0,,PI,Piauí,807,2269,445,70.818,38,98.86,83.18,0,0,0,0
2209005,Rio Grande do Piauí,0,,PI,Piauí,2115,5796,636,7.787,38,100.52,82.35,0,0,0,0
2206902,Novo Oriente do Piauí,0,,PI,Piauí,2255,6082,526,7.493,38,99.51,80.57,0,0,0,0
2206951,Novo Santo Antônio,0,,PI,Piauí,1005,2825,444,70.861,38,100.35,80.67,0,0,0,0
2209351,Santana do Piauí,0,,PI,Piauí,1400,4121,112,73.251,38,96.43,76.96,0,0,0,0
2209906,São João da Serra,0,,PI,Piauí,2165,6088,994,71.769,38,98.38,85.46,7,0,0,0
2204006,Francinópolis,0,,PI,Piauí,1643,4503,269,70.957,38,95.7,78.44,2,0,0,0
2211506,Vera Mendes,0,,PI,Piauí,1221,3185,342,68.307,38,99.44,80.99,2,0,101,0
2207553,Paquetá,0,,PI,Piauí,1292,3813,433,65.719,38,105.44,70.28,0,0,397,0
4109302,Guaraniaçu,0,Região Metropolitana de Cascavel,PR,Paraná,5255,13689,1238,91.599,38,100.69,75.66,0,0,0,0
4113809,Lupionópolis,0,Região Metropolitana de Londrina,PR,Paraná,1869,4791,121,91.207,38,96.05,76.31,0,0,0,0
4120655,Quarto Centenário,0,Região Metropolitana de Campo Mourão,PR,Paraná,1547,4201,322,9.038,38,95.4,65.84,1,0,0,0
4108601,Goioerê,0,Região Metropolitana de Campo Mourão,PR,Paraná,10761,28386,564,92.758,38,92.45,72.97,35,0,0,0
4115309,Mariópolis,0,,PR,Paraná,2417,6366,230,94.025,38,99.59,71.48,11,0,0,0
4111308,Itaúna do Sul,0,,PR,Paraná,1313,3572,129,85.888,38,95.19,75.97,0,0,0,0
4115739,Mato Rico,0,,PR,Paraná,1223,3259,395,84.589,38,109.29,71.17,1,0,0,0
4103602,Cambará,0,,PR,Paraná,8363,23069,366,94.748,38,96.06,77.72,6,0,0,0
4110607,Iporã,0,Região Metropolitana de Umuarama,PR,Paraná,5761,15658,648,92.308,38,97,77.31,7,0,0,0
4114005,Mamborê,0,Região Metropolitana de Campo Mourão,PR,Paraná,5229,13423,788,92.294,38,94.84,74.63,10,0,0,0
4103156,Bom Jesus do Sul,0,,PR,Paraná,1540,3980,176,89.707,38,104.21,76.34,1,0,0,0
4127304,Terra Rica,0,,PR,Paraná,5526,14806,701,92.199,38,96.5,70.36,14,0,0,0
4115705,Matinhos,0,,PR,Paraná,15010,39190,118,97.019,38,94.71,70.03,75,0,0,0
4118709,Paulo Frontin,0,,PR,Paraná,2301,6320,363,96.381,38,108.72,78.69,2,0,0,0
4126504,Sertanópolis,0,Região Metropolitana de Londrina,PR,Paraná,5839,15915,506,9.484,38,94.77,81.11,8,0,0,0
4120705,Quatiguá,0,,PR,Paraná,3149,8070,113,9.362,38,92.88,77.43,3,0,0,0
4106571,Cruzeiro do Iguaçu,0,,PR,Paraná,1547,4131,162,92.166,38,100.34,67.32,1,0,0,0
4102000,Assis Chateaubriand,0,Região Metropolitana de Toledo,PR,Paraná,13907,36732,981,94.153,38,95.2,78.27,39,0,0,0
4125209,São Jorge d'Oeste,0,,PR,Paraná,3557,9371,380,93.899,38,98.02,76.03,7,0,0,0
4110805,Iretama,0,Região Metropolitana de Campo Mourão,PR,Paraná,3956,10590,570,8.754,38,102.66,70.54,1,0,0,0
4106001,Congonhinhas,0,,PR,Paraná,3152,8293,536,8.812,38,99.57,68.23,4,0,0,0
4106100,Conselheiro Mairinck,0,,PR,Paraná,1341,3461,205,91.896,38,99.14,76.36,12,0,0,0
4116505,Nova Aliança do Ivaí,0,,PR,Paraná,480,1323,131,90.951,38,100.76,63.35,4,0,0,0
4113452,Lindoeste,0,Região Metropolitana de Cascavel,PR,Paraná,1877,5168,347,91.106,38,102.15,69.72,2,0,0,0
4108106,Flórida,0,Região Metropolitana de Maringá,PR,Paraná,968,2651,83,91.862,38,97.47,70.62,0,0,0,0
4124905,São João do Caiuá,0,,PR,Paraná,2179,5571,304,87.514,38,97.18,67.63,2,0,0,0
4105300,Céu Azul,0,Região Metropolitana de Cascavel,PR,Paraná,4177,11060,1179,95.139,38,96.79,76.84,18,0,0,0
4126702,Tamboara,0,,PR,Paraná,1865,4880,193,91.641,38,95.2,72.42,0,0,0,0
4102406,Bandeirantes,0,,PR,Paraná,11315,31139,445,93.632,38,93.59,79.87,22,0,0,0
4110409,Indianópolis,0,,PR,Paraná,1667,4444,123,92.849,38,100.54,81.77,0,0,0,0
4104501,Capanema,0,,PR,Paraná,7854,20424,419,95.402,38,98.52,77.19,10,0,0,0
4121109,Quinta do Sol,0,Região Metropolitana de Campo Mourão,PR,Paraná,1797,4901,326,88.048,38,101.33,73.13,3,0,0,0
4118600,Paula Freitas,0,,PR,Paraná,2056,5663,421,95.839,38,104.84,63.75,1,0,0,0
4121356,Rancho Alegre D'Oeste,0,Região Metropolitana de Campo Mourão,PR,Paraná,969,2618,241,9.033,38,96.1,72.89,1,0,0,0
4125456,São José das Palmeiras,0,Região Metropolitana de Toledo,PR,Paraná,1513,3956,182,88.956,38,99.55,66.51,0,0,0,0
4121802,Ribeirão Claro,0,,PR,Paraná,4583,12330,629,94.599,38,97.44,79.2,3,0,0,0
4124004,Santana do Itararé,0,,PR,Paraná,2099,5482,251,8.876,38,101.68,72.58,9,0,0,0
4113007,Jussara,0,,PR,Paraná,2496,6688,211,94.005,38,98.52,68.24,3,0,0,0
4120150,Porto Barreiro,0,,PR,Paraná,1133,3110,361,92.985,38,106.92,70.38,0,0,0,0
4120358,Pranchita,0,,PR,Paraná,2148,5737,226,9.242,38,95.07,78.15,1,0,0,0
4112306,Japira,0,,PR,Paraná,1833,4970,188,91.068,38,104.36,72.21,3,0,0,0
4107124,Diamante do Sul,0,Região Metropolitana de Cascavel,PR,Paraná,1183,3171,347,85.053,38,105.38,63.99,5,0,0,0
4100459,Altamira do Paraná,0,Região Metropolitana de Campo Mourão,PR,Paraná,1330,3586,387,89.396,38,102.6,72.78,1,0,0,0
4118907,Pérola,0,Região Metropolitana de Umuarama,PR,Paraná,4537,11815,236,9.234,38,95.94,80.76,12,0,0,0
4101200,Antonina,0,,PR,Paraná,6523,18030,892,94.505,38,99.15,72.34,36,0,0,0
4115002,Marilena,0,,PR,Paraná,2656,7251,232,90.192,38,101.81,69.67,3,0,0,0
4127908,Tuneiras do Oeste,0,Região Metropolitana de Umuarama,PR,Paraná,3075,8067,699,89.354,38,99.04,68.54,9,0,0,0
3301504,Cordeiro,0,,RJ,Rio de Janeiro,7959,20736,113,95.728,38,89.8,81.02,4,0,0,0
3304557,Rio de Janeiro,1,Região Metropolitana do Rio de Janeiro,RJ,Rio de Janeiro,2436971,6174549,1200,97.667,38,86.6,86.44,6898,0,2855,29
3304904,São Gonçalo,0,Região Metropolitana do Rio de Janeiro,RJ,Rio de Janeiro,358103,895610,248,96.976,38,88.67,78.16,661,0,0,0
3303708,Paraíba do Sul,0,,RJ,Rio de Janeiro,15203,41959,571,95.332,38,88.83,71.28,12,0,7,0
3305000,São João da Barra,0,,RJ,Rio de Janeiro,14464,36492,452,94.308,38,94.99,69.16,8,0,0,0
3306206,Vassouras,0,,RJ,Rio de Janeiro,12879,33908,536,94.537,38,88.56,77.76,22,0,0,0
3305802,Teresópolis,0,,RJ,Rio de Janeiro,64415,164749,773,95.074,38,90.55,76.96,135,0,0,0
3300605,Bom Jesus do Itabapoana,0,,RJ,Rio de Janeiro,13384,35005,597,9.273,38,92.08,81.8,33,0,0,0
3301603,Duas Barras,0,,RJ,Rio de Janeiro,4151,10959,380,89.581,38,97.27,70.5,0,0,6,0
3303609,Paracambi,0,Região Metropolitana do Rio de Janeiro,RJ,Rio de Janeiro,16107,41152,191,96.554,38,92.89,75.91,32,0,0,0
3300308,Barra do Piraí,0,,RJ,Rio de Janeiro,34992,92763,585,96.413,38,88.31,79.13,84,0,0,0
3304300,Rio Bonito,0,Região Metropolitana do Rio de Janeiro,RJ,Rio de Janeiro,21187,56175,459,94.785,38,93.39,73.42,48,0,0,0
3300258,Arraial do Cabo,0,,RJ,Rio de Janeiro,11542,30965,152,96.819,38,92.36,76.01,62,0,0,0
2400109,Acari,0,,RN,Rio Grande do Norte,3810,10556,608,86.806,38,93.16,84.49,13,0,169,0
2412807,São Rafael,0,,RN,Rio Grande do Norte,2734,7710,469,78.501,38,103.35,85.29,0,0,0,0
2400901,Antônio Martins,0,,RN,Rio Grande do Norte,2372,6577,245,78.169,38,98.28,79.72,0,0,0,0
2407401,Martins,0,,RN,Rio Grande do Norte,2961,8179,169,84.617,38,95.3,87.49,0,0,0,0
2411403,Santana do Matos,0,,RN,Rio Grande do Norte,4476,12454,1422,74.353,38,100.03,83.26,10,0,169,165
2403004,Cruzeta,0,,RN,Rio Grande do Norte,2936,7955,296,8.432,38,96.01,79.64,7,0,0,0
2403707,Felipe Guerra,0,,RN,Rio Grande do Norte,2064,5930,269,8.262,38,97.67,82.63,0,0,0,0
2406007,José da Penha,0,,RN,Rio Grande do Norte,2142,5791,118,77.133,38,95.52,90.5,0,0,0,0
2408508,Ouro Branco,0,,RN,Rio Grande do Norte,1770,4908,253,83.917,38,99.55,87.87,65,0,35,0
2403905,Francisco Dantas,0,,RN,Rio Grande do Norte,987,2693,182,78.097,38,99.41,81.14,1,0,0,0
2413607,Severiano Melo,0,,RN,Rio Grande do Norte,1983,5481,158,78.116,38,99.24,78.96,0,0,0,0
2410603,Rafael Godeiro,0,,RN,Rio Grande do Norte,1070,2933,100,80.208,38,99.05,77.69,0,0,0,0
2408706,Paraú,0,,RN,Rio Grande do Norte,1227,3578,383,76.815,38,100.39,84.75,0,0,0,0
2413557,Serrinha dos Pintos,0,,RN,Rio Grande do Norte,1681,4648,122,79.372,38,100.73,80.55,0,0,0,0
2410009,Pilões,0,,RN,Rio Grande do Norte,1045,2961,83,78.693,38,99.13,89.42,0,0,0,0
1100296,Santa Luzia D'Oeste,0,,RO,Rondônia,2758,7391,1198,90.447,38,101.22,61.65,2,0,0,0
1100908,Castanheiras,0,,RO,Rondônia,1198,3229,893,89.806,38,105.27,60.95,8,0,0,0
1101559,Teixeirópolis,0,,RO,Rondônia,1582,4256,460,89.959,38,102.76,66.54,3,0,0,0
1101807,Vale do Paraíso,0,,RO,Rondônia,2446,6473,966,89.498,38,104.19,65.95,7,0,0,0
1101609,Theobroma,0,,RO,Rondônia,3007,8112,2197,88.381,38,106.75,54.7,8,0,0,0
1100031,Cabixi,0,,RO,Rondônia,1967,5351,1314,89.824,38,102.15,64.14,10,0,6,0
4305702,Condor,0,,RS,Rio Grande do Sul,2394,6406,464,95.938,38,97.78,79.09,0,0,0,0
4309159,Gramado Xavier,0,,RS,Rio Grande do Sul,1244,3303,218,91.735,38,107.02,69.09,0,0,0,0
4315149,Presidente Lucena,0,,RS,Rio Grande do Sul,1112,3077,50,97.786,38,106.79,70.07,1,0,0,0
4321436,Terra de Areia,0,Aglomeração Urbana do Litoral Norte,RS,Rio Grande do Sul,4009,10318,142,95.464,38,96.73,75.9,31,0,46,0
4322202,Tupanciretã,0,,RS,Rio Grande do Sul,7796,19943,2253,95.416,38,95.04,75.71,8,0,0,0
4305447,Chuvisca,0,,RS,Rio Grande do Sul,1669,4597,220,9.297,38,105.41,64.82,0,0,0,0
4310207,Ijuí,0,,RS,Rio Grande do Sul,32532,83879,689,97.113,38,93.27,82.37,56,0,0,0
4305975,Coxilha,0,,RS,Rio Grande do Sul,1018,2667,422,95.972,38,100.53,73.96,5,0,0,0
4312500,Mostardas,0,,RS,Rio Grande do Sul,4593,12076,1977,92.475,38,102.51,82.92,14,0,654,239
4308854,Gentil,0,,RS,Rio Grande do Sul,646,1744,185,95.167,38,103.03,83.98,162,0,0,0
4318309,São Gabriel,0,,RS,Rio Grande do Sul,22285,58110,5053,94.232,38,93.05,80.48,41,0,109,0
4303509,Camaquã,0,,RS,Rio Grande do Sul,23858,61684,1680,95.196,38,95.53,78.22,0,0,0,0
4309407,Guaporé,0,,RS,Rio Grande do Sul,9641,25123,298,97.443,38,93.57,83.27,7,0,0,0
4310009,Ibirubá,0,,RS,Rio Grande do Sul,8366,21491,607,97.773,38,96.8,86.18,4,0,0,0
4312617,Muitos Capões,0,,RS,Rio Grande do Sul,1096,2878,1193,96.559,38,108.77,70.33,2,0,263,0
4318002,São Borja,0,,RS,Rio Grande do Sul,22559,59172,3617,94.877,38,95.87,80.36,18,0,0,0
4322541,Vale Real,0,,RS,Rio Grande do Sul,2263,6057,45,98.207,38,101.6,62.65,0,0,0,0
4305801,Constantina,0,,RS,Rio Grande do Sul,3790,10377,204,95.607,38,96.13,85.95,415,315,0,0
4307807,Estrela,0,,RS,Rio Grande do Sul,12417,32077,185,97.987,38,93.79,80.19,104,0,0,0
4306056,Cristal,0,,RS,Rio Grande do Sul,2766,7281,682,92.817,38,99.92,76.61,45,0,160,0
4313953,Pantano Grande,0,,RS,Rio Grande do Sul,3971,10185,841,92.703,38,98.06,76.39,9,0,23,0
4320859,Tabaí,0,,RS,Rio Grande do Sul,1744,4461,95,94.663,38,98.8,71.96,30,0,0,0
4316501,Salvador do Sul,0,,RS,Rio Grande do Sul,2669,6860,99,97.943,38,98.87,86.85,9,0,2,0
4320701,Sobradinho,0,,RS,Rio Grande do Sul,5586,14053,129,95.279,38,94.24,83.72,4,0,0,0
4313805,Palmitinho,0,,RS,Rio Grande do Sul,3005,7817,144,92.996,38,99.97,81.82,20,0,0,0
4309555,Harmonia,0,,RS,Rio Grande do Sul,2022,5378,49,98.598,38,99.7,77.06,1,0,0,0
4316808,Santa Cruz do Sul,0,,RS,Rio Grande do Sul,53650,132215,734,97.747,38,90.94,81.68,52,0,0,0
4306502,Dom Feliciano,0,,RS,Rio Grande do Sul,5088,13026,1355,91.406,38,107.22,77.33,1,0,0,0
4306429,Dois Irmãos das Missões,0,,RS,Rio Grande do Sul,798,2090,226,89.791,38,100.38,81.2,3,0,0,0
4321204,Taquara,0,Região Metropolitana de Porto Alegre,RS,Rio Grande do Sul,20888,52661,453,96.726,38,94.25,74.75,62,0,135,53
4301008,Arroio do Meio,0,,RS,Rio Grande do Sul,8407,21836,157,98.352,38,98,81.67,7,0,46,0
4307708,Esteio,0,Região Metropolitana de Porto Alegre,RS,Rio Grande do Sul,29282,75957,28,98.033,38,90.58,79.06,65,0,0,0
4302402,Bom Retiro do Sul,0,,RS,Rio Grande do Sul,4864,12230,103,97.036,38,97.15,71.33,12,0,0,0
4305371,Charrua,0,,RS,Rio Grande do Sul,959,2768,199,93.734,38,102.04,101.98,1109,1097,0,0
4313300,Nova Prata,0,,RS,Rio Grande do Sul,9881,25552,260,97.953,38,95.41,81.32,17,0,0,0
4311734,Mampituba,0,Aglomeração Urbana do Litoral Norte,RS,Rio Grande do Sul,1233,3125,157,92.561,38,106.8,76.95,1,0,0,0
4314407,Pelotas,0,Aglomeração Urbana do Sul,RS,Rio Grande do Sul,130721,323618,1609,97.189,38,87.65,86.61,361,0,965,0
4320206,Seberi,0,,RS,Rio Grande do Sul,4699,11932,301,95.135,38,95.77,80.83,8,0,0,0
4321667,Três Cachoeiras,0,Aglomeração Urbana do Litoral Norte,RS,Rio Grande do Sul,4203,10928,251,96.742,38,101.32,79.56,5,0,0,0
4322707,Vera Cruz,0,,RS,Rio Grande do Sul,10337,26613,310,96.942,38,94.96,78.85,6,0,0,0
4306403,Dois Irmãos,0,Região Metropolitana de Porto Alegre,RS,Rio Grande do Sul,11923,30596,66,98.632,38,94.16,64.09,19,0,0,0
4319505,São Sebastião do Caí,0,Região Metropolitana de Porto Alegre,RS,Rio Grande do Sul,9430,24311,114,96.999,38,95.17,72.07,17,0,3,0
4304804,Carlos Barbosa,0,Região Metropolitana da Serra Gaúcha,RS,Rio Grande do Sul,11650,30363,230,98.111,38,98.68,77.32,20,0,0,0
4317301,Santa Vitória do Palmar,0,,RS,Rio Grande do Sul,12518,30778,5207,95.908,38,97.73,83.34,33,0,0,0
4211850,Ouro Verde,0,Região Metropolitana do Extremo Oeste,SC,Santa Catarina,787,2180,189,92.723,38,103.26,65.4,0,0,0,0
4215356,Saltinho,0,Região Metropolitana do Extremo Oeste,SC,Santa Catarina,1356,3628,157,92.016,38,102.34,79.46,0,0,0,0
4220000,Balneário Rincão,0,Região Metropolitana Carbonífera,SC,Santa Catarina,5815,15973,63,96.565,38,100.14,71.77,45,0,0,0
4215109,Rodeio,0,Região Metropolitana do Vale do Itajaí,SC,Santa Catarina,4697,12689,129,96.672,38,99.33,84.14,7,0,0,0
4202206,Benedito Novo,0,Região Metropolitana do Vale do Itajaí,SC,Santa Catarina,3715,10508,388,97.107,38,103.68,73.26,19,0,0,0
4218103,Timbé do Sul,0,Região Metropolitana Carbonífera,SC,Santa Catarina,1998,5379,329,94.135,38,105.49,79.38,4,0,0,0
4200507,Águas de Chapecó,0,Região Metropolitana de Chapecó,SC,Santa Catarina,2274,6034,140,92.523,38,101.2,72.14,4,0,0,0
4216107,São Domingos,0,Região Metropolitana do Extremo Oeste,SC,Santa Catarina,3453,9201,368,93.134,38,98.45,78.64,48,0,0,0
4212700,Petrolândia,0,Região Metropolitana do Alto Vale do Itajaí,SC,Santa Catarina,2443,6715,307,956,38,98.93,75.26,1,0,0,0
4203402,Campo Belo do Sul,0,Região Metropolitana de Lages,SC,Santa Catarina,2675,7246,1026,89.633,38,107.05,66.55,4,0,0,0
4216206,São Francisco do Sul,0,"Região Metropolitana do Norte/Nordeste Catarinense, Região Metropolitana de Joinville ",SC,Santa Catarina,19370,52416,493,97.559,38,98.31,66.91,217,118,24,0
4206009,Governador Celso Ramos,0,Região Metropolitana de Florianópolis,SC,Santa Catarina,6156,16906,128,95.197,38,101.42,74.87,22,0,0,0
4217907,Tangará,0,Região Metropolitana do Contestado,SC,Santa Catarina,3050,8138,390,97.377,38,103.78,76.46,0,0,0,0
4200556,Águas Frias,0,Região Metropolitana de Chapecó,SC,Santa Catarina,1026,2839,77,94.835,38,104.39,75.14,2,0,0,0
4208708,Jacinto Machado,0,Região Metropolitana Carbonífera,SC,Santa Catarina,3951,10620,431,95.009,38,101.06,78.44,10,0,0,0
4210852,Mirim Doce,0,Região Metropolitana do Alto Vale do Itajaí,SC,Santa Catarina,902,2508,338,94.409,38,102.66,79.07,1,0,0,0
4217600,Siderópolis,0,Região Metropolitana Carbonífera,SC,Santa Catarina,4961,13683,262,97.016,38,97.64,73.82,5,0,0,0
4202859,Braço do Trombudo,0,Região Metropolitana do Alto Vale do Itajaí,SC,Santa Catarina,1494,3976,89,97.138,38,95.72,72.04,0,0,0,0
4219150,Vargem,0,Região Metropolitana do Contestado,SC,Santa Catarina,1009,2627,351,94.217,38,105.88,65.4,0,0,0,0
4210050,Macieira,0,Região Metropolitana do Contestado,SC,Santa Catarina,648,1778,261,94.437,38,104.84,75.7,0,0,0,0
4211454,Nova Itaberaba,0,Região Metropolitana de Chapecó,SC,Santa Catarina,1684,4536,137,95.556,38,109.71,75.46,7,0,0,0
4214904,Rio Fortuna,0,Região Metropolitana de Tubarão,SC,Santa Catarina,1582,4700,302,98.845,38,107.31,77.83,1,0,0,0
4209458,Lajeado Grande,0,Região Metropolitana de Chapecó,SC,Santa Catarina,584,1699,65,94.194,38,103.83,81.43,0,0,0,0
4210902,Modelo,0,Região Metropolitana do Extremo Oeste,SC,Santa Catarina,1531,4080,92,95.559,38,100.99,75.45,0,0,0,0
4202156,Belmonte,0,Região Metropolitana do Extremo Oeste,SC,Santa Catarina,953,2657,94,92.887,38,100.91,81.85,0,0,0,0
4214706,Rio dos Cedros,0,Região Metropolitana do Vale do Itajaí,SC,Santa Catarina,3850,10844,555,98.129,38,101.05,81.39,6,0,0,0
4201802,Atalanta,0,Região Metropolitana do Alto Vale do Itajaí,SC,Santa Catarina,1200,3223,94,9.654,38,104.24,73.2,1,0,0,0
4213104,Piratuba,0,Região Metropolitana do Contestado,SC,Santa Catarina,2284,5736,146,96.572,38,98.38,81.25,3,0,0,0
4200606,Águas Mornas,0,Região Metropolitana de Florianópolis,SC,Santa Catarina,2460,6743,327,95.336,38,100.68,76.53,6,0,22,0
4201000,Anita Garibaldi,0,Região Metropolitana de Lages,SC,Santa Catarina,3125,8281,590,91.403,38,97.87,77.34,27,0,0,0
4215752,São Bernardino,0,Região Metropolitana do Extremo Oeste,SC,Santa Catarina,979,2683,150,91.032,38,107.58,74.25,2,0,0,0
4208005,Itá,0,Região Metropolitana de Chapecó,SC,Santa Catarina,2693,7051,166,95.468,38,100.43,83.98,7,0,0,0
4217253,São Pedro de Alcântara,0,Região Metropolitana de Florianópolis,SC,Santa Catarina,1742,4599,139,96.453,38,149.4,102.24,4,0,0,0
4211256,Morro Grande,0,Região Metropolitana Carbonífera,SC,Santa Catarina,1088,3010,260,94.223,38,102.69,73.19,0,0,0,0
3543709,Rincão,0,,SP,São Paulo,3319,9077,317,94.063,38,98.47,70.06,3,0,0,0
3532058,Motuca,0,,SP,São Paulo,1412,4034,229,93.004,38,102.31,68.31,3,0,0,0
3534757,Ouroeste,0,,SP,São Paulo,4044,10279,289,94.469,38,97.13,72.91,1,0,0,0
3535903,Paranapuã,0,,SP,São Paulo,1531,4027,140,93.229,38,99.85,82.34,0,0,0,0
3537107,Pedreira,0,Região Metropolitana de Campinas,SP,São Paulo,15759,43020,109,9.674,38,95.96,75.16,28,0,0,0
3539202,Pirapozinho,0,,SP,São Paulo,9237,25289,478,95.602,38,94.76,71.51,29,0,0,0
3533502,Novo Horizonte,0,,SP,São Paulo,14750,38241,932,94.656,38,97.01,78.28,25,0,0,0
3505807,Bastos,0,,SP,São Paulo,7537,21489,171,95.795,38,95.61,73.49,16,0,0,0
3502507,Aparecida,0,Região Metropolitana do Vale do Paraíba e Litoral Norte,SP,São Paulo,11364,32345,121,97.033,38,92.15,76.81,38,0,0,0
3547908,Santo Antônio da Alegria,0,Região Metropolitana de Ribeirão Preto,SP,São Paulo,2566,6756,310,95.634,38,104.37,81.88,0,0,0,0
3511003,Castilho,0,,SP,São Paulo,7326,19788,1065,93.527,38,97.15,68.95,20,0,0,0
3524204,Jaborandi,0,,SP,São Paulo,2278,6197,273,95.012,38,98.25,75.21,20,0,0,0
3511201,Catiguá,0,,SP,São Paulo,2510,6991,148,95.045,38,99.18,73.19,4,0,0,0
3527108,Lins,0,,SP,São Paulo,28432,74106,570,97.012,38,92.25,80.27,39,0,0,0
3528809,Maracaí,0,,SP,São Paulo,4828,12651,533,94.836,38,97.52,73.23,7,0,0,0
3534708,Ourinhos,0,,SP,São Paulo,38002,103632,296,96.765,38,90.77,74.77,94,0,0,0
3542404,Regente Feijó,0,,SP,São Paulo,7519,20104,263,95.609,38,96.67,76.72,8,0,0,0
3521606,Irapuru,0,,SP,São Paulo,2360,5881,214,94.205,38,134.45,123.03,1,0,0,0
3543303,Ribeirão Pires,0,Região Metropolitana de São Paulo,SP,São Paulo,41451,115102,99,97.179,38,93.18,74.62,201,0,0,0
3547809,Santo André,0,Região Metropolitana de São Paulo,SP,São Paulo,280389,745671,176,97.993,38,90.21,83.84,621,0,0,0
3528601,Manduri,0,,SP,São Paulo,3689,9844,229,95.208,38,98.21,78.86,2,0,0,0
3529807,Mineiros do Tietê,0,,SP,São Paulo,4138,11200,213,94.109,38,98.44,74.12,3,0,0,0
3543253,Ribeirão Grande,0,,SP,São Paulo,2673,7450,333,91.516,38,105.57,69.64,5,0,0,0
3505203,Bariri,0,,SP,São Paulo,11749,31541,444,96.134,38,96.1,81.09,11,0,0,0
3502804,Araçatuba,0,,SP,São Paulo,77774,199537,1167,97.399,38,90.71,81.5,201,0,0,0
3546108,Santa Clara d'Oeste,0,,SP,São Paulo,949,2592,183,9.369,38,100.93,78.46,0,0,0,0
3553104,Taiaçu,0,,SP,São Paulo,2086,5677,107,92.034,38,102.68,80.55,3,0,0,0
3503208,Araraquara,0,,SP,São Paulo,92512,240422,1004,97.617,38,92.17,77.37,143,0,0,0
3505906,Batatais,0,Região Metropolitana de Ribeirão Preto,SP,São Paulo,21423,58228,850,96.309,38,94.4,82.93,13,0,0,0
3535606,Paraibuna,0,Região Metropolitana do Vale do Paraíba e Litoral Norte,SP,São Paulo,6628,17612,810,93.341,38,101.93,76.68,19,0,0,0
3542206,Rancharia,0,,SP,São Paulo,10746,28513,1587,95.087,38,93.41,74.59,21,0,0,0
3515400,Fartura,0,,SP,São Paulo,6221,16584,429,95.361,38,95.39,80.61,7,0,0,0
3518909,Guzolândia,0,,SP,São Paulo,1630,4244,252,90.026,38,105.12,75.03,0,0,0,0
3522802,Itaporanga,0,,SP,São Paulo,5221,14023,508,92.352,38,96.47,74.36,68,0,0,0
3530409,Mirassolândia,0,Região Metropolitana de São José do Rio Preto,SP,São Paulo,1721,4664,166,95.297,38,101.16,78.45,0,0,0,0
3547106,Santa Mercedes,0,,SP,São Paulo,1142,2956,167,93.693,38,97.2,70.64,1,0,0,0
3556701,Vinhedo,0,Região Metropolitana de Campinas,SP,São Paulo,27415,76282,81,9.801,38,94.64,70.09,70,0,0,0
3530300,Mirassol,0,Região Metropolitana de São José do Rio Preto,SP,São Paulo,23213,63211,243,9.718,38,94.08,70.57,57,0,0,0
3539301,Pirassununga,0,Região Metropolitana de Piracicaba,SP,São Paulo,27609,73349,727,96.916,38,93.09,82.39,57,0,0,0
3525300,Jaú,0,,SP,São Paulo,48521,132779,687,9.692,38,93.37,79.2,55,0,0,0
3525904,Jundiaí,0,Região Metropolitana de Jundiaí,SP,São Paulo,163219,441299,431,97.982,38,93.14,75.59,281,0,0,0
3529500,Mendonça,0,Região Metropolitana de São José do Rio Preto,SP,São Paulo,2315,6159,195,94.813,38,102.33,79.95,3,0,0,0
3529658,Mesópolis,0,,SP,São Paulo,743,1951,149,88.966,38,102.91,74.04,0,0,0,0
3538808,Piraju,0,,SP,São Paulo,11021,29348,505,96.698,38,93.77,84.88,19,0,0,0
3554409,Terra Roxa,0,,SP,São Paulo,2927,7871,222,96.066,38,99.44,78.12,4,0,0,0
3519501,Ibirarema,0,,SP,São Paulo,2403,6363,228,94.606,38,97.86,79.81,3,0,0,0
3502408,Anhumas,0,,SP,São Paulo,1481,4001,321,9.436,38,96.05,75.5,1,0,0,0
3519105,Iacanga,0,,SP,São Paulo,3957,10436,547,96.522,38,98.27,71.09,8,0,0,0
3520103,Igarapava,0,Aglomeração Urbana de Franca,SP,São Paulo,9857,26160,468,94.835,38,93.33,78.14,2,0,0,0
3545803,Santa Bárbara d'Oeste,0,Região Metropolitana de Campinas,SP,São Paulo,66074,183095,271,97.409,38,96.32,72.06,77,0,1,0
3539608,Planalto,0,Região Metropolitana de São José do Rio Preto,SP,São Paulo,1645,4386,290,9.208,38,98.33,67.92,5,0,0,0
3506508,Birigui,0,,SP,São Paulo,45368,118612,530,96.713,38,93.67,72.45,124,0,0,0
3507704,Braúna,0,,SP,São Paulo,1965,5355,195,92.221,38,96.41,79,177,142,0,0
3515350,Euclides da Cunha Paulista,0,,SP,São Paulo,3022,7919,574,88.375,38,96.38,66.49,3,0,0,0
3543600,Rifaina,0,Aglomeração Urbana de Franca,SP,São Paulo,1455,4013,163,95.446,38,100.54,78.62,1,0,0,0
3504008,Assis,0,,SP,São Paulo,38161,99861,461,97.381,38,92.86,77.1,72,0,0,0
3507902,Brotas,0,,SP,São Paulo,8624,23799,1101,96.798,38,94.37,74.24,23,0,0,0
3503356,Arco-Íris,0,,SP,São Paulo,733,2044,265,92.485,38,101.78,76.9,249,234,0,0
3525508,Joanópolis,0,,SP,São Paulo,4663,12753,374,93.616,38,102.67,77.4,8,0,0,0
3527504,Lucianópolis,0,,SP,São Paulo,890,2368,190,93.242,38,101.36,98.76,1,0,0,0
3534302,Orlândia,0,Região Metropolitana de Ribeirão Preto,SP,São Paulo,13559,38254,292,96.453,38,93.3,76.61,14,0,0,0
3535002,Palestina,0,Região Metropolitana de São José do Rio Preto,SP,São Paulo,4452,11452,698,93.526,38,99.41,84.12,9,0,0,0
3501608,Americana,0,Região Metropolitana de Campinas,SP,São Paulo,89205,236515,134,98.332,38,93.28,80,214,0,0,0
3507209,Borá,0,,SP,São Paulo,322,907,119,9.436,38,102.46,71.67,1,0,0,0
3524907,Jambeiro,0,Região Metropolitana do Vale do Paraíba e Litoral Norte,SP,São Paulo,2297,6375,184,94.159,38,100.66,67.52,4,0,0,0
3517000,Getulina,0,,SP,São Paulo,3408,8965,677,94.516,38,121.52,90.04,1,0,0,0
3529302,Matão,0,,SP,São Paulo,28821,78945,525,9.626,38,96.29,76.48,16,0,0,0
3541406,Presidente Prudente,0,,SP,São Paulo,85268,223789,561,97.545,38,91.56,81.77,199,0,0,0
3510005,Cândido Mota,0,,SP,São Paulo,10895,29386,596,95.314,38,94.51,80.6,21,0,0,0
3513405,Cruzeiro,0,Região Metropolitana do Vale do Paraíba e Litoral Norte,SP,São Paulo,26776,74852,306,97.744,38,92.32,74.31,35,0,0,0
3527801,Lupércio,0,,SP,São Paulo,1472,3981,155,91.677,38,95.05,72.74,1,0,0,0
3549607,São José do Barreiro,0,Região Metropolitana do Vale do Paraíba e Litoral Norte,SP,São Paulo,1446,3840,571,92.139,38,100.05,73.3,1,0,0,0
3550605,São Roque,0,Região Metropolitana de Sorocaba,SP,São Paulo,28469,79298,307,96.293,38,95.21,71.11,94,0,532,0
3529203,Martinópolis,0,,SP,São Paulo,8845,23581,1254,94.087,38,105.88,77.81,11,0,0,0
3557105,Votuporanga,0,,SP,São Paulo,37348,96527,421,96.696,38,93.06,83.82,50,0,0,0
3512902,Cosmorama,0,,SP,São Paulo,3267,8717,442,93.999,38,99.06,90.66,6,0,0,0
3508801,Cafelândia,0,,SP,São Paulo,6247,16615,920,94.252,38,93.56,75.95,3,0,0,0
3526100,Juquiá,0,,SP,São Paulo,6343,17109,813,93.075,38,100.19,71.96,27,0,1,0
3518404,Guaratinguetá,0,Região Metropolitana do Vale do Paraíba e Litoral Norte,SP,São Paulo,41905,117126,753,97.673,38,91.92,75.77,55,0,33,0
3527900,Lutécia,0,,SP,São Paulo,1036,2661,475,93.776,38,97.84,74.8,2,0,0,0
3541653,Quadra,0,,SP,São Paulo,1195,3376,206,94.348,38,103.89,73.64,16,0,0,0
3545407,Salto Grande,0,,SP,São Paulo,3354,8994,188,92.729,38,94.79,83.17,6,0,0,0
3553708,Taquaritinga,0,,SP,São Paulo,19812,52105,594,95.015,38,94.56,81.36,34,0,20,0
3553302,Tambaú,0,Região Metropolitana de Ribeirão Preto,SP,São Paulo,7621,21371,562,96.309,38,96.35,75.92,18,0,0,0
3502101,Andradina,0,,SP,São Paulo,21911,57887,964,96.258,38,98.71,83.41,21,0,0,0
3504909,Bananal,0,Região Metropolitana do Vale do Paraíba e Litoral Norte,SP,São Paulo,3710,9942,616,94.622,38,94.25,81.54,2,0,0,0
3506102,Bebedouro,0,,SP,São Paulo,28032,76121,683,97.305,38,93.81,80.87,25,0,0,0
3521903,Itajobi,0,,SP,São Paulo,6216,16948,502,95.557,38,99.8,89.43,7,0,0,0
3522158,Itaóca,0,,SP,São Paulo,1262,3422,183,90.084,38,99.53,68.92,0,0,306,162
3545605,Santa Adélia,0,,SP,São Paulo,5249,13959,330,95.621,38,97.16,82.75,9,0,0,0
3533007,Nova Granada,0,Região Metropolitana de São José do Rio Preto,SP,São Paulo,7285,19388,532,9.467,38,98.05,73.26,105,0,0,0
3540705,Porto Ferreira,0,,SP,São Paulo,19049,52571,245,96.156,38,94.84,75.46,21,0,0,0
3544905,Sales Oliveira,0,Região Metropolitana de Ribeirão Preto,SP,São Paulo,4096,11380,306,96.852,38,93.44,78.28,3,0,0,0
3546256,Santa Cruz da Esperança,0,Região Metropolitana de Ribeirão Preto,SP,São Paulo,768,2116,148,9.567,38,100,82.8,0,0,0,0
1702703,Aurora do Tocantins,0,,TO,Tocantins,1273,3340,696,83.753,38,103.78,67.34,1,0,0,0
1713700,Monte Santo do Tocantins,0,,TO,Tocantins,882,2395,1073,89.387,38,108.17,61.04,1,0,0,0
1702000,Araguaçu,0,Região Metropolitana de Gurupi,TO,Tocantins,3052,8058,5155,88.889,38,106.16,71.76,40,0,0,0
1706100,Cristalândia,0,,TO,Tocantins,2346,6330,1851,88.937,38,103.42,67.32,9,0,0,0
1711506,Jaú do Tocantins,0,Região Metropolitana de Gurupi,TO,Tocantins,1237,3332,2167,89.516,38,107.34,66.47,1,0,73,0
2909000,Cordeiros,0,,BA,Bahia,2639,7546,524,76.006,40,96.2,95.86,0,0,0,0
2912004,Ibiassucê,0,,BA,Bahia,3531,10426,483,82.592,40,99.83,102.22,32,0,459,0
2911659,Guajeru,0,,BA,Bahia,2770,8049,873,78.255,40,99.65,103.63,16,0,0,0
2921807,Mortugaba,0,,BA,Bahia,3841,11132,528,84.626,40,97.15,92.02,19,0,188,0
3203130,João Neiva,0,,ES,Espírito Santo,5158,14065,285,93.273,40,93.79,87.54,34,0,0,0
3202900,Itarana,0,,ES,Espírito Santo,3913,10586,295,92.608,40,98.59,104.86,2,0,0,0
3202603,Iconha,0,,ES,Espírito Santo,4640,12316,204,94.436,40,99.35,90.49,6,0,2,0
3200300,Alfredo Chaves,0,,ES,Espírito Santo,5196,13810,616,94.211,40,102.78,94.69,2,0,0,0
5220280,São Patrício,0,,GO,Goiás,832,2136,173,90.541,40,97.88,86.65,4,0,0,0
5211008,Itapirapuã,0,,GO,Goiás,3136,7979,2048,87.305,40,100.07,75.32,13,0,0,0
5207352,Edealina,0,,GO,Goiás,1648,3981,598,91.482,40,100.65,83.9,0,0,0,0
5218391,Professor Jamil,0,,GO,Goiás,1428,3638,356,91.174,40,105.93,84.62,4,0,1215,0
5211206,Itapuranga,0,,GO,Goiás,10514,25933,1281,90.752,40,97.95,88.19,40,0,0,0
5217203,Piranhas,0,,GO,Goiás,4612,11635,2045,90.231,40,100.72,83.72,6,0,0,0
5215900,Palminópolis,0,,GO,Goiás,1519,3851,393,92.658,40,97.79,83.13,0,0,0,0
5204250,Cachoeira Dourada,0,,GO,Goiás,3019,7771,528,89.517,40,99.64,80.38,4,0,163,0
5215405,Ouro Verde de Goiás,0,,GO,Goiás,1512,4057,209,90.931,40,102.24,77.44,0,0,0,0
5214101,Mutunópolis,0,,GO,Goiás,1378,3534,955,87.261,40,104.12,71.86,6,0,0,0
5215652,Palestina de Goiás,0,,GO,Goiás,1203,3129,1318,88.759,40,102.59,72.98,1,0,0,0
5203939,Buriti de Goiás,0,,GO,Goiás,1108,2732,203,89.885,40,100.88,86.11,6,0,0,0
5217104,Piracanjuba,0,,GO,Goiás,9932,24697,2374,93.395,40,101.12,91.86,50,0,551,0
5206909,Davinópolis,0,,GO,Goiás,768,1899,483,91.826,40,101.91,91.37,3,0,0,0
5200852,Americano do Brasil,0,,GO,Goiás,2107,5247,134,88.564,40,96.09,85.09,3,0,0,0
5221007,Taquaral de Goiás,0,,GO,Goiás,1612,4018,206,91.063,40,96.1,83.11,4,0,0,0
5216304,Paranaiguara,0,,GO,Goiás,3067,7544,1153,89.957,40,91.27,91.79,8,0,0,0
5207808,Firminópolis,0,,GO,Goiás,4054,10359,422,91.243,40,94.6,95.38,3,0,0,0
5204953,Campos Verdes,0,,GO,Goiás,1500,4003,443,84.515,40,99.45,70.75,2,0,1,0
3116506,Claro dos Poções,0,,MG,Minas Gerais,2797,7162,720,87.198,40,101.41,85.52,10,0,17,0
3121100,Delfim Moreira,0,,MG,Minas Gerais,2980,7949,408,94.011,40,106.33,86.79,0,0,0,0
3160009,Santo Antônio do Aventureiro,0,,MG,Minas Gerais,1455,3768,202,9.109,40,98.47,103.48,1,0,0,0
3145703,Oliveira Fortes,0,,MG,Minas Gerais,758,2027,111,8.762,40,95.47,89.81,2,0,0,0
3146008,Ouro Fino,0,,MG,Minas Gerais,12246,31988,534,94.181,40,98.14,96.2,18,0,25,0
3150505,Pimenta,0,,MG,Minas Gerais,3314,8558,415,93.591,40,102.05,88.93,9,0,5,0
3142304,Moeda,0,Colar Metropolitano de Belo Horizonte,MG,Minas Gerais,1857,5114,155,94.075,40,99.42,94.84,2,0,288,0
3145802,Onça de Pitangui,0,,MG,Minas Gerais,1118,2968,247,90.065,40,101.84,78.78,1,0,0,0
3112653,Capitão Andrade,0,,MG,Minas Gerais,1791,4570,279,85.487,40,93.71,87.37,0,0,0,0
3100708,Água Comprida,0,,MG,Minas Gerais,822,2105,492,93.213,40,103.08,83.07,1,0,0,0
3102100,Alto Rio Doce,0,,MG,Minas Gerais,3990,10844,518,89.856,40,102.02,105.89,1,0,1,0
3171907,Virgolândia,0,,MG,Minas Gerais,1785,4532,281,83.199,40,94.28,96.46,2,0,120,0
3115300,Cataguases,0,,MG,Minas Gerais,25400,65998,492,96.033,40,93.08,94.88,38,0,0,0
3123403,Doresópolis,0,,MG,Minas Gerais,577,1461,153,94.152,40,98.51,88.26,0,0,0,0
3149101,Pedralva,0,,MG,Minas Gerais,3885,10697,218,92.522,40,102.67,88.78,13,0,7,0
3161403,São Francisco do Glória,0,,MG,Minas Gerais,1798,4797,165,88.867,40,104.17,89.66,1,0,1,0
3123502,Douradoquara,0,,MG,Minas Gerais,719,1829,313,93.692,40,104.36,95.05,0,0,0,0
3170578,Vargem Alegre,0,Colar Metropolitano,MG,Minas Gerais,2207,5777,117,86.279,40,96.87,92.36,6,0,0,0
3143708,Morro do Pilar,0,,MG,Minas Gerais,1117,3133,478,84.607,40,96.8,98.64,0,0,0,0
3144201,Nacip Raydan,0,,MG,Minas Gerais,925,2456,233,82.175,40,95.31,93.26,3,0,0,0
3126307,Fortaleza de Minas,0,,MG,Minas Gerais,1390,3476,219,92.115,40,104.17,91.97,0,0,0,0
3142502,Monjolos,0,,MG,Minas Gerais,828,2169,651,86.583,40,97.72,108.5,1,0,1,0
3166402,Seritinga,0,,MG,Minas Gerais,693,1818,115,94.648,40,98.36,97.56,0,0,0,0
3153707,Quartel Geral,0,,MG,Minas Gerais,1302,3161,556,90.583,40,102.23,112.13,0,0,0,0
3102308,Alvinópolis,0,,MG,Minas Gerais,5592,15019,599,92.956,40,97.75,98.43,4,0,0,0
3109709,Cachoeira de Minas,0,,MG,Minas Gerais,4359,11851,304,93.661,40,103.62,89.52,4,0,0,0
3108008,Bom Sucesso,0,,MG,Minas Gerais,6375,16984,705,91.063,40,96.91,103.49,23,0,0,0
3132602,Itamarati de Minas,0,,MG,Minas Gerais,1385,3686,95,93.049,40,101.2,98.28,0,0,0,0
3141603,Mercês,0,,MG,Minas Gerais,4065,10325,348,89.955,40,99.56,101.41,5,0,68,0
3151701,Poço Fundo,0,,MG,Minas Gerais,6118,16356,474,95.021,40,101.7,99.92,5,0,37,0
3104809,Augusto de Lima,0,,MG,Minas Gerais,1707,4515,1255,90.218,40,103.86,86.05,4,0,0,0
3117603,Conceição do Pará,0,,MG,Minas Gerais,2067,5407,250,93.039,40,104.49,88.47,3,0,0,0
3114303,Carmo do Paranaíba,0,,MG,Minas Gerais,11056,28657,1308,9.449,40,100.96,89.3,3,0,0,0
3114006,Carmo da Mata,0,,MG,Minas Gerais,4252,10964,357,94.773,40,98.58,106.05,8,0,3,0
3127370,Goiabeira,0,,MG,Minas Gerais,1141,2830,112,84.259,40,91.35,78.27,1,0,0,0
3107802,Bom Jesus do Galho,0,Colar Metropolitano,MG,Minas Gerais,5560,14491,592,85.723,40,103.47,91.75,9,0,0,0
3111903,Cana Verde,0,,MG,Minas Gerais,1942,5239,213,90.707,40,102.54,103.14,1,0,0,0
3111705,Canaã,0,,MG,Minas Gerais,1703,4710,175,88.348,40,98.69,94.45,0,0,0,0
3168051,Taparuba,0,,MG,Minas Gerais,1314,3387,193,85.673,40,100.65,96.67,0,0,0,0
3106903,Bicas,0,,MG,Minas Gerais,5463,13896,140,95.748,40,91.51,102.38,9,0,0,0
3114907,Casa Grande,0,,MG,Minas Gerais,765,2214,158,94.827,40,106.15,99.12,0,0,0,0
3131505,Ipuiúna,0,,MG,Minas Gerais,3347,9088,298,9.153,40,103.36,85.63,1,0,0,0
3146503,Pains,0,,MG,Minas Gerais,3043,7983,422,95.634,40,98.92,91.26,2,0,0,0
3167806,Soledade de Minas,0,,MG,Minas Gerais,2121,5608,197,94.252,40,96.81,87.51,4,0,0,0
3140308,Marliéria,0,Colar Metropolitano,MG,Minas Gerais,1712,4585,546,9.062,40,100.35,82.94,3,0,0,0
3155009,Rio Doce,0,,MG,Minas Gerais,921,2484,112,8.986,40,95.44,114.53,4,0,0,0
3163805,São Miguel do Anta,0,,MG,Minas Gerais,2276,6330,152,88.935,40,103.08,97.84,4,0,0,0
3161205,São Francisco de Paula,0,,MG,Minas Gerais,2288,6187,317,89.289,40,100.68,95.04,1,0,4,0
3102506,Amparo do Serra,0,,MG,Minas Gerais,1574,4515,136,87.985,40,97.78,101.19,0,0,408,0
3142908,Monte Azul,0,,MG,Minas Gerais,7727,20182,1001,8.185,40,98.34,90.64,15,0,999,0
3157302,Santa Bárbara do Tugúrio,0,,MG,Minas Gerais,1565,4208,195,90.643,40,101.34,91.76,0,0,0,0
3117207,Conceição das Pedras,0,,MG,Minas Gerais,1019,2772,102,9.236,40,114.55,92.54,0,0,0,0
3166204,Senhora dos Remédios,0,,MG,Minas Gerais,3720,10377,238,91.903,40,101.51,95.41,1,0,0,0
3168507,Teixeiras,0,,MG,Minas Gerais,4736,12206,167,90.891,40,95.42,103.55,3,0,0,0
3133204,Itanhomi,0,,MG,Minas Gerais,4286,11120,489,88.116,40,93.06,88.58,4,0,0,0
3117900,Congonhal,0,,MG,Minas Gerais,4162,11004,205,93.193,40,101.11,92.44,10,0,0,0
3160504,Santo Antônio do Rio Abaixo,0,,MG,Minas Gerais,651,1808,107,88.859,40,96.1,86.67,0,0,0,0
3116704,Coimbra,0,,MG,Minas Gerais,2833,7107,107,92.828,40,102.42,104.6,3,0,0,0
3154002,Raul Soares,0,,MG,Minas Gerais,8894,23346,763,89.582,40,98.23,97.93,37,0,91,0
3161056,São Félix de Minas,0,,MG,Minas Gerais,1250,3200,163,83.956,40,101.01,84.57,2,0,0,0
3162302,São João da Mata,0,,MG,Minas Gerais,1144,2910,121,93.704,40,105.36,91.24,2,0,0,0
3100203,Abaeté,0,,MG,Minas Gerais,9026,22559,1817,93.707,40,97.62,102.36,11,0,3,0
3121308,Descoberto,0,,MG,Minas Gerais,1821,4898,213,9.222,40,102.38,101.75,1,0,0,0
3161650,São Geraldo do Baixio,0,,MG,Minas Gerais,1280,3140,281,84.561,40,94.25,77.5,2,0,0,0
3100500,Açucena,0,Colar Metropolitano,MG,Minas Gerais,3285,8763,815,85.192,40,104.74,101.44,65,0,261,0
3115904,Chácara,0,,MG,Minas Gerais,1203,3074,153,90.743,40,97.75,85.13,1,0,0,0
3121407,Desterro de Entre Rios,0,,MG,Minas Gerais,2999,7599,377,90.575,40,103.7,93.78,6,0,0,0
3129400,Ibertioga,0,,MG,Minas Gerais,1930,5143,346,89.013,40,99.46,86.2,3,0,0,0
3169208,Tombos,0,,MG,Minas Gerais,3297,8567,285,92.388,40,97.27,105.27,0,0,0,0
3167301,Silveirânia,0,,MG,Minas Gerais,898,2307,157,89.643,40,103.24,88.52,1,0,0,0
3100401,Acaiaca,0,,MG,Minas Gerais,1507,3909,102,89.898,40,94.28,87.1,5,0,95,0
3134608,Jaboticatubas,0,Região Metropolitana de Belo Horizonte,MG,Minas Gerais,7730,20289,1115,92.899,40,102.7,90.8,13,0,244,0
3155405,Rio Novo,0,,MG,Minas Gerais,3115,8361,209,92.842,40,96.68,97.27,0,0,0,0
3134103,Itueta,0,,MG,Minas Gerais,2235,6055,453,88.064,40,101.63,85.36,23,0,0,0
3108305,Borda da Mata,0,,MG,Minas Gerais,6663,17359,301,95.068,40,102.07,99.01,7,0,0,0
3129202,Heliodora,0,,MG,Minas Gerais,2322,6103,154,89.764,40,106.18,91.92,1,0,0,0
3166006,Senhora de Oliveira,0,,MG,Minas Gerais,2018,5468,171,90.938,40,96.24,95.16,1,0,0,0
3101508,Além Paraíba,0,,MG,Minas Gerais,11692,30466,510,9.494,40,89.47,87.58,9,0,0,0
3128808,Guidoval,0,,MG,Minas Gerais,2764,7103,158,92.115,40,103.98,89.1,2,0,97,0
3130903,Inhapim,0,,MG,Minas Gerais,8620,22509,858,89.919,40,100.53,95.49,6,0,0,0
3148202,Patrocínio do Muriaé,0,,MG,Minas Gerais,2194,5576,108,93.604,40,97.59,99.89,2,0,0,0
3164001,São Pedro dos Ferros,0,,MG,Minas Gerais,2635,7134,403,90.089,40,95.21,97.55,0,0,0,0
3150901,Piranguçu,0,,MG,Minas Gerais,2202,6011,204,92.114,40,106.25,82.06,1,0,0,0
3133758,Itaú de Minas,0,,MG,Minas Gerais,5389,14376,153,96.915,40,96.53,91.04,8,0,0,0
3167004,Serranos,0,,MG,Minas Gerais,753,1979,213,88.522,40,100,89.26,6,0,0,0
3102209,Alvarenga,0,,MG,Minas Gerais,1542,3959,278,84.235,40,98.06,86.62,2,0,0,0
3152303,Porto Firme,0,,MG,Minas Gerais,3709,10531,285,9.145,40,100.7,99.16,17,0,1,0
3165909,Senador Modestino Gonçalves,0,,MG,Minas Gerais,1501,3996,952,83.473,40,100.5,92.14,0,0,4,0
5004908,Jaraguari,0,,MS,Mato Grosso do Sul,2721,7114,2913,92.891,40,112.03,74.62,93,0,285,277
5008404,Vicentina,0,,MS,Mato Grosso do Sul,2391,6307,312,89.808,40,99.06,82.92,28,0,0,0
5106273,Novo Horizonte do Norte,0,,MT,Mato Grosso,1255,3344,920,88.209,40,108.27,73.62,6,0,0,0
5103957,Glória D'Oeste,0,,MT,Mato Grosso,1113,2874,833,89.134,40,101.46,79.42,3,0,0,0
5108204,Torixoréu,0,,MT,Mato Grosso,1702,4145,2398,89.065,40,103.82,89.54,0,0,0,0
2504850,Coxixola,0,,PB,Paraíba,734,1824,174,82.965,40,107.51,101.4,2,0,0,0
2514909,São Mamede,0,Região Metropolitana de Patos,PB,Paraíba,2673,7460,533,82.407,40,94.89,88.96,1,0,16,0
2513984,São Francisco,0,Região Metropolitana de Sousa,PB,Paraíba,1120,3137,91,73.893,40,99.43,100.19,0,0,0,0
2209609,São Félix do Piauí,0,,PI,Piauí,1029,2840,627,77.905,40,99.44,106.49,0,0,0,0
2207355,Pajeú do Piauí,0,,PI,Piauí,1097,3000,987,7.664,40,107.18,91.8,0,0,0,0
2203859,Floresta do Piauí,0,,PI,Piauí,862,2329,223,6.532,40,100.09,98.15,4,0,8,0
2205276,Jatobá do Piauí,0,,PI,Piauí,1475,4494,650,76.038,40,106.62,98.92,1,0,0,0
4124301,Santo Antônio do Paraíso,0,,PR,Paraná,819,2125,167,89.675,40,94.24,96.21,6,0,0,0
4106407,Cornélio Procópio,0,,PR,Paraná,16959,44849,635,951,40,91.9,98.07,30,0,0,0
4112751,Jesuítas,0,Região Metropolitana de Cascavel,PR,Paraná,3788,10496,247,9.419,40,98.23,90.08,2,0,0,0
4128302,Uniflor,0,,PR,Paraná,805,2135,95,91.039,40,102.46,80.99,0,0,0,0
4127809,Tomazina,0,,PR,Paraná,3196,8421,591,90.916,40,104.32,83.58,145,138,0,0
4117404,Ourizona,0,Região Metropolitana de Maringá,PR,Paraná,1196,3187,176,91.862,40,101.33,95.41,0,0,0,0
4127957,Tupãssi,0,Região Metropolitana de Toledo,PR,Paraná,3045,8076,300,92.553,40,98.6,94.42,6,0,0,0
4110656,Iracema do Oeste,0,Região Metropolitana de Cascavel,PR,Paraná,866,2343,82,88.596,40,100.43,75.56,0,0,0,0
4126900,Tapira,0,Região Metropolitana de Umuarama,PR,Paraná,2251,5709,434,87.712,40,98.1,92.04,5,0,0,0
4103354,Braganey,0,Região Metropolitana de Cascavel,PR,Paraná,1862,4853,343,89.176,40,100.41,82.27,1,0,0,0
4111605,Ivatuba,0,Região Metropolitana de Maringá,PR,Paraná,1066,2690,97,94.432,40,95.38,106.29,2,0,0,0
4107553,Farol,0,Região Metropolitana de Campo Mourão,PR,Paraná,1137,3038,289,87.304,40,99.28,77.24,1,0,0,0
4107702,Fênix,0,Região Metropolitana de Campo Mourão,PR,Paraná,1773,4471,234,89.825,40,97.02,94.03,1,0,0,0
4116059,Missal,0,,PR,Paraná,4133,11021,324,95.174,40,98.67,84.76,3,0,0,0
4123600,Santa Inês,0,,PR,Paraná,677,1748,157,0.92,40,96.4,88.93,0,0,0,0
4126355,Serranópolis do Iguaçu,0,,PR,Paraná,1841,5007,482,95.417,40,96.97,92.64,1,0,0,0
4103008,Boa Esperança,0,Região Metropolitana de Campo Mourão,PR,Paraná,1731,4556,303,90.109,40,96.64,80.93,0,0,0,0
4110052,Iguatu,0,Região Metropolitana de Cascavel,PR,Paraná,828,2140,107,89.149,40,104,95.68,2,0,0,0
4108700,Grandes Rios,0,Região Metropolitana de Apucarana,PR,Paraná,2121,5606,314,86.217,40,100.18,80.37,3,0,0,0
4112900,Jundiaí do Sul,0,,PR,Paraná,1251,3333,321,8.977,40,104.73,82.36,0,0,0,0
4112405,Japurá,0,,PR,Paraná,3472,9144,165,94.483,40,96.65,99.12,0,0,0,0
4107504,Engenheiro Beltrão,0,Região Metropolitana de Campo Mourão,PR,Paraná,4798,12423,467,91.465,40,94.41,90.51,8,0,0,0
4112504,Jardim Alegre,0,Região Metropolitana de Apucarana,PR,Paraná,4569,11999,413,88.782,40,100.43,88.76,7,0,0,0
4125753,São Pedro do Iguaçu,0,Região Metropolitana de Toledo,PR,Paraná,2206,5738,308,91.187,40,101.18,82.15,1,0,0,0
4102752,Bela Vista da Caroba,0,,PR,Paraná,1461,4031,148,91.888,40,101.95,78.32,2,0,0,0
4128807,Xambrê,0,Região Metropolitana de Umuarama,PR,Paraná,2200,5787,360,91.006,40,93.78,88.28,3,0,0,0
4100509,Altônia,0,Região Metropolitana de Umuarama,PR,Paraná,7197,18663,662,92.758,40,95.62,92.56,17,0,0,0
4101101,Andirá,0,,PR,Paraná,7475,19784,236,91.936,40,94.39,88.77,21,0,0,0
4101903,Assaí,0,Região Metropolitana de Londrina,PR,Paraná,5145,13673,440,93.475,40,92.32,96.11,1,0,0,0
4106555,Corumbataí do Sul,0,Região Metropolitana de Campo Mourão,PR,Paraná,1468,3757,164,87.244,40,100.64,87.04,8,0,0,0
4103479,Cafezal do Sul,0,Região Metropolitana de Umuarama,PR,Paraná,1730,4464,335,86.945,40,95.84,89.05,4,0,0,0
4126652,Sulina,0,,PR,Paraná,1340,3438,171,94.212,40,105.37,86.06,0,0,0,0
4122651,Rosário do Ivaí,0,Região Metropolitana de Apucarana,PR,Paraná,2079,5409,377,85.888,40,100.55,88.1,0,0,0,0
4114708,Maria Helena,0,Região Metropolitana de Umuarama,PR,Paraná,2278,5859,486,90.304,40,98.88,83.75,9,0,0,0
4125357,São Jorge do Patrocínio,0,Região Metropolitana de Umuarama,PR,Paraná,2513,6493,406,90.424,40,100.18,90.58,3,0,0,0
4109203,Guaraci,0,Região Metropolitana de Londrina,PR,Paraná,1815,4728,212,91.963,40,96.44,85.37,4,0,0,0
3303401,Nova Friburgo,0,,RJ,Rio de Janeiro,76597,189322,935,96.387,40,91.56,92.58,132,0,0,0
3301801,Engenheiro Paulo de Frontin,0,,RJ,Rio de Janeiro,4791,12201,139,94.982,40,90.92,98.06,10,0,0,0
3305901,Trajano de Moraes,0,,RJ,Rio de Janeiro,3895,10248,591,89.016,40,101.84,84.21,8,0,0,0
3305133,São José de Ubá,0,,RJ,Rio de Janeiro,2682,7067,250,89.855,40,96.23,88.3,0,0,0,0
3301876,Iguaba Grande,0,,RJ,Rio de Janeiro,10312,27911,51,96.835,40,89.39,98.69,34,0,0,0
3305307,São Sebastião do Alto,0,,RJ,Rio de Janeiro,2926,7742,397,89.017,40,97.2,85.11,0,0,4,0
4302006,Barros Cassal,0,,RS,Rio Grande do Sul,3695,9254,648,8.843,40,103.28,86.37,6,0,0,0
4304507,Canguçu,0,,RS,Rio Grande do Sul,19317,49565,3526,9.395,40,101.1,105.04,33,0,1178,0
4314001,Paraí,0,,RS,Rio Grande do Sul,2654,7194,122,98.246,40,99.56,102.43,1,0,0,0
4318481,São José do Hortêncio,0,,RS,Rio Grande do Sul,1693,4444,64,98.271,40,102.78,94.91,1,0,0,0
4321105,Tapes,0,,RS,Rio Grande do Sul,6011,14661,805,94.331,40,93.43,100.94,18,0,51,0
4304952,Caseiros,0,,RS,Rio Grande do Sul,1110,2998,236,94.254,40,103.25,93.41,4,0,0,0
4312625,Muliterno,0,,RS,Rio Grande do Sul,605,1712,111,94.398,40,106.85,94.54,274,273,0,0
4307302,Erval Seco,0,,RS,Rio Grande do Sul,2609,6778,357,92.882,40,102.48,96.17,26,11,0,0
4303004,Cachoeira do Sul,0,,RS,Rio Grande do Sul,31796,79475,3736,95.213,40,92.17,98.59,134,0,217,94
4304622,Capão Bonito do Sul,0,,RS,Rio Grande do Sul,691,1733,527,93.519,40,110.06,97.99,0,0,0,0
4311502,Lavras do Sul,0,,RS,Rio Grande do Sul,2926,7082,2601,93.559,40,98.25,88.42,3,0,22,0
4311700,Machadinho,0,,RS,Rio Grande do Sul,2298,5734,335,93.316,40,100.59,97.52,4,0,0,0
4307815,Estrela Velha,0,,RS,Rio Grande do Sul,1161,3070,282,95.422,40,104.67,85.45,30,0,3,0
4308300,Fontoura Xavier,0,,RS,Rio Grande do Sul,3703,9543,583,88.544,40,103.41,86.54,1,0,0,0
4309001,Giruá,0,,RS,Rio Grande do Sul,6131,15927,857,95.452,40,95.81,100.58,0,0,25,0
4322327,Turuçu,0,,RS,Rio Grande do Sul,1205,3413,254,94.238,40,102.67,97.58,3,0,65,0
4315750,Riozinho,0,,RS,Rio Grande do Sul,1727,4423,239,93.561,40,102.95,95.14,0,0,0,0
4305900,Coronel Bicaco,0,,RS,Rio Grande do Sul,2329,6137,492,91.472,40,98.58,85.47,40,0,0,0
4317400,Santiago,0,,RS,Rio Grande do Sul,19645,48669,2414,96.729,40,92.48,102.3,42,0,0,0
4302238,Boa Vista do Incra,0,,RS,Rio Grande do Sul,839,2270,504,97.017,40,101.87,80.33,1,0,0,0
4314779,Pontão,0,,RS,Rio Grande do Sul,1259,3296,503,96.168,40,103.58,89,11,0,0,0
4319000,São Marcos,0,Região Metropolitana da Serra Gaúcha,RS,Rio Grande do Sul,8225,21072,256,97.964,40,93.5,95.13,26,0,0,0
4310538,Itaara,0,,RS,Rio Grande do Sul,2115,5541,173,96.271,40,100.58,97.86,2,0,0,0
4310876,Jacuizinho,0,,RS,Rio Grande do Sul,784,2040,339,899,40,112.94,98.85,3,0,58,49
4315800,Roca Sales,0,,RS,Rio Grande do Sul,4049,10351,208,97.597,40,95.17,105.46,7,0,0,0
4320305,Selbach,0,,RS,Rio Grande do Sul,1979,5082,176,97.205,40,97.18,102.71,0,0,0,0
4309902,Ibiraiaras,0,,RS,Rio Grande do Sul,2525,6776,292,95.482,40,100.77,105.15,455,447,0,0
4317806,Santo Augusto,0,,RS,Rio Grande do Sul,5471,13897,468,93.957,40,96.25,90.59,7,0,0,0
4300661,André da Rocha,0,,RS,Rio Grande do Sul,437,1135,331,95.666,40,109.41,107.41,6,0,0,0
4312153,Mato Leitão,0,,RS,Rio Grande do Sul,1883,4843,47,96.667,40,97.2,89.74,1,0,0,0
4314308,Pejuçara,0,,RS,Rio Grande do Sul,1375,3742,414,96.998,40,98.88,104.72,3,0,0,0
4315107,Porto Xavier,0,,RS,Rio Grande do Sul,3927,9922,281,93.363,40,97.85,87.49,0,0,0,0
4301750,Barão do Triunfo,0,,RS,Rio Grande do Sul,2409,5878,436,92.184,40,111.3,91.35,1,0,0,0
4311775,Maquiné,0,Aglomeração Urbana do Litoral Norte,RS,Rio Grande do Sul,2907,7402,614,9.533,40,103.9,97.96,0,0,336,328
4320263,Segredo,0,,RS,Rio Grande do Sul,2321,5999,245,91.667,40,106.42,90.46,0,0,0,0
4323770,Westfalia,0,,RS,Rio Grande do Sul,1112,3094,64,98.954,40,101.43,94,0,0,0,0
4315313,Quatro Irmãos,0,,RS,Rio Grande do Sul,577,1552,269,94.331,40,100.78,82.98,0,0,0,0
4310330,Imbé,0,Aglomeração Urbana do Litoral Norte,RS,Rio Grande do Sul,10456,26765,40,97.856,40,92.3,94.33,39,0,0,0
4305207,Cerro Largo,0,,RS,Rio Grande do Sul,5350,13528,177,97.048,40,96.91,104.08,5,0,0,0
4302600,Braga,0,,RS,Rio Grande do Sul,1238,3258,132,91.233,40,100.49,90.15,7,0,0,0
4308904,Getúlio Vargas,0,,RS,Rio Grande do Sul,6680,16433,287,96.983,40,96.29,105.59,11,0,0,0
4303202,Cacique Doble,0,,RS,Rio Grande do Sul,1660,4601,204,93.974,40,98.58,105.47,987,930,0,0
4313037,Nova Esperança do Sul,0,,RS,Rio Grande do Sul,1906,4863,191,96.704,40,96.01,91.81,4,0,0,0
4313201,Nova Petrópolis,0,,RS,Rio Grande do Sul,9041,23109,290,9.862,40,94.52,93.54,16,0,0,0
4304903,Casca,0,,RS,Rio Grande do Sul,3618,9443,272,97.767,40,95.44,113.24,1,0,0,0
4308458,Fortaleza dos Valos,0,,RS,Rio Grande do Sul,1730,4456,651,95.874,40,96.7,81.34,6,0,31,0
4315701,Rio Pardo,0,,RS,Rio Grande do Sul,13568,34431,2051,94.314,40,94.54,96.36,5,0,214,7
4305405,Chiapetta,0,,RS,Rio Grande do Sul,1523,3912,397,95.399,40,95.94,88.3,0,0,0,0
4310504,Iraí,0,,RS,Rio Grande do Sul,2835,7338,182,92.018,40,100.05,97.46,790,645,0,0
4316709,Santa Bárbara do Sul,0,,RS,Rio Grande do Sul,3206,8116,976,95.853,40,96.28,88.67,1,0,0,0
4301701,Barão de Cotegipe,0,,RS,Rio Grande do Sul,2680,7054,261,9.692,40,101.92,113.54,65,0,0,0
4314159,Paverama,0,,RS,Rio Grande do Sul,3149,7923,172,9.621,40,100.86,92.54,7,0,0,0
4202578,Bom Jesus do Oeste,0,Região Metropolitana do Extremo Oeste,SC,Santa Catarina,804,2181,68,93.096,40,102.13,100.26,0,0,0,0
4200804,Anchieta,0,Região Metropolitana do Extremo Oeste,SC,Santa Catarina,2276,5934,232,92.618,40,100.84,95.63,1,0,0,0
4202875,Brunópolis,0,Região Metropolitana do Contestado,SC,Santa Catarina,935,2486,336,91.719,40,100.73,79.59,2,0,0,0
4218855,União do Oeste,0,Região Metropolitana de Chapecó,SC,Santa Catarina,1026,2774,93,93.712,40,104.87,90.7,0,0,0,0
4212106,Palmitos,0,Região Metropolitana de Chapecó,SC,Santa Catarina,6048,15568,351,9.575,40,98.96,93.11,9,0,3,0
4206405,Guaraciaba,0,Região Metropolitana do Extremo Oeste,SC,Santa Catarina,3986,10790,332,95.717,40,101.46,98.85,0,0,0,0
4203253,Capão Alto,0,Região Metropolitana de Lages,SC,Santa Catarina,1002,2625,1332,9.229,40,111.35,81.65,0,0,0,0
4208609,Jaborá,0,Região Metropolitana do Contestado,SC,Santa Catarina,1543,4302,182,95.337,40,100.84,86.38,0,0,0,0
4200903,Angelina,0,Região Metropolitana de Florianópolis,SC,Santa Catarina,1993,5330,500,93.123,40,104.43,92.38,0,0,0,0
4211801,Ouro,0,Região Metropolitana do Contestado,SC,Santa Catarina,2657,7023,214,96.613,40,100.63,91.35,1,0,0,0
4201273,Arabutã,0,Região Metropolitana do Contestado,SC,Santa Catarina,1605,4377,133,96.988,40,104.29,97.35,0,0,0,0
4214300,Rancho Queimado,0,Região Metropolitana de Florianópolis,SC,Santa Catarina,1249,3278,286,96.162,40,106.1,86.09,5,0,0,0
4201109,Anitápolis,0,Região Metropolitana de Florianópolis,SC,Santa Catarina,1331,3578,541,92.271,40,107.57,82.47,5,0,0,0
4201950,Balneário Arroio do Silva,0,Região Metropolitana Carbonífera,SC,Santa Catarina,6020,15759,94,96.963,40,96.23,80.01,61,0,0,0
4209409,Laguna,0,Região Metropolitana de Tubarão,SC,Santa Catarina,16399,42582,333,97.101,40,94.94,95.31,25,0,0,0
4204103,Caxambu do Sul,0,Região Metropolitana de Chapecó,SC,Santa Catarina,1675,4612,141,92.234,40,102.99,89.62,4,0,0,0
4206603,Guarujá do Sul,0,Região Metropolitana do Extremo Oeste,SC,Santa Catarina,1946,4827,101,94.722,40,95.59,92.3,0,0,0,0
4210035,Luzerna,0,Região Metropolitana do Contestado,SC,Santa Catarina,2287,5793,117,98.192,40,95.81,104.21,4,0,0,0
4218756,Tunápolis,0,Região Metropolitana do Extremo Oeste,SC,Santa Catarina,1764,4904,133,97.372,40,104.83,84.48,0,0,0,0
4209854,Lindóia do Sul,0,Região Metropolitana do Contestado,SC,Santa Catarina,1637,4525,190,95.528,40,102.18,90.03,5,0,0,0
4214102,Presidente Nereu,0,Região Metropolitana do Alto Vale do Itajaí,SC,Santa Catarina,883,2287,225,92.332,40,103.09,82.93,4,0,0,0
4204459,Coronel Martins,0,Região Metropolitana do Extremo Oeste,SC,Santa Catarina,762,2060,108,89.683,40,102.25,92.12,3,0,0,0
4212056,Palmeira,0,Região Metropolitana de Lages,SC,Santa Catarina,960,2559,289,93.103,40,112.18,74.9,1,0,0,0
4215687,Santa Terezinha do Progresso,0,Região Metropolitana do Extremo Oeste,SC,Santa Catarina,955,2576,120,90.991,40,106.08,94.96,0,0,0,0
4212403,Pedras Grandes,0,Região Metropolitana de Tubarão,SC,Santa Catarina,1588,4242,160,96.812,40,102.14,97.01,1,0,0,0
4211652,Novo Horizonte,0,Região Metropolitana do Extremo Oeste,SC,Santa Catarina,908,2641,152,94.284,40,104.88,88.6,3,0,0,0
3534609,Osvaldo Cruz,0,,SP,São Paulo,11761,30025,248,96.302,40,99.13,107.3,13,0,0,0
3535309,Palmital,0,,SP,São Paulo,7363,19565,548,95.999,40,94.25,105.04,10,0,0,0
3538204,Pinhalzinho,0,,SP,São Paulo,5652,15164,155,96.198,40,98.95,94.82,4,0,0,0
3541109,Presidente Alves,0,,SP,São Paulo,1447,3800,287,93.857,40,97.51,89.21,3,0,0,0
3515186,Espírito Santo do Pinhal,0,,SP,São Paulo,14377,39611,389,96.015,40,94.02,94.84,18,0,0,0
3503703,Ariranha,0,,SP,São Paulo,2874,7596,133,94.323,40,98.69,93.71,4,0,0,0
3504206,Auriflama,0,,SP,São Paulo,5393,13662,434,94.835,40,97.32,94.31,4,0,0,0
3555604,Uchoa,0,Região Metropolitana de São José do Rio Preto,SP,São Paulo,3982,10370,252,94.649,40,97.12,94.77,1,0,0,0
3554607,Timburi,0,,SP,São Paulo,975,2451,197,93.954,40,102.3,108.47,2,0,0,0
3508108,Buritama,0,,SP,São Paulo,6694,17132,327,94.487,40,94.31,84.7,20,0,0,0
3514304,Dourado,0,,SP,São Paulo,3103,8075,206,95.134,40,97.51,100.73,0,0,0,0
3533304,Nova Luzitânia,0,,SP,São Paulo,1122,2836,74,93.872,40,101.63,90.02,0,0,0,0
3537404,Pereira Barreto,0,,SP,São Paulo,9238,24025,974,94.565,40,93.85,85.11,14,0,0,0
3514957,Embaúba,0,,SP,São Paulo,896,2323,83,93.808,40,105.21,94.81,1,0,0,0
3514403,Dracena,0,,SP,São Paulo,17101,44326,488,96.528,40,96.12,99.23,21,0,0,0
3556008,Urupês,0,Região Metropolitana de São José do Rio Preto,SP,São Paulo,5205,13714,324,95.269,40,96.76,103.7,19,0,0,0
3556602,Vera Cruz,0,,SP,São Paulo,3571,10137,248,95.933,40,95.47,100.94,4,0,0,0
3538105,Pindorama,0,,SP,São Paulo,5459,14473,185,0.95,40,99.12,97.57,6,0,0,0
3520806,Inúbia Paulista,0,,SP,São Paulo,1316,3595,87,9.403,40,96.47,91.08,5,0,0,0
3543204,Ribeirão do Sul,0,,SP,São Paulo,1736,4677,203,93.347,40,100.21,95.49,0,0,0,0
3507753,Brejo Alegre,0,,SP,São Paulo,962,2530,106,93.676,40,101.33,80.94,0,0,0,0
3551603,Serra Negra,0,,SP,São Paulo,11182,29823,204,96.456,40,93.14,105.4,19,0,0,0
3548609,São Bento do Sapucaí,0,Região Metropolitana do Vale do Paraíba e Litoral Norte,SP,São Paulo,4289,11626,253,96.186,40,98.37,89.15,2,0,111,0
3557154,Zacarias,0,Região Metropolitana de São José do Rio Preto,SP,São Paulo,1056,2692,319,93.547,40,99.11,81.26,0,0,0,0
3544806,Sales,0,Região Metropolitana de São José do Rio Preto,SP,São Paulo,2474,6416,309,93.537,40,96.91,90.75,2,0,0,0
3551306,Sebastianópolis do Sul,0,,SP,São Paulo,1249,3130,168,92.941,40,93.57,87.28,1,0,0,0
3502903,Araçoiaba da Serra,0,Região Metropolitana de Sorocaba,SP,São Paulo,11778,32325,255,97.005,40,98.83,86.16,33,0,0,0
3556958,Vitória Brasil,0,,SP,São Paulo,693,1794,50,91.544,40,105.03,83.22,0,0,0,0
3530201,Mirante do Paranapanema,0,,SP,São Paulo,6122,15844,1239,91.735,40,98.99,84.38,10,0,0,0
3540309,Pontes Gestal,0,,SP,São Paulo,957,2387,218,91.581,40,98.75,92.48,0,0,0,0
3515608,Fernando Prestes,0,,SP,São Paulo,2238,5938,170,93.654,40,95.65,105.26,5,0,0,0
3508900,Caiabu,0,,SP,São Paulo,1467,3712,253,92.839,40,99.78,89.06,0,0,0,0
3517109,Glicério,0,,SP,São Paulo,1552,4124,273,94.083,40,96.3,87.07,0,0,0,0
3530102,Mirandópolis,0,,SP,São Paulo,9108,23582,918,9.527,40,131.69,105.36,17,0,0,0
3545704,Santa Albertina,0,,SP,São Paulo,2569,6340,273,9.283,40,98.79,99.2,11,0,0,0
3552601,Tabapuã,0,,SP,São Paulo,4336,11267,346,94.501,40,97.23,96.03,5,0,0,0
3553609,Tapiratiba,0,,SP,São Paulo,4205,11752,222,95.764,40,93.99,87.27,6,0,0,0
3538501,Piquete,0,Região Metropolitana do Vale do Paraíba e Litoral Norte,SP,São Paulo,4570,12451,176,96.708,40,91.62,95.56,11,0,0,0
3544251,Rosana,0,,SP,São Paulo,6534,17257,744,94.183,40,96.71,76.67,34,0,0,0
3503158,Arapeí,0,Região Metropolitana do Vale do Paraíba e Litoral Norte,SP,São Paulo,885,2330,157,93.718,40,97.12,86.88,6,0,0,0
3519204,Iacri,0,,SP,São Paulo,2260,6130,322,93.417,40,98.61,90.88,7,0,0,0
3528908,Mariápolis,0,,SP,São Paulo,1382,3511,187,94.749,40,99.49,90.65,0,0,0,0
3500105,Adamantina,0,,SP,São Paulo,13583,34552,412,96.492,40,92.9,108.3,17,0,0,0
3516804,Gastão Vidigal,0,,SP,São Paulo,1246,3244,181,90.919,40,94.27,95.04,1,0,0,0
3507407,Borborema,0,,SP,São Paulo,5483,14187,552,94.205,40,98.02,96.24,2,0,0,0
3531605,Monte Castelo,0,,SP,São Paulo,1626,4219,234,92.542,40,98.4,90.12,0,0,0,0
3527405,Lucélia,0,,SP,São Paulo,6603,17479,315,95.007,40,125.38,94.3,3,0,0,0
3543808,Rinópolis,0,,SP,São Paulo,3498,9216,358,94.031,40,97.72,108.01,4,0,0,0
3506409,Bilac,0,,SP,São Paulo,2798,7286,158,95.655,40,96.69,98.69,7,0,0,0
3529609,Meridiano,0,,SP,São Paulo,1726,4572,228,94.339,40,96.48,85.01,1,0,0,0
3538303,Piquerobi,0,,SP,São Paulo,1284,3264,483,9.215,40,90.65,90.48,0,0,0,0
3555000,Tupã,0,,SP,São Paulo,24073,63336,628,95.925,40,91.45,100.27,0,0,0,0
5221502,Turvânia,0,,GO,Goiás,1808,4470,482,89.445,42,100.36,97.46,8,0,0,0
5214861,Nova Glória,0,,GO,Goiás,3284,8291,412,88.561,42,101.6,98.46,24,0,0,0
5219456,Santa Rita do Novo Destino,0,,GO,Goiás,1024,2688,970,85.325,42,107.97,78.89,5,0,0,0
5200159,Adelândia,0,,GO,Goiás,914,2278,115,89.781,42,101.67,100.53,2,0,0,0
5206602,Cumari,0,,GO,Goiás,1153,2908,568,88.563,42,102.84,101.98,0,0,0,0
5219506,Santa Rosa de Goiás,0,,GO,Goiás,1073,2814,166,88.411,42,102.88,103.8,0,0,0,0
5215207,Novo Brasil,0,,GO,Goiás,1523,3527,649,90.283,42,103.52,102.66,6,0,0,0
5200209,Água Limpa,0,,GO,Goiás,745,1842,459,90.796,42,99.57,96.32,15,0,0,0
5221452,Trombas,0,,GO,Goiás,1223,3116,803,85.188,42,102.07,94.09,0,0,0,0
5221304,Três Ranchos,0,,GO,Goiás,1143,2914,284,93.004,42,108.64,94.7,3,0,0,0
5209606,Heitoraí,0,,GO,Goiás,1355,3344,229,8.911,42,104.14,94.3,6,0,0,0
5201207,Anhanguera,0,,GO,Goiás,358,924,56,97.154,42,103.97,108.61,0,0,0,0
5209804,Hidrolina,0,,GO,Goiás,1372,3543,584,90.749,42,102.69,102.92,4,0,0,0
5215801,Palmelo,0,,GO,Goiás,893,2227,60,93.438,42,91.93,106.78,1,0,0,0
5216908,Pilar de Goiás,0,,GO,Goiás,893,2328,906,91.418,42,111.06,76.98,1,0,454,0
5211701,Jandaia,0,,GO,Goiás,2527,6269,863,91.965,42,102.91,94.16,0,0,0,0
5213855,Morro Agudo de Goiás,0,,GO,Goiás,976,2427,282,89.529,42,97.11,83.9,12,0,0,0
5204201,Cachoeira de Goiás,0,,GO,Goiás,591,1405,424,86.333,42,101.29,91.19,1,0,0,0
3106804,Bias Fortes,0,,MG,Minas Gerais,1275,3355,284,88.392,42,109.67,109.38,0,0,832,0
3155900,Rio Preto,0,,MG,Minas Gerais,2034,5105,348,90.248,42,98.42,109.07,2,0,0,0
3122504,Dom Cavati,0,Colar Metropolitano,MG,Minas Gerais,1917,4870,60,90.785,42,92.99,118.84,5,0,0,0
3172202,Wenceslau Braz,0,,MG,Minas Gerais,867,2342,102,93.759,42,100.34,105.96,2,0,0,0
3149408,Pedro Teixeira,0,,MG,Minas Gerais,722,1810,113,91.894,42,104.29,98.88,1,0,0,0
3164902,São Sebastião do Rio Verde,0,,MG,Minas Gerais,881,2274,91,95.742,42,105.17,95.99,0,0,0,0
3159308,Santa Rita de Jacutinga,0,,MG,Minas Gerais,1905,4738,421,91.541,42,100.21,109.47,0,0,7,0
3100104,Abadia dos Dourados,0,,MG,Minas Gerais,2579,6271,880,9.352,42,101.61,111.08,0,0,0,0
3118502,Consolação,0,,MG,Minas Gerais,622,1552,89,89.237,42,107.85,108.3,3,0,0,0
3105509,Barão de Monte Alto,0,,MG,Minas Gerais,1896,4963,198,882,42,99.92,115.73,0,0,0,0
3115003,Cascalho Rico,0,,MG,Minas Gerais,1058,2685,367,96.567,42,101.04,109.09,1,0,0,0
3103207,Araçaí,0,,MG,Minas Gerais,826,2180,188,93.192,42,98.81,102.03,1,0,0,0
3127388,Goianá,0,,MG,Minas Gerais,1561,4049,152,93.711,42,95.7,104.46,6,0,4,0
3101201,Aiuruoca,0,,MG,Minas Gerais,2481,6162,650,90.889,42,102.77,123.49,35,0,0,0
3122801,Dom Viçoso,0,,MG,Minas Gerais,1174,3095,114,93.139,42,103.48,93.21,1,0,0,0
3133501,Itapecerica,0,,MG,Minas Gerais,7975,20943,1041,93.096,42,97.08,122.21,0,0,32,0
3153103,Presidente Bernardes,0,,MG,Minas Gerais,1778,4830,237,89.478,42,101.66,116.06,1,0,0,0
3159209,Santa Rita de Caldas,0,,MG,Minas Gerais,3356,8418,503,94.341,42,103.61,120.03,4,0,0,0
3115706,Central de Minas,0,,MG,Minas Gerais,2507,6159,204,84.232,42,96.4,103.87,1,0,0,0
3138005,Laranjal,0,,MG,Minas Gerais,2294,5950,205,96.189,42,97.32,121.08,2,0,0,0
3150307,Piedade do Rio Grande,0,,MG,Minas Gerais,1842,4604,323,8.993,42,101.49,110.26,3,0,0,0
3109600,Cachoeira da Prata,0,,MG,Minas Gerais,1377,3692,61,96.991,42,90.36,107.64,2,0,158,0
3122108,Divino das Laranjeiras,0,,MG,Minas Gerais,1646,4170,342,85.752,42,94.42,95.62,2,0,0,0
3118908,Cordisburgo,0,,MG,Minas Gerais,2965,7526,824,92.017,42,99.02,114.69,0,0,0,0
3141207,Matutina,0,,MG,Minas Gerais,1575,3811,261,89.616,42,97.92,114.62,0,0,0,0
3103603,Arantina,0,,MG,Minas Gerais,1112,2915,89,93.257,42,100.34,91.51,2,0,0,0
3128204,Guaraciaba,0,,MG,Minas Gerais,3522,9706,349,87.568,42,101.26,117.06,5,0,174,0
3150406,Piedade dos Gerais,0,,MG,Minas Gerais,1964,4963,260,9.016,42,105.11,103.76,2,0,0,0
3155306,Rio Manso,0,Região Metropolitana de Belo Horizonte,MG,Minas Gerais,2177,5565,232,93.495,42,103.43,116.52,1,0,1,0
3164803,São Sebastião do Rio Preto,0,,MG,Minas Gerais,474,1259,128,91.675,42,90.18,116.83,0,0,0,0
3152907,Pratápolis,0,,MG,Minas Gerais,3312,8373,216,94.952,42,99.95,122.51,1,0,0,0
3157401,Santa Cruz do Escalvado,0,,MG,Minas Gerais,1724,4673,259,90.992,42,101.34,117.61,1,0,0,0
3154101,Recreio,0,,MG,Minas Gerais,3896,10976,234,93.809,42,95.4,140.04,0,0,0,0
3158409,Santana de Cataguases,0,,MG,Minas Gerais,1326,3487,161,92.896,42,102.85,110.24,0,0,0,0
3160603,Santo Hipólito,0,,MG,Minas Gerais,1107,2703,431,89.283,42,99.63,112.06,0,0,0,0
3106101,Belmiro Braga,0,,MG,Minas Gerais,1171,3243,393,89.206,42,101.12,101.64,3,0,0,0
3121506,Desterro do Melo,0,,MG,Minas Gerais,1149,2974,142,89.383,42,102.98,111.75,0,0,0,0
3147808,Passa-Vinte,0,,MG,Minas Gerais,890,2233,247,91.702,42,106.95,96.16,0,0,0,0
3124609,Estrela Dalva,0,,MG,Minas Gerais,861,2181,131,88.828,42,96.23,119.09,0,0,0,0
3161007,São Domingos do Prata,0,,MG,Minas Gerais,6639,17283,744,90.961,42,96.12,111.84,18,0,204,0
3129004,Guiricema,0,,MG,Minas Gerais,3039,7761,294,90.772,42,99.74,125.71,3,0,1,0
3111101,Campina Verde,0,,MG,Minas Gerais,7296,17908,3651,92.974,42,101.92,106.52,18,0,0,0
3114808,Carvalhos,0,,MG,Minas Gerais,1685,4387,282,8.936,42,103.31,107.14,21,0,14,0
3145406,Olaria,0,,MG,Minas Gerais,751,1945,178,89.345,42,107.36,102.56,4,0,0,0
3122702,Dom Silvério,0,,MG,Minas Gerais,1972,5201,195,93.077,42,91.85,130.13,2,0,36,0
3125804,Fernandes Tourinho,0,,MG,Minas Gerais,1111,2785,152,83.126,42,96.69,101.3,4,0,0,0
3110301,Caldas,0,,MG,Minas Gerais,5717,14162,711,94.004,42,103.19,105.8,196,107,17,0
3159100,Santana dos Montes,0,,MG,Minas Gerais,1304,3463,197,91.732,42,106.24,106.46,3,0,0,0
4102208,Atalaia,0,Região Metropolitana de Maringá,PR,Paraná,1469,3839,138,94.835,42,109.03,106.06,2,0,0,0
4113429,Lidianópolis,0,Região Metropolitana de Apucarana,PR,Paraná,1534,3931,151,88.511,42,95.92,96.43,0,0,0,0
4108205,Formosa do Oeste,0,Região Metropolitana de Cascavel,PR,Paraná,3014,7635,276,93.406,42,96.93,104.56,0,0,0,0
4125308,São Jorge do Ivaí,0,Região Metropolitana de Maringá,PR,Paraná,1925,5163,315,92.543,42,97.18,110.94,2,0,0,0
4113759,Lunardelli,0,Região Metropolitana de Apucarana,PR,Paraná,1898,4872,199,8.665,42,100.66,102.83,2,0,0,0
4113106,Kaloré,0,Região Metropolitana de Apucarana,PR,Paraná,1752,4535,193,91.004,42,99.91,107.76,0,0,0,0
4107108,Diamante do Norte,0,,PR,Paraná,1887,5140,243,91.431,42,96.79,101.7,3,0,0,0
4128401,Uraí,0,Região Metropolitana de Londrina,PR,Paraná,4041,10384,238,91.679,42,95.86,108.8,8,0,0,0
4306320,Derrubadas,0,,RS,Rio Grande do Sul,1074,2751,361,93.316,42,101.83,95.89,0,0,0,0
4310405,Independência,0,,RS,Rio Grande do Sul,2484,6423,358,95.628,42,101.98,114.33,0,0,0,0
4321352,Tavares,0,,RS,Rio Grande do Sul,2153,5197,610,91.493,42,101.86,122.41,14,0,218,0
4322533,Vale do Sol,0,,RS,Rio Grande do Sul,3776,9873,328,95.014,42,101.32,112.61,7,0,0,0
4306551,Dom Pedro de Alcântara,0,Aglomeração Urbana do Litoral Norte,RS,Rio Grande do Sul,1050,2555,78,97.036,42,105.95,114.39,2,0,0,0
4311601,Liberato Salzano,0,,RS,Rio Grande do Sul,1827,4778,246,90.788,42,101.47,107.03,287,282,0,0
4306700,Dona Francisca,0,,RS,Rio Grande do Sul,1223,3077,114,96.601,42,99.16,106.94,4,0,267,0
4303400,Caiçara,0,,RS,Rio Grande do Sul,1857,4823,189,95.649,42,102.43,122.68,3,0,0,0
4321832,Três Forquilhas,0,Aglomeração Urbana do Litoral Norte,RS,Rio Grande do Sul,1065,2760,217,92.258,42,107.05,100.43,2,0,68,0
4308805,General Câmara,0,,RS,Rio Grande do Sul,3148,7612,510,94.268,42,100.16,112.49,2,0,46,0
4319604,São Sepé,0,,RS,Rio Grande do Sul,8605,21077,2205,94.471,42,94.03,115.72,9,0,93,0
4311270,Lagoa dos Três Cantos,0,,RS,Rio Grande do Sul,654,1731,139,98.611,42,99.08,115.1,0,0,0,0
4323200,Victor Graeff,0,,RS,Rio Grande do Sul,1100,2771,238,98.035,42,99.86,112.98,0,0,0,0
4302659,Brochier,0,,RS,Rio Grande do Sul,2019,4934,105,96.451,42,99.68,124.59,4,0,0,0
4311155,Jóia,0,,RS,Rio Grande do Sul,2780,7166,1239,94.489,42,105.73,99.75,1,0,0,0
4301800,Barracão,0,,RS,Rio Grande do Sul,1931,4831,515,93.697,42,103.24,115.29,3,0,0,0
4315321,Quevedos,0,,RS,Rio Grande do Sul,1033,2501,543,93.611,42,110.85,104.57,0,0,0,0
4302501,Bossoroca,0,,RS,Rio Grande do Sul,2359,5887,1610,92.747,42,104.58,109.27,0,0,0,0
4311130,Jari,0,,RS,Rio Grande do Sul,1332,3348,853,9.472,42,107.63,109.56,1,0,0,0
4300471,Almirante Tamandaré do Sul,0,,RS,Rio Grande do Sul,798,1968,265,97.141,42,105.32,112,0,0,0,0
4319406,São Pedro do Sul,0,,RS,Rio Grande do Sul,6421,15535,873,96.228,42,95.27,124.16,0,0,0,0
4322525,Vale Verde,0,,RS,Rio Grande do Sul,1294,3150,330,93.524,42,103.88,113.77,0,0,35,0
4310850,Jaboticaba,0,,RS,Rio Grande do Sul,1499,3769,128,89.962,42,99.74,110.15,0,0,0,0
4307559,Estação,0,,RS,Rio Grande do Sul,2172,5582,100,97.635,42,94.02,115.37,4,0,0,0
4314753,Poço das Antas,0,,RS,Rio Grande do Sul,842,2171,68,97.869,42,104.04,128.45,2,0,0,0
4300802,Antônio Prado,0,Região Metropolitana da Serra Gaúcha,RS,Rio Grande do Sul,5006,13010,348,96.896,42,97.32,119.75,7,0,0,0
4318614,São José do Sul,0,,RS,Rio Grande do Sul,921,2356,55,98.197,42,98,121.99,1,0,0,0
4313441,Novo Tiradentes,0,,RS,Rio Grande do Sul,819,2146,75,92.381,42,105.56,105.54,3,0,0,0
4323507,Vista Alegre,0,,RS,Rio Grande do Sul,1014,2659,78,94.494,42,98.8,110.8,0,0,0,0
4307054,Ernestina,0,,RS,Rio Grande do Sul,1250,3019,239,97.482,42,101.73,109.96,0,0,0,0
4308052,Faxinalzinho,0,,RS,Rio Grande do Sul,1004,2515,143,92.053,42,105.38,113.55,307,21,0,0
4318101,São Francisco de Assis,0,,RS,Rio Grande do Sul,7246,17532,2507,93.378,42,97.69,122.67,22,0,0,0
4319372,São Pedro do Butiá,0,,RS,Rio Grande do Sul,1169,3069,108,98.115,42,104.53,121.23,0,0,0,0
4311239,Lagoa Bonita do Sul,0,,RS,Rio Grande do Sul,866,2248,110,91.593,42,107.08,104.17,3,0,0,0
4317558,Santo Antônio do Palma,0,,RS,Rio Grande do Sul,748,2091,126,96.582,42,103.4,100.27,0,0,0,0
4310579,Itapuca,0,,RS,Rio Grande do Sul,725,1937,185,91.363,42,110.77,99.05,0,0,0,0
4314506,Pinheiro Machado,0,,RS,Rio Grande do Sul,4882,11194,2249,93.013,42,97.01,107.19,19,0,105,0
4200051,Abdon Batista,0,Região Metropolitana do Contestado,SC,Santa Catarina,969,2593,238,93.449,42,102.81,89.59,0,0,154,129
4207601,Ipira,0,Região Metropolitana do Contestado,SC,Santa Catarina,1835,4575,156,9.706,42,96.99,104.42,1,0,0,0
4201604,Arroio Trinta,0,Região Metropolitana do Contestado,SC,Santa Catarina,1391,3556,94,96.264,42,95.28,117.14,0,0,0,0
4207205,Imaruí,0,Região Metropolitana de Tubarão,SC,Santa Catarina,4586,11878,542,93.151,42,100.29,100.25,192,186,0,0
4206801,Ibicaré,0,Região Metropolitana do Contestado,SC,Santa Catarina,1250,3267,156,95.004,42,102.41,114.42,1,0,0,0
4210555,Marema,0,Região Metropolitana de Chapecó,SC,Santa Catarina,742,2184,104,93.083,42,104.3,113.79,29,0,0,0
4207577,Iomerê,0,Região Metropolitana do Contestado,SC,Santa Catarina,1066,2877,114,98.066,42,103.18,114.77,2,0,0,0
4216800,São José do Cerrito,0,Região Metropolitana de Lages,SC,Santa Catarina,3327,8707,949,91.332,42,105.14,94.53,6,0,0,0
4209201,Lacerdópolis,0,Região Metropolitana do Contestado,SC,Santa Catarina,829,2245,69,96.688,42,98.06,119.94,0,0,0,0
4207759,Iraceminha,0,Região Metropolitana do Extremo Oeste,SC,Santa Catarina,1466,3984,165,95.677,42,104.73,102.29,2,0,0,0
4213906,Presidente Castello Branco,0,Região Metropolitana do Contestado,SC,Santa Catarina,606,1689,65,96.942,42,103,108.48,0,0,0,0
3528205,Macedônia,0,,SP,São Paulo,1513,3944,328,9.359,42,96.87,110.34,1,0,0,0
3510104,Cândido Rodrigues,0,,SP,São Paulo,1102,2876,71,94.554,42,98.83,123.66,1,0,0,0
3528106,Macaubal,0,Região Metropolitana de São José do Rio Preto,SP,São Paulo,3008,7446,248,94.624,42,99.55,119.1,2,0,0,0
3516507,Gabriel Monteiro,0,,SP,São Paulo,1071,2763,139,94.753,42,100.36,105.91,0,0,0,0
3510708,Cardoso,0,,SP,São Paulo,4603,11312,639,93.436,42,95.54,113.33,13,0,0,0
3513306,Cruzália,0,,SP,São Paulo,822,2108,149,94.567,42,95.55,102.05,1,0,0,0
3527256,Lourdes,0,,SP,São Paulo,772,1904,114,89.816,42,99.59,118.13,0,0,0,0
3548807,São Caetano do Sul,0,Região Metropolitana de São Paulo,SP,São Paulo,61995,164949,15,9.884,42,84.09,117.03,185,0,0,0
3541505,Presidente Venceslau,0,,SP,São Paulo,13692,34332,755,95.286,42,93.68,101.94,12,0,0,0
3515129,Emilianópolis,0,,SP,São Paulo,1177,3012,225,92.429,42,98.03,110.04,0,0,0,0
3548500,Santos,0,Região Metropolitana da Baixada Santista,SP,São Paulo,167478,416817,281,98.398,42,82.89,129.9,376,0,19,0
3520707,Indiaporã,0,,SP,São Paulo,1662,4028,280,91.571,42,94.46,114.53,1,0,0,0
3542305,Redenção da Serra,0,Região Metropolitana do Vale do Paraíba e Litoral Norte,SP,São Paulo,1680,4493,309,92.085,42,110.1,95.58,1,0,0,0
3550001,São Luís do Paraitinga,0,Região Metropolitana do Vale do Paraíba e Litoral Norte,SP,São Paulo,4165,10305,617,9.282,42,101.86,106.68,6,0,0,0
3503950,Aspásia,0,,SP,São Paulo,679,1839,69,90.676,42,99.14,100.63,3,0,0,0
3540507,Porangaba,0,,SP,São Paulo,3923,10445,266,94.672,42,104.28,107.16,3,0,0,0
3544608,Sabino,0,,SP,São Paulo,2035,5112,305,94.376,42,94.67,108,2,0,0,0
3518008,Guarani d'Oeste,0,,SP,São Paulo,808,1968,86,91.885,42,99.39,100,0,0,0,0
3547502,Santa Rita do Passa Quatro,0,Região Metropolitana de Ribeirão Preto,SP,São Paulo,9468,24691,754,96.476,42,91.86,123.92,15,0,0,0
5213400,Moiporá,0,,GO,Goiás,708,1684,452,90.621,44,100.12,113.21,3,0,0,0
5219209,Santa Cruz de Goiás,0,,GO,Goiás,1241,2999,1109,89.684,44,113.82,86.83,8,0,279,0
5202353,Arenópolis,0,,GO,Goiás,1208,2946,1076,89.935,44,105.01,98.78,0,0,0,0
5210307,Israelândia,0,,GO,Goiás,1030,2502,579,89.378,44,98.3,122.69,17,0,0,0
5207105,Diorama,0,,GO,Goiás,832,2054,685,90.046,44,101.37,109.58,0,0,0,0
3146602,Paiva,0,,MG,Minas Gerais,580,1473,58,91.873,44,100.54,125.57,0,0,0,0
3137106,Lagamar,0,,MG,Minas Gerais,2781,6595,1475,91.761,44,104.79,118.62,4,0,8,0
3119906,Córrego do Bom Jesus,0,,MG,Minas Gerais,1689,4269,124,93.273,44,104.99,132.38,3,0,0,0
3155207,Rio Espera,0,,MG,Minas Gerais,2064,5388,239,87.689,44,105.02,132.75,8,0,292,0
3125200,Fama,0,,MG,Minas Gerais,1003,2578,86,93.361,44,101.09,129.44,0,0,0,0
3103108,Antônio Prado de Minas,0,,MG,Minas Gerais,599,1537,84,91.822,44,103.71,164.77,1,0,0,0
3112208,Capela Nova,0,,MG,Minas Gerais,1667,4359,111,91.518,44,95.87,135.77,1,0,0,0
3123205,Dores do Indaiá,0,,MG,Minas Gerais,5247,12530,1111,91.847,44,92.74,147.36,5,0,0,0
3103306,Aracitaba,0,,MG,Minas Gerais,854,2046,107,88.312,44,94.59,135.59,0,0,24,0
3119807,Córrego Danta,0,,MG,Minas Gerais,1197,2925,657,92.042,44,110.83,146.94,0,0,0,0
3138500,Liberdade,0,,MG,Minas Gerais,1812,4717,401,89.224,44,102.78,129.36,2,0,14,0
4107520,Esperança Nova,0,Região Metropolitana de Umuarama,PR,Paraná,709,1849,141,89.779,44,97.75,111.82,0,0,0,0
4108551,Godoy Moreira,0,Região Metropolitana de Apucarana,PR,Paraná,1184,2977,131,83.313,44,99.26,107.28,7,0,0,0
4323457,Vila Nova do Sul,0,,RS,Rio Grande do Sul,1598,3850,508,93.966,44,96.99,125.25,2,0,131,0
4301552,Áurea,0,,RS,Rio Grande do Sul,1318,3396,157,97.239,44,99.53,145.67,0,0,0,0
4301636,Balneário Pinhal,0,Aglomeração Urbana do Litoral Norte,RS,Rio Grande do Sul,6100,14887,102,95.823,44,92.4,116.14,49,0,0,0
4303673,Campestre da Serra,0,,RS,Rio Grande do Sul,1284,3235,538,9.593,44,105.84,126.33,0,0,0,0
4313359,Nova Roma do Sul,0,Região Metropolitana da Serra Gaúcha,RS,Rio Grande do Sul,1246,3456,150,97.376,44,104.12,139.34,9,0,0,0
4318457,São José das Missões,0,,RS,Rio Grande do Sul,932,2362,98,9.221,44,102.57,112.99,0,0,0,0
4305124,Cerrito,0,,RS,Rio Grande do Sul,2434,5782,452,92.448,44,99.31,127.32,2,0,80,0
4301503,Augusto Pestana,0,,RS,Rio Grande do Sul,2834,7149,348,97.325,44,96.51,136.29,5,0,0,0
4305009,Catuípe,0,,RS,Rio Grande do Sul,3370,8666,583,95.789,44,92.46,125.31,0,0,13,0
4312609,Muçum,0,,RS,Rio Grande do Sul,1785,4566,111,96.053,44,92.51,144.35,2,0,0,0
4314472,Pinhal Grande,0,,RS,Rio Grande do Sul,1474,3803,478,94.855,44,107.47,128.62,2,0,0,0
4314548,Pinto Bandeira,0,Região Metropolitana da Serra Gaúcha,RS,Rio Grande do Sul,919,2693,105,97.632,44,101.7,140.25,21,0,0,0
4303806,Campinas do Sul,0,,RS,Rio Grande do Sul,2060,5250,276,95.768,44,92.78,136.9,1,0,0,0
4312179,Mato Queimado,0,,RS,Rio Grande do Sul,697,1788,115,96.885,44,103.05,123.43,0,0,0,0
4304713,Caraá,0,Aglomeração Urbana do Litoral Norte,RS,Rio Grande do Sul,3016,7393,295,92.808,44,105.39,125.06,30,27,0,0
4315206,Putinga,0,,RS,Rio Grande do Sul,1366,3747,216,95.313,44,100.37,169.05,0,0,0,0
4318432,São João do Polêsine,0,,RS,Rio Grande do Sul,1041,2617,78,97.619,44,93.22,169.03,0,0,17,0
4316477,Salvador das Missões,0,,RS,Rio Grande do Sul,1118,2871,94,98.661,44,102.46,135.35,0,0,0,0
4311981,Mariana Pimentel,0,,RS,Rio Grande do Sul,1639,3907,338,9.345,44,105.46,130.35,79,0,0,0
4312443,Morrinhos do Sul,0,Aglomeração Urbana do Litoral Norte,RS,Rio Grande do Sul,1279,3070,166,97.167,44,108.2,119.61,1,0,0,0
4315552,Rio dos Índios,0,,RS,Rio Grande do Sul,1091,2833,236,89.798,44,105.29,122.03,187,0,0,0
4318440,São Jorge,0,,RS,Rio Grande do Sul,1083,2909,126,9.761,44,100.55,155.72,10,0,0,0
4316303,Roque Gonzales,0,,RS,Rio Grande do Sul,2585,6562,349,94.574,44,100.06,125.64,0,0,0,0
4316972,Santa Margarida do Sul,0,,RS,Rio Grande do Sul,1037,2596,955,90.968,44,112.96,100.92,0,0,0,0
4307864,Fagundes Varela,0,,RS,Rio Grande do Sul,883,2566,134,97.565,44,102.85,154.31,0,0,0,0
4319109,São Martinho,0,,RS,Rio Grande do Sul,2216,5478,171,95.945,44,96.17,129.82,0,0,0,0
4323358,Vila Lângaro,0,,RS,Rio Grande do Sul,774,2079,152,0.96,44,104.63,127.96,2,0,0,0
4312203,Maximiliano de Almeida,0,,RS,Rio Grande do Sul,1645,4186,208,95.154,44,97.88,130.27,0,0,0,0
4310439,Ipê,0,Região Metropolitana da Serra Gaúcha,RS,Rio Grande do Sul,2137,5394,599,95.516,44,102.89,139.46,1,0,0,0
4305454,Cidreira,0,Aglomeração Urbana do Litoral Norte,RS,Rio Grande do Sul,6843,17009,243,96.785,44,91.92,111.17,16,0,0,0
4312450,Morro Redondo,0,,RS,Rio Grande do Sul,2510,6035,245,94.168,44,96.36,135.47,5,0,209,0
4312104,Mata,0,,RS,Rio Grande do Sul,1959,4669,316,95.486,44,102.06,131.97,1,0,0,0
4315156,Progresso,0,,RS,Rio Grande do Sul,2109,5340,256,924,44,104.21,124.16,0,0,0,0
4215901,São Bonifácio,0,Região Metropolitana de Florianópolis,SC,Santa Catarina,1126,2944,461,97.767,44,104.02,136.64,0,0,0,0
4217154,São Miguel da Boa Vista,0,Região Metropolitana do Extremo Oeste,SC,Santa Catarina,662,1781,73,93.919,44,106.61,103.65,0,0,0,0
3535200,Palmeira d'Oeste,0,,SP,São Paulo,3535,8878,319,93.949,44,99.08,129.68,1,0,0,0
3547403,Santa Rita d'Oeste,0,,SP,São Paulo,1089,2733,210,92.446,44,93.97,147.95,0,0,0,0
3534500,Oscar Bressane,0,,SP,São Paulo,960,2470,222,94.174,44,91.62,131.3,4,0,0,0
3530003,Mira Estrela,0,,SP,São Paulo,1243,3126,217,94.568,44,99.49,112.3,0,0,0,0
3536901,Pedranópolis,0,,SP,São Paulo,1052,2737,260,94.254,44,99.93,125.71,4,0,0,0
3549003,São Francisco,0,,SP,São Paulo,1044,2602,76,91.486,44,95.35,135.6,78,0,0,0
3517802,Guaraçaí,0,,SP,São Paulo,2941,7418,569,93.204,44,97.16,128.69,0,0,0,0
3502606,Aparecida d'Oeste,0,,SP,São Paulo,1616,4064,179,91.787,44,98.25,125.16,1,0,0,0
5200902,Amorinópolis,0,,GO,Goiás,1255,2998,407,8.684,46,101.68,135.27,2,0,0,0
5209291,Guaraíta,0,,GO,Goiás,913,2188,206,90.027,46,99.27,105.57,3,0,0,0
3115607,Cedro do Abaeté,0,,MG,Minas Gerais,449,1081,283,88.578,46,104.35,143.79,1,0,0,0
3165560,Sem-Peixe,0,,MG,Minas Gerais,962,2433,177,87.743,46,94.48,164.33,3,0,0,0
3136108,Joanésia,0,Colar Metropolitano,MG,Minas Gerais,1681,4323,233,87.675,46,100.14,139.45,0,0,0,0
3124708,Estrela do Indaiá,0,,MG,Minas Gerais,1177,2753,636,91.161,46,95.9,175.78,2,0,0,0
3129103,Gurinhatã,0,,MG,Minas Gerais,2139,5166,1849,88.841,46,108.85,124.09,0,0,0,0
3165800,Senador José Bento,0,,MG,Minas Gerais,792,2068,94,93.899,46,110.81,164.15,0,0,0,0
5107297,São José do Povo,0,,MT,Mato Grosso,1141,2875,490,88.613,46,105.8,109.7,6,0,0,0
4322343,Ubiretama,0,,RS,Rio Grande do Sul,766,1982,126,96.705,46,106.85,143.56,3,0,0,0
4319703,São Valentim,0,,RS,Rio Grande do Sul,1239,3201,154,92.076,46,101.86,158.95,6,0,0,0
4322103,Tucunduva,0,,RS,Rio Grande do Sul,2268,5533,181,96.209,46,92.1,156.77,1,0,0,0
4300901,Aratiba,0,,RS,Rio Grande do Sul,2573,6477,342,96.863,46,100.96,159.51,0,0,0,0
4322301,Tuparendi,0,,RS,Rio Grande do Sul,3367,8351,308,96.845,46,93.77,147.64,0,0,0,0
4305132,Cerro Branco,0,,RS,Rio Grande do Sul,1582,3800,158,90.502,46,102.13,173.68,4,0,0,0
4323606,Vista Alegre do Prata,0,,RS,Rio Grande do Sul,573,1586,119,97.929,46,108.39,142.86,0,0,0,0
4305603,Colorado,0,,RS,Rio Grande do Sul,1280,3253,286,9.592,46,94.74,152.37,1,0,473,0
4313334,Nova Ramada,0,,RS,Rio Grande do Sul,864,2163,255,96.264,46,106.99,130.38,0,0,0,0
4319307,São Paulo das Missões,0,,RS,Rio Grande do Sul,2231,5835,224,94.971,46,100.76,139.28,0,0,0,0
4305116,Centenário,0,,RS,Rio Grande do Sul,1031,2715,134,97.821,46,106.61,149.34,1,0,0,0
4320602,Severiano de Almeida,0,,RS,Rio Grande do Sul,1309,3402,168,96.742,46,102.86,145.71,1,0,0,0
4313003,Nova Bréscia,0,,RS,Rio Grande do Sul,1213,3044,103,9.796,46,99.48,180.35,0,0,0,0
4311908,Marcelino Ramos,0,,RS,Rio Grande do Sul,1732,4305,230,95.932,46,99.72,160.03,1,0,0,0
4310900,Jacutinga,0,,RS,Rio Grande do Sul,1301,3313,178,95.163,46,94.98,155.26,0,0,0,0
4306379,Dilermando de Aguiar,0,,RS,Rio Grande do Sul,1147,2806,601,90.519,46,109.09,123.13,1,0,0,0
4305850,Coqueiros do Sul,0,,RS,Rio Grande do Sul,896,2209,277,96.283,46,98.47,135.06,1,0,0,0
4320453,Sério,0,,RS,Rio Grande do Sul,780,1941,98,90.833,46,106.27,157.47,0,0,0,0
4306759,Doutor Ricardo,0,,RS,Rio Grande do Sul,710,1888,108,97.635,46,105.66,182.01,0,0,0,0
4320651,Silveira Martins,0,,RS,Rio Grande do Sul,789,2019,119,96.334,46,101.59,165.96,1,0,1,0
4300554,Alto Alegre,0,,RS,Rio Grande do Sul,697,1800,115,95.059,46,101.34,135.88,0,0,0,0
4305959,Cotiporã,0,,RS,Rio Grande do Sul,1433,3833,173,97.778,46,104.36,174.47,1,0,0,0
4319711,São Valentim do Sul,0,,RS,Rio Grande do Sul,846,2204,92,98.315,46,103.79,170.78,0,0,0,0
4317954,Santo Expedito do Sul,0,,RS,Rio Grande do Sul,916,2349,126,92.775,46,99.24,147.75,3,0,0,0
3544509,Rubinéia,0,,SP,São Paulo,1501,3825,243,95.706,46,97.99,126.98,0,0,0,0
3532843,Nova Canaã Paulista,0,,SP,São Paulo,819,2028,124,94.221,46,98.44,174.16,0,0,0,0
3107000,Biquinhas,0,,MG,Minas Gerais,1027,2383,459,90.639,48,96.94,157.23,1,0,0,0
4304614,Canudos do Vale,0,,RS,Rio Grande do Sul,648,1656,83,93.333,48,107.26,182.59,0,0,0,0
4313425,Novo Machado,0,,RS,Rio Grande do Sul,1304,3179,219,95.049,48,98.88,163.57,0,0,0,0
4308433,Forquetinha,0,,RS,Rio Grande do Sul,955,2393,93,94.495,48,101.09,189.47,0,0,0,0
4300455,Alegria,0,,RS,Rio Grande do Sul,1453,3651,173,938,48,104.54,142.96,0,0,0,0
4306353,Dezesseis de Novembro,0,,RS,Rio Grande do Sul,1017,2507,217,90.783,48,105.66,158.91,0,0,0,0
4310751,Ivorá,0,,RS,Rio Grande do Sul,740,1916,123,94.513,48,102.2,209.83,0,0,0,0
4315073,Porto Vera Cruz,0,,RS,Rio Grande do Sul,665,1560,114,92.485,50,97.72,162.04,0,0,0,0
4308250,Floriano Peixoto,0,,RS,Rio Grande do Sul,694,1667,169,95.957,50,109.28,225.54,0,0,0,0
4309258,Guabiju,0,,RS,Rio Grande do Sul,562,1414,147,96.677,50,106.56,204.92,0,0,0,0
4315453,Relvado,0,,RS,Rio Grande do Sul,695,1783,108,96.532,50,96.93,228.57,0,0,0,0
4317251,Santa Tereza,0,Região Metropolitana da Serra Gaúcha,RS,Rio Grande do Sul,592,1503,74,97.855,52,103.65,264.05,0,0,0,0
2700201,Anadia,0,,AL,Alagoas,4783,13966,186,71.281,33,93.49,49.48,7,0,163,0
2709103,Taquarana,0,Região Metropolitana do Agreste,AL,Alagoas,6492,18968,154,74.101,33,93,47.87,65,0,850,0
2704302,Maceió,1,Região Metropolitana de Maceió,AL,Alagoas,335771,953326,509,91.578,33,87.17,44.25,1998,0,21,0
2704807,Maribondo,0,,AL,Alagoas,4435,13669,180,77.403,33,94,48.74,6,0,0,0
2902401,Aurelino Leal,0,,BA,Bahia,3950,11170,445,79.357,33,96.95,46.94,198,0,95,0
2913705,Inhambupe,0,,BA,Bahia,12152,33745,1082,79.284,33,95.6,49.31,215,0,466,0
2902302,Aratuípe,0,,BA,Bahia,3114,8665,174,81.581,33,101.84,44.02,17,0,12,0
2928059,Santa Luzia,0,,BA,Bahia,4743,13808,824,79.983,33,110.67,41.77,387,0,0,0
2909406,Cotegipe,0,,BA,Bahia,4411,13040,4283,76.677,33,105.36,50.24,76,0,133,0
2908101,Cocos,0,,BA,Bahia,6295,19132,10141,79.042,33,104.39,59.98,96,0,288,0
2924009,Paulo Afonso,0,,BA,Bahia,38770,112377,1544,87.618,33,90.73,47.8,5000,0,1,0
2910057,Dias d'Ávila,0,Região Metropolitana de Salvador,BA,Bahia,25852,71279,184,93.473,33,92.56,34.55,1006,0,420,0
2927606,Santa Brígida,0,,BA,Bahia,5246,14945,934,71.679,33,101.25,48.57,392,0,0,0
2910727,Eunápolis,0,,BA,Bahia,41385,113177,1426,89.548,33,94.11,39.24,6709,0,358,0
2921906,Mucugê,0,,BA,Bahia,4226,12073,2462,84.753,33,97.61,44.71,85,0,296,0
2906873,Capim Grosso,0,,BA,Bahia,12296,33212,465,85.151,33,94.6,47.7,88,0,935,0
2922854,Nova Redenção,0,,BA,Bahia,2646,7529,565,82.006,33,100.91,60.83,9,0,6,0
2915403,Itaju do Colônia,0,,BA,Bahia,2106,6034,1225,80.347,33,98.06,47.75,1355,1131,0,0
2925402,Potiraguá,0,,BA,Bahia,3340,10267,1112,85.362,33,101.81,47.02,144,0,62,0
2902500,Baianópolis,0,,BA,Bahia,4416,13597,3321,77.438,33,105.8,53.63,302,0,0,0
2901304,Andaraí,0,,BA,Bahia,4455,13040,1590,81.094,33,100.77,50,346,0,595,0
2903276,Barrocas,0,,BA,Bahia,5209,15200,207,8.342,33,97.8,46.05,239,0,100,0
2900801,Alcobaça,0,,BA,Bahia,8511,24296,1478,83.374,33,101.81,46.29,492,0,279,0
2906907,Caravelas,0,,BA,Bahia,7218,20496,2378,82.685,33,99.38,49.68,386,0,326,0
2929701,Sátiro Dias,0,,BA,Bahia,5669,15985,949,78.745,33,97.95,52.2,131,0,56,0
2929057,São Félix do Coribe,0,,BA,Bahia,5271,15183,1752,85.724,33,99.66,43.17,362,0,43,0
2910859,Filadélfia,0,,BA,Bahia,6075,17895,580,82.318,33,99.59,51.76,46,0,6346,291
2933307,Vitória da Conquista,0,,BA,Bahia,129081,369737,3254,90.896,33,91.7,47.44,1497,0,12049,147
2906824,Canudos,0,,BA,Bahia,5446,16077,3565,81.831,33,102.12,46.88,11,0,5,0
2920809,Marcionílio Souza,0,,BA,Bahia,3243,9259,1099,78.404,33,99.63,53.88,175,0,0,0
2931509,Teofilândia,0,,BA,Bahia,7371,21085,352,8.112,33,96.88,51.09,306,0,0,0
2903409,Belmonte,0,,BA,Bahia,7259,20054,1939,82.359,33,101.43,45.94,804,0,0,0
2910503,Entre Rios,0,,BA,Bahia,13675,37860,1188,87.617,33,92.34,43.74,1118,0,1618,69
2921708,Morro do Chapéu,0,,BA,Bahia,11882,33471,5745,83.937,33,97.9,46.47,115,0,2520,0
2933158,Várzea Nova,0,,BA,Bahia,4860,13363,1226,80.393,33,99.33,51.08,397,0,542,0
2921054,Matina,0,,BA,Bahia,3230,10328,773,75.018,33,100.82,54.79,2,0,17,0
2927002,Rio Real,0,,BA,Bahia,12639,35244,740,81.288,33,98.38,46.1,206,0,2,0
2902658,Banzaê,0,,BA,Bahia,3935,11933,410,79.173,33,101.55,52.17,3050,2625,625,0
2919900,Macururé,0,,BA,Bahia,2436,7253,2546,77.873,33,100.06,54.3,37,0,5,0
2928000,Santaluz,0,,BA,Bahia,13465,37780,1623,82.933,33,97.54,52.05,141,0,71,0
2930709,Simões Filho,0,Região Metropolitana de Salvador,BA,Bahia,42150,113990,202,9.436,33,90.45,34.87,2703,0,3557,408
2906204,Canarana,0,,BA,Bahia,8304,24122,580,86.898,33,99.21,47.55,55,0,3106,0
2924603,Pindobaçu,0,,BA,Bahia,6759,19033,496,82.479,33,98.64,49.33,131,0,2613,0
2926509,Ribeira do Amparo,0,,BA,Bahia,4811,13779,644,69.275,33,103.07,54.52,10,0,22,0
2917003,Itiúba,0,,BA,Bahia,12063,33855,1651,80.336,33,101.67,55.19,102,0,195,0
2933406,Wagner,0,,BA,Bahia,3280,9502,522,84.475,33,96.91,58.3,113,0,176,0
2933455,Wanderley,0,,BA,Bahia,4251,12962,2921,82.755,33,107.55,48.55,1,0,559,237
2902252,Arataca,0,,BA,Bahia,3471,10174,436,75.535,33,111.78,49,237,0,0,0
2929206,São Francisco do Conde,0,Região Metropolitana de Salvador,BA,Bahia,14008,38675,270,91.789,33,88.68,34.24,756,0,0,0
2919157,Lapão,0,,BA,Bahia,8725,25690,643,83.548,33,99.4,49.38,146,0,5368,0
2906105,Canápolis,0,,BA,Bahia,3307,10209,460,77.638,33,107.83,55.5,176,0,0,0
2931350,Teixeira de Freitas,0,,BA,Bahia,52472,144546,1166,89.677,33,93.08,43.38,2651,0,373,0
2905107,Caém,0,,BA,Bahia,3564,10374,541,79.745,33,98.43,58.84,78,0,2470,0
2926202,Riachão das Neves,0,,BA,Bahia,7168,21613,5978,77.966,33,108.84,47.12,732,0,90,0
2305803,Ipu,0,,CE,Ceará,13935,41062,626,79.089,33,98.82,58.21,29,0,0,0
2302909,Capistrano,0,,CE,Ceará,5914,17250,227,79.611,33,100.39,49.99,18,0,0,0
2304285,Eusébio,0,Região Metropolitana de Fortaleza,CE,Ceará,25105,74084,79,94.115,33,94.92,25.57,53,0,4,0
2306504,Itapiúna,0,,CE,Ceará,6115,17836,593,75.283,33,98.85,52.4,1,0,0,0
2300606,Altaneira,0,,CE,Ceará,2485,6771,73,77.103,33,93.38,64.64,1,0,171,0
2302503,Brejo Santo,0,,CE,Ceará,17032,51050,655,83.984,33,94.29,53.52,26,0,0,0
2311603,Redenção,0,,CE,Ceará,9138,27191,248,83.002,33,94.83,52.58,22,0,7,0
2303907,Chaval,0,,CE,Ceará,3922,12410,237,75.425,33,100.16,47.12,0,0,0,0
2310704,Pentecoste,0,,CE,Ceará,12719,37763,1380,81.941,33,98.82,46.96,14,0,0,0
2300507,Alcântaras,0,Região Metropolitana de Sobral,CE,Ceará,3780,11367,136,80.483,33,97.24,55.39,0,0,0,0
2304202,Crato,0,Região Metropolitana do Cariri,CE,Ceará,44610,130823,1138,88.404,33,89.17,49.64,353,0,0,0
2310951,Pires Ferreira,0,Região Metropolitana de Sobral,CE,Ceará,3261,10591,244,77.139,33,107.11,62.89,0,0,0,0
2304806,Granjeiro,0,,CE,Ceará,1540,4840,112,76.941,33,98.97,57.38,1,0,0,0
2302057,Barroquinha,0,,CE,Ceará,4755,14558,386,72.208,33,101.95,50.16,1,0,0,0
2309805,Pacoti,0,,CE,Ceará,3663,11155,112,83.701,33,100.65,48.39,5,0,0,0
2307700,Maranguape,0,Região Metropolitana de Fortaleza,CE,Ceará,35066,104983,584,89.162,33,94.38,45.24,184,0,0,0
2313955,Varjota,0,Região Metropolitana de Sobral,CE,Ceará,6118,18089,179,80.243,33,97.67,52.59,11,0,0,0
2300101,Abaiara,0,,CE,Ceará,3495,10021,181,76.837,33,96.55,50.94,5,0,0,0
2311504,Quixeré,0,,CE,Ceará,7743,20860,613,78.348,33,95.93,52.32,4,0,0,0
2303956,Chorozinho,0,Região Metropolitana de Fortaleza,CE,Ceará,7143,20127,296,79.577,33,100.43,44.84,12,0,0,0
2310209,Paracuru,0,Região Metropolitana de Fortaleza,CE,Ceará,12982,38949,305,85.707,33,97.33,45.13,107,0,0,0
2305266,Ibaretama,0,,CE,Ceará,4021,11946,879,73.717,33,104.59,55.45,0,0,0,0
3205002,Serra,0,Região Metropolitana da Grande Vitória,ES,Espírito Santo,191936,518797,548,96.122,33,93.38,39.48,1323,0,0,0
3201159,Brejetuba,0,,ES,Espírito Santo,4535,12977,354,85.649,33,105.1,37.09,10,0,0,0
3202553,Ibitirama,0,,ES,Espírito Santo,3389,9512,331,87.544,33,102.86,43.37,4,0,0,0
3203205,Linhares,0,,ES,Espírito Santo,58662,164859,3496,94.121,33,97.83,41.52,604,0,440,0
5204904,Campos Belos,0,,GO,Goiás,6289,17996,735,89.394,33,94.33,39.85,58,0,90,0
5214002,Mozarlândia,0,,GO,Goiás,5228,14627,1739,90.845,33,99.54,38.71,103,0,0,0
5200803,Alvorada do Norte,0,Região Integrada de Desenvolvimento do Distrito Federal e Entorno,GO,Goiás,2954,8444,1268,87.196,33,98.96,38.24,20,0,18,0
5221551,Turvelândia,0,,GO,Goiás,1760,4985,936,90.638,33,106.16,36.14,0,0,0,0
5212907,Marzagão,0,,GO,Goiás,1000,2758,226,92.815,33,103.54,51.66,0,0,0,0
5203203,Barro Alto,0,Região Integrada de Desenvolvimento do Distrito Federal e Entorno,GO,Goiás,3648,10316,1080,91.433,33,102.64,38.41,30,0,0,0
5204003,Cabeceiras,0,Região Integrada de Desenvolvimento do Distrito Federal e Entorno,GO,Goiás,2736,7547,1126,89.971,33,103.94,42.44,12,0,0,0
5209200,Guapó,0,Região Metropolitana de Goiânia,GO,Goiás,7170,19530,514,91.668,33,98.1,43.68,8,0,3,0
5208608,Goianésia,0,Região Integrada de Desenvolvimento do Distrito Federal e Entorno,GO,Goiás,26029,73263,1547,93.176,33,98.26,46.19,198,0,139,0
5200308,Alexânia,0,Região Integrada de Desenvolvimento do Distrito Federal e Entorno,GO,Goiás,9711,26893,847,91.154,33,99.76,45.93,69,0,0,0
5213004,Maurilândia,0,,GO,Goiás,3772,10203,390,88.257,33,102.91,43.08,13,0,32,0
5210406,Itaberaí,0,,GO,Goiás,16002,44616,1462,92.795,33,99.56,44.24,53,0,0,0
5201108,Anápolis,0,,GO,Goiás,142329,397062,936,96.206,33,94.1,47.19,739,0,57,0
5214507,Nerópolis,0,Região Metropolitana de Goiânia,GO,Goiás,11181,31879,205,93.811,33,95.28,38.95,67,0,0,0
5213509,Monte Alegre de Goiás,0,,GO,Goiás,2330,6684,3120,83.671,33,107.7,44.09,1,0,1458,985
5204508,Caldas Novas,0,,GO,Goiás,36749,98234,1609,95.558,33,95.86,43.52,107,0,0,0
5203500,Bom Jesus de Goiás,0,,GO,Goiás,8662,23831,1406,91.926,33,100.49,40.19,44,0,0,0
5211909,Jataí,0,,GO,Goiás,38266,104967,7179,9.526,33,97.4,47.66,196,0,0,0
5215702,Palmeiras de Goiás,0,,GO,Goiás,11589,31802,1537,93.628,33,98.6,44.64,57,0,172,0
2111102,São João dos Patos,0,,MA,Maranhão,8272,24948,1483,83.233,33,93.8,50.19,35,0,0,0
2107407,Olho d'Água das Cunhãs,0,,MA,Maranhão,5668,17906,695,73.816,33,98.13,45.89,19,0,0,0
2111300,São Luís,1,Região Metropolitana da Grande São Luís,MA,Maranhão,348724,1032305,583,96.015,33,87.23,43.88,1602,0,8259,0
2104701,Graça Aranha,0,,MA,Maranhão,1978,6021,271,79.364,33,100.17,50.07,34,0,0,0
2101350,Bacurituba,0,,MA,Maranhão,1742,5250,414,83.017,33,106.45,57.23,6,0,2338,0
2100204,Alcântara,0,Região Metropolitana da Grande São Luís,MA,Maranhão,6288,18460,1168,81.516,33,103.7,49.12,27,0,15602,9865
2105203,Igarapé Grande,0,,MA,Maranhão,3222,10231,346,76.629,33,98.31,50.38,1,0,160,0
2103703,Cururupu,0,,MA,Maranhão,10031,31439,1258,85.486,33,102.28,48.53,27,0,6564,319
2108207,Pedreiras,0,,MA,Maranhão,12106,36822,262,84.695,33,91.4,51.61,89,0,122,0
2105948,Lago dos Rodrigues,0,,MA,Maranhão,2800,8745,221,76.204,33,99.86,48.21,0,0,0,0
2107308,Nova Iorque,0,,MA,Maranhão,1334,4317,978,80.567,33,101.4,58.76,0,0,0,0
3140159,Mário Campos,0,Região Metropolitana de Belo Horizonte,MG,Minas Gerais,5434,15886,35,95.224,33,98.03,41.65,11,0,0,0
3124401,Espírito Santo do Dourado,0,,MG,Minas Gerais,2141,6099,264,91.465,33,110.41,54.51,12,0,0,0
3146305,Padre Paraíso,0,,MG,Minas Gerais,5955,17279,544,83.846,33,98.13,60.24,4,0,0,0
3160801,São Bento Abade,0,,MG,Minas Gerais,1593,4703,80,90.512,33,105.63,47.86,1,0,0,0
3117306,Conceição das Alagoas,0,,MG,Minas Gerais,9881,28179,1340,93.576,33,104.64,39.4,65,0,0,0
3171501,Mathias Lobato,0,,MG,Minas Gerais,1097,3031,172,8.717,33,98.3,52.68,3,0,0,0
3143302,Montes Claros,0,,MG,Minas Gerais,144797,411984,3590,95.668,33,92.25,49.02,797,0,747,0
3135100,Janaúba,0,,MG,Minas Gerais,24287,70437,2181,90.647,33,94.11,47.85,158,0,7608,0
3145000,Nova Ponte,0,,MG,Minas Gerais,5100,14568,1111,94.298,33,102.5,39.31,12,0,1,0
3117504,Conceição do Mato Dentro,0,,MG,Minas Gerais,7962,23139,1720,90.659,33,101.47,50.5,15,0,1173,0
3153301,Presidente Kubitschek,0,,MG,Minas Gerais,972,3070,189,90.958,33,97.24,55.37,3,0,224,0
3103751,Araporã,0,,MG,Minas Gerais,2878,8467,294,94.713,33,99.69,41.9,0,0,0,0
3154606,Ribeirão das Neves,0,Região Metropolitana de Belo Horizonte,MG,Minas Gerais,113092,322653,155,95.159,33,98.28,41.21,359,0,600,0
3139300,Manga,0,,MG,Minas Gerais,6117,18695,1950,83.839,33,99.6,51.43,212,0,3410,0
3135209,Januária,0,,MG,Minas Gerais,21452,64856,6662,88.389,33,97.45,52.77,307,0,14943,0
3165537,Sarzedo,0,Região Metropolitana de Belo Horizonte,MG,Minas Gerais,12670,36795,62,9.678,33,97.61,33.93,15,0,0,0
3136959,Juvenília,0,,MG,Minas Gerais,1836,5759,1065,8.458,33,107.05,53.82,0,0,858,0
3163003,São José da Safira,0,,MG,Minas Gerais,1318,3806,214,83.646,33,101.27,49.27,3,0,0,0
3130051,Icaraí de Minas,0,,MG,Minas Gerais,3276,10673,626,87.569,33,106.24,49.27,2,0,5,0
3131604,Iraí de Minas,0,,MG,Minas Gerais,2493,7172,356,94.217,33,102.37,45.83,2,0,0,0
3137007,Ladainha,0,,MG,Minas Gerais,4706,14324,866,78.082,33,96.65,58.47,170,163,12,0
3145455,Olhos-d'Água,0,,MG,Minas Gerais,1943,5380,2092,87.908,33,107.04,41.84,3,0,68,0
3156304,Rodeiro,0,,MG,Minas Gerais,3081,8622,73,95.154,33,100.23,48.6,1,0,0,0
3123528,Durandé,0,,MG,Minas Gerais,2732,7811,217,88.495,33,104.96,49.73,3,0,0,0
3145059,Nova Porteirinha,0,,MG,Minas Gerais,2254,6702,121,8.525,33,100.48,50.28,5,0,111,0
3170651,Vargem Grande do Rio Pardo,0,,MG,Minas Gerais,1419,4631,492,80.616,33,106.09,56.21,1,0,0,0
3109402,Buritizeiro,0,,MG,Minas Gerais,8176,23868,7218,88.746,33,98.29,47.89,131,0,0,0
3124104,Esmeraldas,0,Região Metropolitana de Belo Horizonte,MG,Minas Gerais,30198,85407,910,94.838,33,98.28,42.02,99,0,1,0
3157906,Santa Margarida,0,,MG,Minas Gerais,5565,16387,256,91.713,33,103.54,47.93,3,0,0,0
3170909,Varzelândia,0,,MG,Minas Gerais,6295,18832,815,8.213,33,102.47,51.3,9,0,1990,1293
3132503,Itamarandiba,0,,MG,Minas Gerais,11699,32787,2736,86.108,33,100.76,48.53,14,0,992,0
3109303,Buritis,0,Região Integrada de Desenvolvimento do Distrito Federal e Entorno,MG,Minas Gerais,8737,23853,5225,90.074,33,101.31,45.44,19,0,0,0
3130200,Igaratinga,0,,MG,Minas Gerais,3839,10773,218,93.943,33,104.22,48.8,0,0,0,0
3149804,Perdizes,0,,MG,Minas Gerais,5936,16909,2451,93.211,33,106.51,41.47,14,0,0,0
3150570,Pintópolis,0,,MG,Minas Gerais,2276,7078,1229,86.299,33,103.74,60.3,1,0,57,0
3145877,Orizânia,0,,MG,Minas Gerais,3015,8437,122,88.956,33,102.91,49.25,17,0,221,0
3138682,Luislândia,0,,MG,Minas Gerais,1981,6207,412,87.469,33,103.34,51.5,14,0,483,0
3129806,Ibirité,0,Região Metropolitana de Belo Horizonte,MG,Minas Gerais,58753,170250,72,95.753,33,94.01,38.7,140,0,0,0
3139409,Manhuaçu,0,,MG,Minas Gerais,33275,91469,628,94.882,33,96.51,49.42,23,0,0,0
3112109,Caparaó,0,,MG,Minas Gerais,1852,5039,131,90.406,33,105.12,46.71,0,0,0,0
3144359,Naque,0,Colar Metropolitano,MG,Minas Gerais,2180,6299,127,89.971,33,96.05,50.68,5,0,0,0
5008305,Três Lagoas,0,,MS,Mato Grosso do Sul,47895,131075,10217,96.173,33,95.86,39.92,215,0,4,0
5004304,Iguatemi,0,,MS,Mato Grosso do Sul,5061,13766,2957,89.386,33,97.37,47.32,788,0,0,0
5003751,Eldorado,0,,MS,Mato Grosso do Sul,4176,11331,1013,90.736,33,96.18,44.73,775,291,0,0
5005707,Naviraí,0,,MS,Mato Grosso do Sul,18563,49847,3190,92.714,33,97.11,38.93,587,0,0,0
5002209,Bonito,0,,MS,Mato Grosso do Sul,8260,23415,5373,93.418,33,99.03,38.04,526,0,72,0
5006275,Paraíso das Águas,0,,MS,Mato Grosso do Sul,1954,5484,5061,92.809,33,109.35,31.73,11,0,0,0
5004601,Itaquiraí,0,,MS,Mato Grosso do Sul,6918,19259,2064,89.602,33,103.72,39.37,140,0,0,0
5001102,Aquidauana,0,,MS,Mato Grosso do Sul,15929,46541,17087,93.302,33,99.11,51.97,9417,4995,38,0
5001003,Aparecida do Taboado,0,,MS,Mato Grosso do Sul,10296,27596,2751,93.333,33,99.32,46.39,19,0,0,0
5001904,Bataguassu,0,,MS,Mato Grosso do Sul,8238,22835,2392,93.474,33,99.47,38.79,77,0,0,0
5101803,Barra do Garças,0,,MT,Mato Grosso,25285,69011,8363,9.569,33,96.4,45.25,4080,3776,0,0
5105234,Lambari D'Oeste,0,,MT,Mato Grosso,1723,4780,1811,84.939,33,105.05,40,0,0,0,0
5105903,Nobres,0,Entorno Metropolitano da RM Vale do Rio Cuiabá,MT,Mato Grosso,5262,15439,3909,91.776,33,104.16,41.56,213,195,0,0
5106828,Porto Esperidião,0,,MT,Mato Grosso,3457,10136,5835,88.181,33,106.06,38.5,296,156,0,0
5106455,Planalto da Serra,0,Entorno Metropolitano da RM Vale do Rio Cuiabá,MT,Mato Grosso,1120,3164,2438,91.458,33,106.52,41.91,0,0,0,0
5102504,Cáceres,0,,MT,Mato Grosso,31076,89228,24496,9.224,33,98.01,43.48,202,0,781,0
5107305,São José do Rio Claro,0,,MT,Mato Grosso,5189,14768,4525,90.532,33,103.06,34.41,14,0,0,0
5105309,Luciara,0,,MT,Mato Grosso,821,2503,4283,913,33,102.34,40.1,726,230,0,0
5100250,Alta Floresta,0,,MT,Mato Grosso,20928,58475,8955,942,33,100.89,38.36,120,0,0,0
5103452,Denise,0,,MT,Mato Grosso,2480,7013,1273,88.616,33,103.01,35.51,2,0,0,0
5108956,Nova Monte Verde,0,,MT,Mato Grosso,2987,8290,5139,91.022,33,110.24,36.85,7,0,0,0
1504406,Marapanim,0,,PA,Pará,8375,26496,805,92.723,33,105.58,49.18,10,0,0,0
1500800,Ananindeua,0,Região Metropolitana de Belém,PA,Pará,154891,477381,191,97.199,33,90.39,39.6,506,0,362,316
1507409,São Francisco do Pará,0,,PA,Pará,4949,14882,479,88.664,33,102.69,44.55,24,0,0,0
2512309,Princesa Isabel,0,,PB,Paraíba,7352,21060,369,82.125,33,96.03,52.01,35,0,23,0
2505006,Cubati,0,,PB,Paraíba,2627,7542,164,80.584,33,98.9,55.09,10,0,0,0
2508307,Lagoa Seca,0,Região Metropolitana de Campina Grande,PB,Paraíba,9172,27623,108,84.582,33,94.98,48.03,19,0,0,0
2513901,São Bento,0,,PB,Paraíba,10940,32200,246,76.852,33,93.14,46.29,8,0,354,0
2501302,Aroeiras,0,Região Metropolitana de Campina Grande,PB,Paraíba,6588,18674,376,73.755,33,98.19,57.76,6,0,0,0
2506004,Esperança,0,Região Metropolitana de Esperança,PB,Paraíba,10821,31141,158,81.837,33,94.07,51.59,45,0,0,0
2515005,São Miguel de Taipu,0,Região Metropolitana de Itabaiana,PB,Paraíba,2281,7061,92,74.721,33,98.54,43.31,2,0,0,0
2514305,São José de Caiana,0,Região Metropolitana do Vale do Piancó,PB,Paraíba,1675,5034,183,73.881,33,102.49,57.53,0,0,0,0
2501005,Araruna,0,Região Metropolitana de Araruna,PB,Paraíba,5768,17141,247,69.996,33,95.02,52.84,4,0,0,0
2502508,Boqueirão,0,Região Metropolitana de Campina Grande,PB,Paraíba,5966,17545,373,81.561,33,97.55,49.56,19,0,0,0
2507002,Itaporanga,0,Região Metropolitana do Vale do Piancó,PB,Paraíba,8186,23858,460,83.073,33,96.15,49.44,9,0,0,0
2506251,Gado Bravo,0,Região Metropolitana de Campina Grande,PB,Paraíba,2749,8175,192,7.485,33,97.85,54.8,5,0,0,0
2511509,Pilar,0,Região Metropolitana de Itabaiana,PB,Paraíba,4152,12250,103,73.685,33,97.07,45.36,5,0,0,0
2516151,Sossêgo,0,Região Metropolitana de Barra de Santa Rosa,PB,Paraíba,1160,3345,147,75.937,33,98.75,54.86,2,0,0,0
2509404,Mogeiro,0,Região Metropolitana de Itabaiana,PB,Paraíba,4796,13897,214,74.583,33,95.87,49.79,5,0,171,167
2515302,Sapé,0,,PB,Paraíba,16897,51169,314,7.635,33,95.37,49.84,31,0,0,0
2506103,Fagundes,0,Região Metropolitana de Campina Grande,PB,Paraíba,3784,11046,185,74.813,33,97.73,57.56,8,0,0,0
2511806,Pirpirituba,0,Região Metropolitana de Guarabira,PB,Paraíba,3088,9337,81,78.743,33,99.02,53.59,1,0,0,0
2505238,Cuité de Mamanguape,0,Região Metropolitana do Vale do Mamanguape,PB,Paraíba,2102,6245,108,69.405,33,100.74,56.99,3,0,0,0
2509909,Natuba,0,Região Metropolitana de Campina Grande,PB,Paraíba,3082,8943,202,69.997,33,100.92,56.32,0,0,0,0
2516607,Tavares,0,,PB,Paraíba,4796,14097,240,75.942,33,98.1,56.05,2,0,814,0
2516755,Tenório,0,,PB,Paraíba,1076,2964,87,78.886,33,102.46,48.15,0,0,0,0
2504355,Caturité,0,Região Metropolitana de Campina Grande,PB,Paraíba,1802,5254,118,83.638,33,97.59,50.83,1,0,0,0
2517001,Umbuzeiro,0,Região Metropolitana de Campina Grande,PB,Paraíba,2998,9101,186,7.119,33,94.33,55.42,0,0,0,0
2509206,Massaranduba,0,Região Metropolitana de Campina Grande,PB,Paraíba,4859,14137,209,7.812,33,97.47,53.48,1,0,0,0
2507200,Itatuba,0,Região Metropolitana de Campina Grande,PB,Paraíba,3484,10459,252,72.189,33,97.83,51.93,4,0,0,0
2508554,Logradouro,0,Região Metropolitana de Guarabira,PB,Paraíba,1537,4795,43,77.237,33,98.06,44.89,0,0,0,0
2505402,Desterro,0,Região Metropolitana de Patos,PB,Paraíba,2842,8067,182,79.968,33,94.06,55.09,6,0,36,0
2503803,Caldas Brandão,0,Região Metropolitana de Itabaiana,PB,Paraíba,2015,5748,56,73.657,33,94.1,51.18,0,0,0,0
2507606,Juarez Távora,0,Região Metropolitana de Itabaiana,PB,Paraíba,2799,7794,76,71.959,33,94.85,51.72,10,0,0,0
2512036,Poço Dantas,0,Região Metropolitana de Cajazeiras,PB,Paraíba,1277,3830,98,70.524,33,97.73,53.58,1,0,0,0
2515971,Sobrado,0,,PB,Paraíba,2762,8236,62,75.058,33,96.52,51.46,4,0,0,0
2511202,Pedras de Fogo,0,Região Metropolitana de João Pessoa,PB,Paraíba,9752,29574,407,76.744,33,97.3,42.7,23,0,13,0
2509503,Montadas,0,Região Metropolitana de Esperança,PB,Paraíba,1951,5811,32,83.188,33,97.08,51.54,0,0,0,0
2510204,Nova Olinda,0,Região Metropolitana do Vale do Piancó,PB,Paraíba,1970,5787,82,75.383,33,100.87,52.64,0,0,0,0
2515708,Serra Grande,0,Região Metropolitana do Vale do Piancó,PB,Paraíba,1046,2941,64,81.308,33,95.48,49.56,0,0,0,0
2501104,Areia,0,Região Metropolitana de Esperança,PB,Paraíba,7361,22581,269,78.226,33,94.96,51.14,21,0,234,89
2500106,Água Branca,0,,PB,Paraíba,3267,9335,242,81.319,33,98.03,53.91,5,0,0,0
2512705,Remígio,0,Região Metropolitana de Esperança,PB,Paraíba,5974,17796,183,78.839,33,90.06,56.16,19,0,0,0
2608057,Jatobá,0,,PE,Pernambuco,4687,13990,278,82.634,33,95.95,44.63,5555,3695,0,0
2608453,Lagoa do Carro,0,,PE,Pernambuco,6337,17969,70,81.187,33,91.29,44.14,22,0,265,0
2614402,Solidão,0,,PE,Pernambuco,1796,5196,138,79.482,33,103.99,50.53,7,0,0,0
2611200,Poção,0,,PE,Pernambuco,3844,10495,205,75.841,33,89.7,52.53,551,378,0,0
2600302,Agrestina,0,,PE,Pernambuco,8551,23755,200,76.738,33,92.68,51.02,34,0,955,0
2606002,Garanhuns,0,,PE,Pernambuco,49029,142079,459,87.837,33,87.87,45.35,432,0,5933,1098
2601805,Betânia,0,,PE,Pernambuco,3774,11216,1244,74.179,33,99.57,54.13,29,0,2449,0
2601003,Angelim,0,,PE,Pernambuco,3476,10226,118,76.823,33,96,55.62,14,0,328,0
2606200,Goiana,0,,PE,Pernambuco,27962,80855,445,86.252,33,91.73,42.43,83,0,2443,0
2610905,Pesqueira,0,,PE,Pernambuco,22033,62049,960,81.781,33,93.56,51.31,22708,7911,310,0
2614303,Moreilândia,0,,PE,Pernambuco,3487,10531,404,80.819,33,99.85,56.43,7,0,0,0
2603306,Calçado,0,,PE,Pernambuco,3765,11082,122,76.046,33,98.69,48.76,7,0,13,0
2604502,Chã Grande,0,,PE,Pernambuco,7287,20529,85,77.054,33,97.73,49.65,18,0,5,0
2605202,Escada,0,,PE,Pernambuco,21041,59736,343,8.398,33,93.27,41.32,58,0,0,0
2612802,Santa Terezinha,0,,PE,Pernambuco,3734,10233,200,80.575,33,93.69,51.71,6,0,47,0
2602704,Buenos Aires,0,,PE,Pernambuco,4424,12801,93,7.706,33,95.24,47.38,8,0,0,0
2608701,Lagoa dos Gatos,0,,PE,Pernambuco,4967,14067,225,70.893,33,95.5,52.62,6,0,619,0
2605004,Cupira,0,,PE,Pernambuco,8469,23508,95,80.571,33,88.9,52.62,26,0,553,0
2610103,Palmeirina,0,,PE,Pernambuco,2476,7030,169,75.096,33,91.74,55.43,18,0,13,0
2607604,Ilha de Itamaracá,0,Região Metropolitana de Recife,PE,Pernambuco,7778,21539,66,89.198,33,120.37,44.35,48,0,0,0
2608602,Lagoa do Ouro,0,,PE,Pernambuco,4152,11905,199,72.401,33,94.35,54.5,3,0,2,0
2610301,Paranatama,0,,PE,Pernambuco,4207,12187,185,75.991,33,96.13,52.45,16,0,26,0
2613305,São Joaquim do Monte,0,,PE,Pernambuco,7203,19992,227,72.335,33,98.7,50.12,15,0,0,0
2608503,Lagoa de Itaenga,0,,PE,Pernambuco,6707,18991,56,78.524,33,90.81,44.63,176,0,157,0
2614600,Tabira,0,,PE,Pernambuco,9976,27638,390,83.367,33,95.46,54.11,28,0,0,0
2610400,Parnamirim,0,,PE,Pernambuco,6086,18599,2610,78.206,33,101.41,52.77,9,0,0,0
2600104,Afogados da Ingazeira,0,,PE,Pernambuco,14825,40159,378,84.889,33,93.58,53.61,74,0,67,0
2604809,Cortês,0,,PE,Pernambuco,3611,10197,103,75.965,33,94.21,41.4,6,0,0,0
2611533,Quixaba,0,,PE,Pernambuco,2277,6551,211,78.567,33,99.7,52.39,4,0,320,0
2600906,Amaraji,0,,PE,Pernambuco,6408,18199,233,78.269,33,96.22,42.69,4,0,0,0
2616308,Vicência,0,,PE,Pernambuco,9077,26350,228,79.938,33,93.84,43.33,11,0,1107,0
2605152,Dormentes,0,,PE,Pernambuco,5812,17185,1539,80.316,33,100.16,50.52,18,0,1,0
2605103,Custódia,0,,PE,Pernambuco,13447,37671,1404,7.911,33,95.62,51.45,34,0,7740,0
2612554,Santa Filomena,0,,PE,Pernambuco,4091,12106,1005,7.577,33,103.02,57.73,4,0,22,0
2603108,Cachoeirinha,0,,PE,Pernambuco,7317,19896,179,80.701,33,93.48,52.3,7,0,16,0
2601508,Belém de Maria,0,,PE,Pernambuco,3410,10376,73,74.273,33,98.58,50.7,0,0,22,0
2609006,Macaparana,0,,PE,Pernambuco,7957,23804,108,77.672,33,95.7,53.24,24,0,0,0
2615508,Tracunhaém,0,,PE,Pernambuco,4665,13866,137,80.618,33,95.25,38.78,2,0,0,0
2610004,Palmares,0,,PE,Pernambuco,18422,53752,339,83.823,33,93.47,45.56,63,0,20,0
2202083,Cajueiro da Praia,0,Região Metropolitana de Parnaíba,PI,Piauí,2500,7946,271,80.862,33,104.08,45.32,1,0,0,0
2207702,Parnaíba,0,Região Metropolitana de Parnaíba,PI,Piauí,51548,161489,437,8.826,33,91.4,48.27,173,0,0,0
2202133,Campo Grande do Piauí,0,,PI,Piauí,2083,6014,312,74.454,33,100.07,49.6,8,0,123,0
2201929,Bonfim do Piauí,0,,PI,Piauí,1986,5913,289,7.053,33,103.9,52.72,19,0,230,20
2203255,Curralinhos,0,Região Integrada de Desenvolvimento da Grande Teresina,PI,Piauí,1423,4407,346,78.616,33,102.9,47.39,3,0,0,0
2202752,Colônia do Gurguéia,0,,PI,Piauí,2063,6143,430,83.688,33,98.84,49.19,3,0,0,0
2200202,Água Branca,0,,PI,Piauí,5880,17565,97,84.938,33,91.61,51.69,14,0,0,0
2201705,Bertolínia,0,,PI,Piauí,1763,5542,1216,83.364,33,103.89,51.4,13,0,0,0
2202026,Buriti dos Montes,0,,PI,Piauí,2363,7431,2437,76.572,33,107.48,60.54,9,0,16,0
2205508,José de Freitas,0,Região Integrada de Desenvolvimento da Grande Teresina,PI,Piauí,13258,42549,1538,81.103,33,97.3,47.39,12,0,0,0
2207306,Paes Landim,0,,PI,Piauí,1353,4088,401,80.416,33,105.74,51.62,0,0,0,0
2201556,Bela Vista do Piauí,0,,PI,Piauí,1233,4086,499,84.277,33,105.89,45.13,0,0,310,0
2205805,Luzilândia,0,,PI,Piauí,7890,25368,706,74.289,33,100.48,50.81,2,0,0,0
2209658,São Francisco de Assis do Piauí,0,,PI,Piauí,1885,5571,1072,74.369,33,103.95,41.43,6,0,41,0
2207405,Palmeira do Piauí,0,,PI,Piauí,1604,4942,2024,80.737,33,108.77,48.4,1,0,0,0
2200400,Altos,0,Região Integrada de Desenvolvimento da Grande Teresina,PI,Piauí,15172,46578,957,8.302,33,99.56,47.42,61,0,489,0
2202091,Caldeirão Grande do Piauí,0,,PI,Piauí,1857,5503,467,74.035,33,100.55,56.95,0,0,8,0
2200707,Anísio de Abreu,0,,PI,Piauí,3186,9389,338,77.164,33,103.13,45,13,0,0,0
2201919,Bom Princípio do Piauí,0,,PI,Piauí,1819,5634,523,77.321,33,109.99,46.59,0,0,0,0
2205581,Lagoa do Piauí,0,Região Integrada de Desenvolvimento da Grande Teresina,PI,Piauí,1591,4810,428,82.261,33,104.51,47.75,2,0,3,0
2208205,Pio IX,0,,PI,Piauí,6095,17594,1948,75.223,33,98.75,51.74,13,0,64,0
2208304,Piracuruca,0,,PI,Piauí,10018,28828,2369,76.738,33,96.85,51.93,19,0,0,0
2210631,Sebastião Leal,0,,PI,Piauí,1443,4446,3149,79.176,33,107.08,46.19,2,0,0,0
2210953,Tamboril do Piauí,0,,PI,Piauí,1005,2945,1587,73.746,33,105.22,43.6,0,0,0,0
2204907,Isaías Coelho,0,,PI,Piauí,2586,7767,801,72.329,33,98.11,50.75,1,0,2149,917
4119103,Piên,0,Região Metropolitana de Curitiba,PR,Paraná,4706,13646,255,97.347,33,102.45,42.57,7,0,0,0
4107207,Dois Vizinhos,0,,PR,Paraná,16963,44760,419,95.989,33,97.64,50.93,18,0,0,0
4128534,Ventania,0,,PR,Paraná,3444,9664,819,90.137,33,104.93,45.68,1,0,0,0
4115606,Matelândia,0,Região Metropolitana de Cascavel,PR,Paraná,6501,18374,640,94.526,33,97.24,52.19,2,0,0,0
4126306,Sengés,0,,PR,Paraná,6101,17247,1441,0.93,33,103.1,44.51,34,0,0,0
4114500,Manoel Ribas,0,,PR,Paraná,4939,14227,571,91.751,33,96.63,51.56,1891,1886,0,0
4103958,Campina do Simão,0,,PR,Paraná,1379,3936,448,93.039,33,114.5,49.82,2,0,0,0
4108650,Goioxim,0,,PR,Paraná,2305,6563,702,91.324,33,108.18,48.3,13,0,0,0
4128708,Vitorino,0,,PR,Paraná,3485,9702,308,95.584,33,101.2,45.08,60,0,0,0
4109401,Guarapuava,0,,PR,Paraná,63944,180659,3168,96.127,33,95.75,45.58,167,0,177,0
4113254,Laranjal,0,,PR,Paraná,1888,5597,559,86.095,33,104.23,42.48,1,0,0,0
4108304,Foz do Iguaçu,0,,PR,Paraná,100235,282282,609,96.069,33,94.01,42.61,469,0,0,0
4112009,Jaguariaíva,0,,PR,Paraná,12769,34951,1453,95.041,33,97.64,41.11,17,0,0,0
4118204,Paranaguá,0,,PR,Paraná,49001,145425,823,97.339,33,96.81,41.93,0,0,87,0
4118501,Pato Branco,0,,PR,Paraná,34318,91633,539,97.248,33,92.95,52.01,134,0,0,0
4115804,Medianeira,0,,PR,Paraná,19553,54215,329,9.647,33,98.12,50.15,43,0,0,0
4119905,Ponta Grossa,0,,PR,Paraná,127673,356311,2055,97.654,33,93.94,48.59,304,0,249,0
4104808,Cascavel,0,Região Metropolitana de Cascavel,PR,Paraná,129853,345798,2091,96.828,33,93.91,47.74,237,0,0,0
4108502,General Carneiro,0,,PR,Paraná,3835,11015,1071,91.499,33,99.46,43.75,34,0,0,0
4105805,Colombo,0,Região Metropolitana de Curitiba,PR,Paraná,81736,231946,198,96.836,33,94.43,38.59,254,0,0,0
4121257,Ramilândia,0,,PR,Paraná,1460,4210,237,8.742,33,104.8,49.89,5,0,0,0
4101606,Arapoti,0,,PR,Paraná,9190,25689,1358,94.328,33,99.47,45.32,21,0,180,0
4126272,Saudade do Iguaçu,0,,PR,Paraná,2119,6108,152,9.269,33,99.41,48,8,0,0,0
4104006,Campina Grande do Sul,0,Região Metropolitana de Curitiba,PR,Paraná,16927,47706,539,96.297,33,95.69,38.18,86,0,9,0
4101804,Araucária,0,Região Metropolitana de Curitiba,PR,Paraná,53283,151559,469,97.169,33,95.82,35.67,124,0,0,0
4103107,Bocaiúva do Sul,0,Região Metropolitana de Curitiba,PR,Paraná,4650,13256,826,9.435,33,99.68,46.14,15,0,34,0
4102901,Bituruna,0,,PR,Paraná,5183,15523,1235,94.343,33,104.3,44.89,12,0,0,0
4110953,Itaipulândia,0,,PR,Paraná,4120,11479,331,9.281,33,99.36,49.27,212,0,0,0
4110201,Inácio Martins,0,,PR,Paraná,3294,9660,936,92.763,33,103.54,45.8,128,111,0,0
4114104,Mandaguaçu,0,Região Metropolitana de Maringá,PR,Paraná,11311,31422,294,95.149,33,97.11,45.22,20,0,0,0
4124020,Santa Tereza do Oeste,0,Região Metropolitana de Cascavel,PR,Paraná,4667,13173,326,94.151,33,97.39,41.2,15,0,0,0
4103453,Cafelândia,0,Região Metropolitana de Cascavel,PR,Paraná,6776,18994,275,95.172,33,99.86,39.82,12,0,0,0
4127965,Turvo,0,,PR,Paraná,5015,14225,939,91.873,33,102.55,49.54,511,497,27,0
4125506,São José dos Pinhais,0,Região Metropolitana de Curitiba,PR,Paraná,117132,327721,946,97.635,33,95.42,37.23,254,0,0,0
4126678,Tamarana,0,Região Metropolitana de Londrina,PR,Paraná,3686,10604,472,89.252,33,100.58,51.74,1672,1636,0,0
4110508,Ipiranga,0,,PR,Paraná,4914,14137,901,95.132,33,107.73,45.48,5,0,0,0
2408300,Nova Cruz,0,,RN,Rio Grande do Norte,11514,34098,278,7.647,33,95.18,52.96,29,0,0,0
2404853,Itajá,0,,RN,Rio Grande do Norte,2398,7281,204,80.756,33,100.38,41.47,26,0,0,0
2401602,Bento Fernandes,0,,RN,Rio Grande do Norte,1553,4756,301,7.892,33,99.21,55.49,1,0,7,0
2414456,Triunfo Potiguar,0,,RN,Rio Grande do Norte,1128,3340,269,74.693,33,101.91,55.15,7,0,0,0
2404705,Ipanguaçu,0,,RN,Rio Grande do Norte,4471,14089,374,77.773,33,97.61,43.79,13,0,817,0
2406155,Jundiá,0,,RN,Rio Grande do Norte,1245,3727,45,75.468,33,103.54,54.75,1,0,545,0
2411205,Santa Cruz,0,,RN,Rio Grande do Norte,12786,37279,624,81.717,33,91.28,49.24,34,0,265,0
2401909,Caiçara do Rio do Vento,0,,RN,Rio Grande do Norte,1050,3268,261,79.172,33,101.11,54.3,1,0,0,0
2407906,Monte das Gameleiras,0,,RN,Rio Grande do Norte,796,2276,72,77.858,33,100,51.83,0,0,0,0
2411502,Santo Antônio,0,,RN,Rio Grande do Norte,7694,22169,301,76.855,33,99.56,55.01,54,0,812,0
2400307,Afonso Bezerra,0,,RN,Rio Grande do Norte,3368,10822,576,77.373,33,101.36,51.18,2,0,237,0
2412500,São Miguel,0,,RN,Rio Grande do Norte,8266,23517,166,7.613,33,93.86,58.13,7,0,337,0
2414001,Tangará,0,,RN,Rio Grande do Norte,4485,13252,339,79.609,33,96.84,47.81,2,0,0,0
2406502,Lagoa Nova,0,,RN,Rio Grande do Norte,5106,15562,176,80.577,33,95.62,49.47,9,0,1345,833
2413102,Senador Elói de Souza,0,,RN,Rio Grande do Norte,2039,5963,152,75.075,33,101.93,54.92,0,0,0,0
2405306,Boa Saúde,0,,RN,Rio Grande do Norte,3066,9043,171,72.167,33,106.17,51.59,2,0,3,0
2401701,Bom Jesus,0,Região Metropolitana de Natal,RN,Rio Grande do Norte,3455,9921,122,79.404,33,92.61,53.91,58,0,970,66
2401800,Brejinho,0,,RN,Rio Grande do Norte,4197,12171,62,78.899,33,96.3,50.66,3,0,0,0
2405405,Japi,0,,RN,Rio Grande do Norte,1776,5117,189,75.375,33,97.49,53.61,2,0,0,0
2411601,São Bento do Norte,0,,RN,Rio Grande do Norte,1046,3289,289,80.629,33,106.5,48.63,2,0,0,0
1100379,Alto Alegre dos Parecis,0,,RO,Rondônia,4036,11460,3958,90.791,33,104.98,40.05,109,85,0,0
1100098,Espigão D'Oeste,0,,RO,Rondônia,10470,29329,4518,92.009,33,100.72,41.06,719,468,0,0
1100189,Pimenta Bueno,0,,RO,Rondônia,12351,34768,6241,93.247,33,100.41,39.64,480,356,0,0
1100114,Jaru,0,,RO,Rondônia,18947,50354,2944,9.239,33,97.37,44.25,65,13,0,0
1101468,Pimenteiras do Oeste,0,,RO,Rondônia,740,2108,6015,93.152,33,102.63,32.71,166,0,506,0
1100403,Alto Paraíso,0,,RO,Rondônia,5762,16289,2652,91.732,33,104.56,39.21,10,0,0,0
1100049,Cacoal,0,,RO,Rondônia,31917,86494,3793,93.716,33,95.93,43.5,1688,1248,0,0
1100700,Campo Novo de Rondônia,0,,RO,Rondônia,3066,8818,3442,90.457,33,111.53,33.53,3,0,0,0
1100288,Rolim de Moura,0,,RO,Rondônia,20991,56137,1458,93.503,33,97.46,42.07,98,0,0,0
4304358,Candiota,0,,RS,Rio Grande do Sul,4103,10624,934,95.509,33,104.55,41.41,32,0,220,0
4200101,Abelardo Luz,0,Região Metropolitana do Extremo Oeste,SC,Santa Catarina,6030,17284,954,92.662,33,100.51,43.83,504,317,0,0
4219853,Zortéa,0,Região Metropolitana do Contestado,SC,Santa Catarina,1463,3929,190,95.415,33,104.16,47.13,0,0,0,0
4206652,Guatambú,0,Região Metropolitana de Chapecó,SC,Santa Catarina,2913,8425,206,94.649,33,106.29,42.14,4,0,0,0
4216305,São João Batista,0,Região Metropolitana de Florianópolis,SC,Santa Catarina,11626,32640,201,97.811,33,97.84,36.6,40,0,0,0
4203501,Campo Erê,0,Região Metropolitana do Extremo Oeste,SC,Santa Catarina,3485,9575,479,91.473,33,101.28,56.16,15,0,0,0
4208203,Itajaí,0,Região Metropolitana da Foz do Rio Itajaí,SC,Santa Catarina,94053,262626,289,98.115,33,96.57,38.77,308,0,0,0
4203006,Caçador,0,Região Metropolitana do Contestado,SC,Santa Catarina,26333,73606,983,96.423,33,98.21,44.39,16,0,0,0
4211900,Palhoça,0,Região Metropolitana de Florianópolis,SC,Santa Catarina,81734,221569,395,97.739,33,96.1,38.2,687,212,38,0
4211306,Navegantes,0,Região Metropolitana da Foz do Rio Itajaí,SC,Santa Catarina,29442,86202,111,97.307,33,96.98,39.63,144,0,0,0
4207502,Indaial,0,Região Metropolitana do Vale do Itajaí,SC,Santa Catarina,25814,71407,431,98.035,33,98.55,44.47,53,0,0,0
4213401,Ponte Serrada,0,Região Metropolitana de Chapecó,SC,Santa Catarina,3780,10617,561,93.339,33,98.19,49.68,18,0,0,0
4218509,Treze Tílias,0,Região Metropolitana do Contestado,SC,Santa Catarina,3253,8787,186,97.158,33,98.35,45.5,6,0,0,0
4214003,Presidente Getúlio,0,Região Metropolitana do Alto Vale do Itajaí,SC,Santa Catarina,7008,19993,297,97.961,33,98.61,50.68,64,0,0,0
4202800,Braço do Norte,0,Região Metropolitana de Tubarão,SC,Santa Catarina,11856,33733,212,97.527,33,98.29,46.68,6,0,0,0
4207106,Ilhota,0,Região Metropolitana do Vale do Itajaí,SC,Santa Catarina,5861,17033,253,96.156,33,102.98,40.14,123,0,0,0
4212908,Pinhalzinho,0,Região Metropolitana de Chapecó,SC,Santa Catarina,8160,21917,129,96.612,33,98.12,49.7,13,0,0,0
4210001,Luiz Alves,0,Região Metropolitana do Vale do Itajaí,SC,Santa Catarina,3984,11680,260,96.918,33,102.71,46.21,3,0,0,0
2806909,São Francisco,0,,SE,Sergipe,1142,3243,84,78.985,33,95.72,44.16,11,0,42,0
2807501,Tomar do Geru,0,,SE,Sergipe,4364,11976,305,74.028,33,99.83,43.47,27,0,0,0
2802106,Estância,0,,SE,Sergipe,23221,64885,647,86.085,33,91.48,41.79,139,0,1489,88
2805703,Propriá,0,,SE,Sergipe,9183,26548,96,85.342,33,91.97,41.44,95,0,10,0
2804607,Nossa Senhora das Dores,0,,SE,Sergipe,9129,24952,482,79.107,33,94.61,49.87,39,0,0,0
2803500,Lagarto,0,,SE,Sergipe,36747,101428,969,81.559,33,93.71,49.26,108,0,1174,0
2807105,Simão Dias,0,,SE,Sergipe,15526,42480,560,80.652,33,93.72,51.86,36,0,1330,0
2800100,Amparo de São Francisco,0,,SE,Sergipe,743,2169,36,81.265,33,100.18,40.59,0,0,338,338
2800407,Arauá,0,,SE,Sergipe,3630,10307,199,75.994,33,95.38,45.29,4,0,41,0
2801405,Carira,0,,SE,Sergipe,7399,19883,639,74.831,33,96.4,54.67,14,0,0,0
2803906,Malhador,0,,SE,Sergipe,4176,11523,102,79.308,33,95.81,45.28,13,0,0,0
2803302,Japaratuba,0,,SE,Sergipe,5679,16198,366,84.721,33,93.24,44.88,17,0,725,561
2806602,Santo Amaro das Brotas,0,,SE,Sergipe,3791,11045,237,83.856,33,95.08,42.92,13,0,0,0
2807402,Tobias Barreto,0,,SE,Sergipe,18570,50267,1025,7.992,33,95.32,52.91,61,0,7,0
2805000,Pedra Mole,0,,SE,Sergipe,957,2778,82,82.063,33,97.86,51.62,0,0,0,0
2805802,Riachão do Dantas,0,,SE,Sergipe,6273,18304,531,73.908,33,99.53,54.53,1,0,615,0
2804409,Neópolis,0,,SE,Sergipe,5729,16416,271,80.613,33,96.34,43.68,21,0,2,0
2801009,Campo do Brito,0,,SE,Sergipe,6792,18137,202,79.482,33,92.99,51.45,4,0,0,0
3523503,Itatinga,0,,SP,São Paulo,6025,18058,980,94.273,33,112.64,48.03,13,0,0,0
3515194,Espírito Santo do Turvo,0,,SP,São Paulo,1482,4155,194,91.659,33,98.99,44.71,1,0,0,0
3533254,Novais,0,,SP,São Paulo,1593,4412,118,94.585,33,101,46.17,0,0,0,0
3505609,Barrinha,0,Região Metropolitana de Ribeirão Preto,SP,São Paulo,11196,32086,146,93.736,33,97.27,37.05,50,0,9,0
3510302,Capela do Alto,0,Região Metropolitana de Sorocaba,SP,São Paulo,7119,20621,170,95.576,33,121.27,50.18,11,0,0,0
3516408,Franco da Rocha,0,Região Metropolitana de São Paulo,SP,São Paulo,49319,140159,133,95.958,33,100.89,42.31,104,0,0,0
3527306,Louveira,0,Região Metropolitana de Jundiaí,SP,São Paulo,17902,51763,56,96.534,33,98.91,39.41,35,0,0,0
3553005,Taguaí,0,,SP,São Paulo,4353,12657,145,95.531,33,98.14,49.01,18,0,0,0
3551504,Serrana,0,Região Metropolitana de Ribeirão Preto,SP,São Paulo,14890,43784,126,95.532,33,96.65,41.78,13,0,0,0
3507456,Borebi,0,,SP,São Paulo,966,2713,348,96.558,33,96.31,46.96,13,0,0,0
3540200,Pontal,0,Região Metropolitana de Ribeirão Preto,SP,São Paulo,13115,37014,356,94.144,33,101.15,40.62,29,0,0,0
3521002,Iperó,0,Região Metropolitana de Sorocaba,SP,São Paulo,11765,33604,170,95.974,33,115.94,44.16,18,0,0,0
3509957,Canas,0,Região Metropolitana do Vale do Paraíba e Litoral Norte,SP,São Paulo,1575,4913,53,95.857,33,99.96,41.54,1,0,0,0
3524006,Itupeva,0,Região Metropolitana de Jundiaí,SP,São Paulo,23690,70552,201,97.414,33,100.33,37.53,43,0,0,0
3508405,Cabreúva,0,Região Metropolitana de Jundiaí,SP,São Paulo,15550,46900,260,96.303,33,98.07,41.28,89,0,0,0
3512209,Conchal,0,Região Metropolitana de Piracicaba,SP,São Paulo,9456,28039,183,93.883,33,99.45,50.12,12,0,0,0
3533205,Nova Independência,0,,SP,São Paulo,1471,4020,265,96.121,33,122.66,49.82,1,0,0,0
3509205,Cajamar,0,Região Metropolitana de São Paulo,SP,São Paulo,32640,92567,131,9.653,33,96.09,31.95,74,0,0,0
3515004,Embu das Artes,0,Região Metropolitana de São Paulo,SP,São Paulo,87990,250148,70,95.753,33,92.75,39.46,244,0,0,0
3532207,Narandiba,0,,SP,São Paulo,2063,5710,357,93.897,33,98.64,41.07,1,0,0,0
3515707,Ferraz de Vasconcelos,0,Região Metropolitana de São Paulo,SP,São Paulo,61301,178297,30,96.146,33,93.58,39.61,222,0,0,0
3514007,Dobrada,0,,SP,São Paulo,3076,8758,150,90.765,33,98.84,44.99,17,0,0,0
3506359,Bertioga,0,Região Metropolitana da Baixada Santista,SP,São Paulo,22728,63985,492,96.457,33,99.03,40.87,386,179,0,0
3549508,São José da Bela Vista,0,Aglomeração Urbana de Franca,SP,São Paulo,2667,7597,277,93.243,33,100.68,54.74,1,0,0,0
3504404,Avanhandava,0,,SP,São Paulo,3539,9981,338,94.768,33,122.68,55.68,3,0,0,0
3525409,Jeriquara,0,Aglomeração Urbana de Franca,SP,São Paulo,1318,3863,142,94.325,33,106.58,42.69,4,0,0,0
3509254,Cajati,0,,SP,São Paulo,9915,28511,454,9.355,33,101.09,47.79,23,0,101,0
3540754,Potim,0,Região Metropolitana do Vale do Paraíba e Litoral Norte,SP,São Paulo,5742,17525,45,95.245,33,129.02,39.35,7,0,0,0
1721257,Tupirama,0,,TO,Tocantins,658,1909,707,87.973,33,111.41,40.31,9,0,0,0
1710904,Itapiratins,0,,TO,Tocantins,1274,3575,1246,84.096,33,107.24,48.72,8,0,0,0
1709302,Guaraí,0,,TO,Tocantins,8831,24646,2107,92.253,33,99.9,47.15,36,0,0,0
1720002,Santa Terezinha do Tocantins,0,,TO,Tocantins,791,2406,274,84.687,33,103.38,47.26,0,0,0,0
1703867,Cariri do Tocantins,0,Região Metropolitana de Gurupi,TO,Tocantins,1280,3628,1126,91.153,33,127.28,48.27,3,0,0,0
1718709,Rio dos Bois,0,,TO,Tocantins,961,2738,847,8.613,33,103.12,46.25,2,0,0,0
1718451,Pugmil,0,Região Metropolitana de Palmas,TO,Tocantins,785,2187,401,90.029,33,107.87,44.78,2,0,0,0
1712009,Lajeado,0,Região Metropolitana de Palmas,TO,Tocantins,1164,3334,318,93.573,33,112.47,42.27,13,0,0,0
1720937,Taipas do Tocantins,0,,TO,Tocantins,680,2019,1105,85.903,33,110.96,45.53,2,0,0,0
1701101,Aparecida do Rio Negro,0,Região Metropolitana de Palmas,TO,Tocantins,1659,4826,1159,88.967,33,108.86,47.17,22,0,0,0
1708205,Formoso do Araguaia,0,Região Metropolitana de Gurupi,TO,Tocantins,6457,18814,13432,89.842,33,107.6,43.07,1633,1402,0,0
1718881,Santa Maria do Tocantins,0,,TO,Tocantins,922,2657,1412,88.089,33,107.75,44.36,39,0,0,0
1709500,Gurupi,0,Região Metropolitana de Gurupi,TO,Tocantins,30592,85026,1844,95.565,33,94.47,41.19,801,0,0,0
1700707,Alvorada,0,Região Metropolitana de Gurupi,TO,Tocantins,3123,8782,1207,91.229,33,96.3,47.49,9,0,0,0
1720655,Silvanópolis,0,Região Metropolitana de Palmas,TO,Tocantins,1728,5108,1259,88.779,33,102.86,48,25,0,0,0
1703602,Brasilândia do Tocantins,0,,TO,Tocantins,689,1974,646,86.591,33,104.77,42.95,3,0,0,0
1712405,Lizarda,0,,TO,Tocantins,987,2994,5717,83.289,33,114.06,50.07,2,0,0,0
1705102,Chapada da Natividade,0,,TO,Tocantins,1028,3117,1641,85.989,33,111.04,46.56,0,0,1304,0
2700805,Belém,0,Região Metropolitana do Agreste,AL,Alagoas,1676,4719,67,76.026,35,92.73,56.6,23,0,138,0
2702553,Estrela de Alagoas,0,Região Metropolitana do Agreste,AL,Alagoas,5540,15426,261,65.802,35,94.93,66.38,17,0,49,0
2903706,Boa Nova,0,,BA,Bahia,4728,13670,849,72.874,35,99.24,73.36,653,0,0,0
2917359,Jaborandi,0,,BA,Bahia,3257,9264,9955,80.079,35,105.75,61.61,18,0,0,0
2929370,São José do Jacuípe,0,,BA,Bahia,3816,10176,362,78.317,35,97.92,58.94,0,0,0,0
2920007,Maiquinique,0,,BA,Bahia,3173,8730,588,83.013,35,100.3,57.15,86,0,133,0
2922409,Mutuípe,0,,BA,Bahia,7460,20017,276,82.191,35,92.57,57.18,7,0,20,0
2930766,Sítio do Quinto,0,,BA,Bahia,5121,14755,684,71.809,35,102.98,71.61,23,0,18,0
2901908,Aporá,0,,BA,Bahia,5647,15860,479,78.468,35,101.37,62.45,43,0,27,0
2904209,Botuporã,0,,BA,Bahia,3637,11020,628,77.244,35,100.87,73.07,7,0,85,0
2911303,Gentio do Ouro,0,,BA,Bahia,3651,10883,3818,81.847,35,105.36,64.36,7,0,833,0
2918001,Jequié,0,,BA,Bahia,57855,158203,2969,88.194,35,92.02,54.52,285,0,3548,0
2918308,Jitaúna,0,,BA,Bahia,5121,14285,262,76.894,35,102.64,65.16,7,0,0,0
2918456,Jucuruçu,0,,BA,Bahia,3499,9638,1458,72.977,35,111.36,59.64,37,0,0,0
2902203,Aramari,0,,BA,Bahia,3492,9808,369,83.529,35,93.83,54.88,198,0,1632,0
2906303,Canavieiras,0,,BA,Bahia,11903,32335,1334,83.636,35,99.85,57.61,586,0,0,0
2926400,Riacho de Santana,0,,BA,Bahia,10101,30694,3184,78.515,35,101.07,61.99,45,0,4044,504
2903235,Barro Alto,0,,BA,Bahia,4748,13447,415,88.495,35,102.06,58.47,273,0,2050,0
2915809,Itambé,0,,BA,Bahia,8090,24328,1535,79.943,35,101.7,55.81,68,0,99,0
2915106,Itagi,0,,BA,Bahia,4652,13778,311,79.511,35,101.42,63.93,104,0,0,0
2928307,Santanópolis,0,Área de Expansão Metropolitana,BA,Bahia,3033,8716,223,81.565,35,90.26,67.87,234,0,1681,0
2908507,Conceição do Jacuípe,0,Região Metropolitana de Feira de Santana,BA,Bahia,12812,35285,115,91.091,35,90.63,49.53,520,0,0,0
2925006,Planalto,0,,BA,Bahia,8313,23325,769,77.919,35,93.98,60.97,41,0,266,0
2926657,Ribeirão do Largo,0,,BA,Bahia,3308,9619,1364,73.988,35,111.1,55.12,387,0,227,0
2918803,Laje,0,,BA,Bahia,7523,21007,450,79.076,35,99.09,51.58,35,0,80,0
2919603,Macajuba,0,,BA,Bahia,3881,10452,701,78.447,35,95.47,61.26,13,0,0,0
2925204,Pojuca,0,Região Metropolitana de Salvador,BA,Bahia,11843,32115,315,91.305,35,88,45.8,237,0,540,0
2914505,Irará,0,Área de Expansão Metropolitana,BA,Bahia,9942,27985,268,83.863,35,92.31,62.47,689,0,4269,0
2920502,Maracás,0,,BA,Bahia,9980,27582,2413,81.718,35,96.42,58.29,1575,0,0,0
2906501,Candeias,0,Região Metropolitana de Salvador,BA,Bahia,26441,72319,252,92.815,35,88.21,45.34,578,0,814,0
2924108,Pedrão,0,,BA,Bahia,2107,6232,158,84.742,35,93.15,70.83,20,0,543,0
2911501,Gongogi,0,,BA,Bahia,1986,5550,202,8.026,35,99.46,62.73,2,0,21,0
2919207,Lauro de Freitas,0,Região Metropolitana de Salvador,BA,Bahia,75302,202591,58,96.316,35,88.19,42.66,4752,0,4793,0
2907301,Castro Alves,0,,BA,Bahia,8706,24673,714,82.529,35,90.11,60.73,18,0,75,0
2919801,Macaúbas,0,,BA,Bahia,14083,41763,2459,80.145,35,98.5,68.9,2279,0,410,0
2931905,Tucano,0,,BA,Bahia,17387,48660,2198,76.957,35,98.23,61.55,556,0,131,0
2904902,Cachoeira,0,,BA,Bahia,10718,29182,395,86.807,35,91.63,56.88,242,0,6971,1410
2918209,Jiquiriçá,0,,BA,Bahia,4812,13605,239,80.511,35,99.75,58.18,1,0,0,0
2925956,Rafael Jambeiro,0,,BA,Bahia,6644,19651,1091,76.172,35,92.93,70.36,19,0,0,0
2900702,Alagoinhas,0,,BA,Bahia,55585,150814,708,92.466,35,88.07,49.75,1355,0,4084,0
2904001,Boninal,0,,BA,Bahia,4339,13540,897,85.329,35,95.97,65.38,8,0,3077,0
2916203,Itapé,0,,BA,Bahia,3715,10314,453,81.557,35,100.68,56.7,36,0,0,0
2924306,Piatã,0,,BA,Bahia,6544,20040,1826,83.604,35,94.69,70.7,563,0,3103,0
2911600,Governador Mangabeira,0,,BA,Bahia,7000,20458,107,84.768,35,88.24,53.71,377,0,94,0
2925808,Queimadas,0,,BA,Bahia,9032,25974,2011,82.141,35,97.55,60.05,65,0,0,0
2912608,Ibiquera,0,,BA,Bahia,1286,3724,698,81.367,35,104.78,60.49,5,0,0,0
2929354,São José da Vitória,0,,BA,Bahia,2061,5314,128,78.303,35,101.55,57.7,112,0,1,0
2927309,Salinas da Margarida,0,,BA,Bahia,5330,14981,151,9.126,35,91.7,50.11,58,0,1930,0
2901957,Apuarema,0,,BA,Bahia,2489,6880,151,76.122,35,101.55,63.45,336,0,0,0
2907608,Central,0,,BA,Bahia,5726,16317,567,85.189,35,102.48,60.78,45,0,2971,0
2914000,Ipirá,0,,BA,Bahia,21217,56832,3105,77.447,35,93.42,66.77,513,0,316,0
2921609,Morpará,0,,BA,Bahia,2766,7976,2094,81.069,35,104.97,62.39,2,0,0,0
2925907,Quijingue,0,,BA,Bahia,8778,25268,1381,71.217,35,104.37,68.42,191,0,24,0
2922508,Nazaré,0,,BA,Bahia,9972,26990,279,84.937,35,92.86,51.14,30,0,479,69
2923050,Novo Triunfo,0,,BA,Bahia,3262,10656,278,78.883,35,97.81,62.39,9,0,172,0
2909604,Crisópolis,0,,BA,Bahia,7269,19692,637,7.716,35,100.54,56.44,21,0,0,0
2917706,Jaguarari,0,,BA,Bahia,11861,32679,2466,84.316,35,100.69,58.86,212,0,3,0
2901353,Andorinha,0,,BA,Bahia,5961,14994,1362,8.078,35,98.97,61.34,481,0,0,0
2904308,Brejões,0,,BA,Bahia,4728,12900,519,79.198,35,96.85,65.88,103,0,31,0
2924652,Pintadas,0,,BA,Bahia,3566,10303,647,80.259,35,99.71,79.78,3,0,0,0
2915304,Itagimirim,0,,BA,Bahia,2345,6324,877,77.649,35,99.65,57.52,236,0,0,0
2930105,Senhor do Bonfim,0,,BA,Bahia,26895,74355,789,87.451,35,91.57,54.47,547,0,15973,2347
2910909,Firmino Alves,0,,BA,Bahia,1800,4868,172,83.865,35,101.53,65.65,19,0,1,0
2911907,Iaçu,0,,BA,Bahia,9006,24580,2342,78.081,35,93.79,59.78,41,0,39,0
2916401,Itapetinga,0,,BA,Bahia,24058,65763,1651,89.084,35,92.52,54.7,1284,0,0,0
2922904,Nova Soure,0,,BA,Bahia,8691,24198,967,77.073,35,99.08,62.12,871,0,11,0
2929602,Sapeaçu,0,,BA,Bahia,6357,17943,131,8.704,35,93.13,57.53,18,0,0,0
2911709,Guanambi,0,,BA,Bahia,30379,87691,1272,88.158,35,94.13,55.88,432,0,685,0
2926103,Retirolândia,0,,BA,Bahia,4969,13623,242,86.371,35,95.99,56.04,5,0,596,0
2919702,Macarani,0,,BA,Bahia,7239,21571,1210,79.611,35,95.08,56.57,23,0,15,0
2921500,Monte Santo,0,,BA,Bahia,16912,47747,3034,72.339,35,102.66,63.7,257,0,668,0
2309409,Novo Oriente,0,,CE,Ceará,9816,27530,947,7.293,35,98.19,64.29,602,0,1052,123
2304400,Fortaleza,1,Região Metropolitana de Fortaleza,CE,Ceará,860139,2424880,312,9.438,35,86.57,56.03,4834,0,39,0
2307502,Lavras da Mangabeira,0,,CE,Ceará,10477,30785,945,78.645,35,100.3,73,9,0,0,0
2309904,Pacujá,0,Região Metropolitana de Sobral,CE,Ceará,2199,6169,88,79.226,35,92.31,63.56,6,0,230,0
2314003,Várzea Alegre,0,,CE,Ceará,14046,38961,830,7.845,35,94.82,73.09,2,0,0,0
2309300,Nova Russas,0,,CE,Ceará,10843,30617,737,79.251,35,97.24,69.21,31,0,21,0
2300705,Alto Santo,0,,CE,Ceará,4972,14154,1147,79.672,35,96.71,58.47,5,0,0,0
2305332,Ibicuitinga,0,,CE,Ceará,4074,11579,424,75.633,35,104.1,58.69,6,0,0,0
2306702,Jaguaretama,0,,CE,Ceará,6050,17222,1827,76.711,35,103.06,68.33,3,0,0,0
2301703,Aurora,0,,CE,Ceará,8422,23699,886,77.555,35,98.88,67.06,6,0,45,0
2305506,Iguatu,0,,CE,Ceará,34954,97966,992,82.991,35,90.9,61.37,114,0,0,0
2305902,Ipueiras,0,,CE,Ceará,13285,36790,1483,75.309,35,98.48,64.89,62,0,581,0
2311264,Quiterianópolis,0,,CE,Ceará,6944,20209,1042,74.468,35,98.58,63.33,683,0,804,0
2305407,Icó,0,,CE,Ceará,21424,62610,1866,74.098,35,94.99,60.53,17,0,1,0
2301257,Ararendá,0,,CE,Ceará,3960,11069,342,77.289,35,101.09,64.73,15,0,0,0
2309003,Mucambo,0,Região Metropolitana de Sobral,CE,Ceará,4994,13663,192,75.969,35,94.15,68.27,8,0,75,0
2310506,Pedra Branca,0,,CE,Ceará,14235,40164,1302,76.491,35,97.46,70.91,10,0,0,0
2305209,Hidrolândia,0,,CE,Ceará,6340,17853,927,78.715,35,101.32,66.83,6,0,0,0
2306009,Iracema,0,,CE,Ceará,4795,13999,839,78.347,35,98.43,70.88,6,0,243,0
2308302,Milagres,0,,CE,Ceará,8755,25874,579,78.894,35,95.69,61.88,6,0,0,0
2302206,Beberibe,0,,CE,Ceará,18251,53025,1597,80.029,35,99.18,60.73,36,0,155,0
2311900,Saboeiro,0,,CE,Ceará,4926,13830,1381,72.297,35,99.86,67.25,3,0,0,0
2300408,Aiuaba,0,,CE,Ceará,4923,14059,2439,71.662,35,99.35,64.28,4,0,0,0
2304301,Farias Brito,0,Região Metropolitana do Cariri,CE,Ceará,6414,18202,531,75.107,35,99.09,69.88,8,0,0,0
2313203,Tamboril,0,,CE,Ceará,8624,24798,2015,74.911,35,99.03,69.68,584,0,978,351
2308609,Monsenhor Tabosa,0,,CE,Ceará,5827,17148,893,7.863,35,99.01,66.63,4861,0,19,0
2309458,Ocara,0,,CE,Ceará,8790,24476,763,75.945,35,100.16,61.6,19,0,88,0
2300804,Antonina do Norte,0,,CE,Ceará,2594,7241,260,73.352,35,96.02,70.46,4,0,0,0
2301000,Aquiraz,0,Região Metropolitana de Fortaleza,CE,Ceará,27749,79730,480,8.613,35,100.21,48.72,543,340,424,119
2304103,Crateús,0,,CE,Ceará,27119,76232,2981,8.212,35,94.77,64.66,3725,0,194,150
2313302,Tauá,0,,CE,Ceará,21105,61174,4011,79.397,35,95.84,68.79,40,0,1073,0
2307601,Limoeiro do Norte,0,,CE,Ceará,21437,59494,745,85.721,35,92.96,58.18,49,0,0,0
2307007,Jaguaruana,0,,CE,Ceará,11726,31670,854,77.706,35,95.26,56.86,45,0,0,0
2308500,Mombaça,0,,CE,Ceará,13653,37704,2116,73.428,35,98.58,71.37,4,0,0,0
2313252,Tarrafas,0,,CE,Ceará,2661,7514,413,73.313,35,98.71,74.07,2,0,0,0
3201605,Conceição da Barra,0,,ES,Espírito Santo,9557,27120,1183,88.724,35,95.26,49.62,181,0,3935,720
3201308,Cariacica,0,Região Metropolitana da Grande Vitória,ES,Espírito Santo,130112,351964,280,95.472,35,93.06,49.46,369,0,0,0
3204104,Pinheiros,0,,ES,Espírito Santo,8538,23785,973,8.822,35,99.54,51.37,14,0,0,0
3204351,Rio Bananal,0,,ES,Espírito Santo,6923,19237,642,914,35,104.87,55.18,12,0,0,0
3201803,Divino de São Lourenço,0,,ES,Espírito Santo,1902,5076,174,89.734,35,106.37,57.16,17,0,17,0
3205176,Vila Valério,0,,ES,Espírito Santo,4930,13681,470,91.484,35,106.44,56.01,6,0,0,0
3202801,Itapemirim,0,,ES,Espírito Santo,14039,39786,551,92.058,35,95.95,52.76,51,0,1596,0
5200100,Abadiânia,0,Região Integrada de Desenvolvimento do Distrito Federal e Entorno,GO,Goiás,6162,16924,1045,92.761,35,104.56,52.93,9,0,0,0
5204805,Campo Alegre de Goiás,0,,GO,Goiás,2616,7397,2450,94.349,35,106.91,44.88,1,0,0,0
5218003,Porangatu,0,,GO,Goiás,16372,44090,4825,91.821,35,98.43,53.83,70,0,0,0
5200134,Acreúna,0,,GO,Goiás,7898,21318,1567,90.695,35,104.24,48.72,16,0,0,0
5216452,Perolândia,0,,GO,Goiás,1057,2958,1034,90.874,35,113.54,54.28,3,0,0,0
5208707,Goiânia,1,Região Metropolitana de Goiânia,GO,Goiás,549071,1434426,729,97.513,35,90.01,57.01,4006,0,158,0
5200175,Água Fria de Goiás,0,Região Integrada de Desenvolvimento do Distrito Federal e Entorno,GO,Goiás,1797,4911,2024,89.065,35,109.83,48.12,8,0,0,0
5222005,Vianópolis,0,,GO,Goiás,5499,14889,954,93.451,35,98.51,49.33,21,0,141,0
5209952,Indiara,0,,GO,Goiás,6325,16997,955,91.783,35,105.8,48.29,16,0,0,0
5203962,Buritinópolis,0,,GO,Goiás,1106,3141,246,81.177,35,101.99,53.01,2,0,0,0
5219258,Santa Fé de Goiás,0,,GO,Goiás,1859,4936,1164,91.553,35,108.81,51.76,19,0,0,0
5221601,Uruaçu,0,,GO,Goiás,15775,42343,2142,9.277,35,96.53,53.41,71,0,1305,0
5202502,Aruanã,0,,GO,Goiás,3034,8224,3055,91.292,35,109.17,45.21,446,168,0,0
5210901,Itapaci,0,,GO,Goiás,7793,21056,953,91.575,35,100.73,50.69,100,0,0,0
5218789,Rio Quente,0,,GO,Goiás,1390,3824,245,9.507,35,100.31,45.51,6,0,0,0
5212253,Lagoa Santa,0,,GO,Goiás,537,1389,463,94.485,35,97.44,39.74,4,0,0,0
5211800,Jaraguá,0,,GO,Goiás,16597,45058,1849,92.819,35,99.44,50.43,102,0,0,0
5203559,Bonfinópolis,0,Região Metropolitana de Goiânia,GO,Goiás,3805,10257,122,92.757,35,100.9,47.94,30,0,0,0
5204102,Cachoeira Alta,0,,GO,Goiás,4296,11344,1657,91.936,35,105.19,55.44,26,0,0,0
5218508,Quirinópolis,0,,GO,Goiás,17985,48155,3786,93.327,35,98.47,56.25,53,0,0,0
5219100,Santa Bárbara de Goiás,0,Região Metropolitana de Goiânia,GO,Goiás,2252,6149,141,89.609,35,96.96,55.78,6,0,0,0
2108900,Poção de Pedras,0,,MA,Maranhão,5705,17157,990,74.658,35,100.55,54.44,9,0,0,0
2109056,Porto Rico do Maranhão,0,,MA,Maranhão,1873,5951,245,86.981,35,105.88,56.47,4,0,1600,0
2101905,Bequimão,0,,MA,Maranhão,6707,19516,790,81.473,35,102.13,60.35,30,0,4447,0
3157203,Santa Bárbara,0,Colar Metropolitano de Belo Horizonte,MG,Minas Gerais,10596,30359,685,95.295,35,94.81,53.98,33,0,23,0
3160454,Santo Antônio do Retiro,0,,MG,Minas Gerais,2202,6629,796,76.713,35,99.97,59.64,0,0,0,0
3162955,São José da Lapa,0,Região Metropolitana de Belo Horizonte,MG,Minas Gerais,8973,26042,48,96.593,35,95.83,49.23,37,0,0,0
3124302,Espinosa,0,,MG,Minas Gerais,10383,30412,1869,82.431,35,97.03,62.71,14,0,3,0
3171071,Veredinha,0,,MG,Minas Gerais,1917,5179,632,83.369,35,103.58,68.38,1,0,188,0
3110509,Camanducaia,0,,MG,Minas Gerais,9668,25929,529,92.979,35,102,58.37,26,0,8,0
3113008,Caraí,0,,MG,Minas Gerais,6871,19515,1242,80.548,35,100.18,61.84,10,0,61,0
3121902,Divinésia,0,,MG,Minas Gerais,1579,4222,117,93.414,35,99.53,60.36,1,0,0,0
3138104,Lassance,0,,MG,Minas Gerais,2556,7107,3204,89.477,35,102.04,67.77,0,0,195,0
3107901,Bom Repouso,0,,MG,Minas Gerais,4472,12644,230,92.827,35,107.94,55.45,7,0,0,0
3122454,Divisópolis,0,,MG,Minas Gerais,3156,10204,573,8.107,35,105.58,68.05,17,0,0,0
3138351,Leme do Prado,0,,MG,Minas Gerais,1526,4341,280,87.104,35,97.86,56.46,1,0,122,64
3166303,Sericita,0,,MG,Minas Gerais,2577,7344,166,86.581,35,106.15,57.32,17,0,0,0
3104452,Aricanduva,0,,MG,Minas Gerais,1676,4705,243,84.181,35,103.67,57.38,1,0,0,0
3140555,Mata Verde,0,,MG,Minas Gerais,2914,9108,228,81.097,35,99.3,66.25,1,0,0,0
3149002,Pedra Dourada,0,,MG,Minas Gerais,1004,2754,70,91.285,35,100.07,64.76,1,0,0,0
3162401,São João da Ponte,0,,MG,Minas Gerais,7897,23820,1851,78.298,35,106.12,64.45,97,0,1527,630
3170206,Uberlândia,0,,MG,Minas Gerais,268012,711082,4115,97.132,35,93.15,56.09,774,0,55,0
3130507,Ilicínea,0,,MG,Minas Gerais,4616,12715,376,93.541,35,103.92,69.15,0,0,1,0
3124203,Espera Feliz,0,,MG,Minas Gerais,9292,24006,318,90.707,35,98.04,62.59,11,0,0,0
3134400,Iturama,0,,MG,Minas Gerais,14911,38129,1405,93.555,35,97.89,53.09,24,0,0,0
3170503,Urucânia,0,,MG,Minas Gerais,3566,10573,139,88.646,35,98.35,60.66,4,0,2,0
3129608,Ibiaí,0,,MG,Minas Gerais,2214,6279,875,8.789,35,102.77,55.9,6,0,0,0
3111507,Campos Altos,0,,MG,Minas Gerais,4679,12946,711,91.572,35,99.52,55.41,12,0,67,0
3165602,Senador Cortes,0,,MG,Minas Gerais,801,2239,98,90.334,35,101.08,57.32,1,0,0,0
3106655,Berizal,0,,MG,Minas Gerais,1392,4185,489,82.579,35,100.62,58.84,1,0,170,0
3136900,Juruaia,0,,MG,Minas Gerais,4009,11054,220,95.369,35,101.56,64.25,2,0,0,0
3151602,Planura,0,,MG,Minas Gerais,4063,11119,318,94.246,35,102.78,51.36,13,0,0,0
3161908,São Gonçalo do Rio Abaixo,0,Colar Metropolitano de Belo Horizonte,MG,Minas Gerais,3946,11711,364,93.491,35,95.48,53.82,10,0,546,0
3121605,Diamantina,0,,MG,Minas Gerais,16904,47454,3892,93.503,35,94.57,60.9,67,0,1475,0
3135357,Japonvar,0,,MG,Minas Gerais,2860,8118,375,82.726,35,103.79,63.93,14,0,0,0
3140704,Mateus Leme,0,Região Metropolitana de Belo Horizonte,MG,Minas Gerais,13856,37756,301,94.566,35,97.37,53.89,27,0,0,0
3128006,Guanhães,0,,MG,Minas Gerais,11920,32085,1075,92.121,35,93.88,64.82,63,0,580,0
3145356,Novo Oriente de Minas,0,,MG,Minas Gerais,3691,10249,755,77.424,35,102.74,73.96,21,0,9,0
3118007,Congonhas,0,,MG,Minas Gerais,17985,52775,304,96.797,35,96.41,52.9,29,0,140,0
3137403,Lagoa Dourada,0,,MG,Minas Gerais,4109,12745,477,9.529,35,104.34,59.81,126,0,0,0
3127800,Grão Mogol,0,,MG,Minas Gerais,4805,13845,3885,83.914,35,105.97,56.65,5,0,3,0
3132701,Itambacuri,0,,MG,Minas Gerais,7402,20820,1419,838,35,92.23,68.93,21,0,86,0
3144656,Ninheira,0,,MG,Minas Gerais,3313,10573,1108,77.426,35,105.51,69.77,3,0,0,0
3147105,Pará de Minas,0,Colar Metropolitano de Belo Horizonte,MG,Minas Gerais,35488,96420,551,96.847,35,96.15,62.2,48,0,0,0
3157104,Salto da Divisa,0,,MG,Minas Gerais,2106,6105,938,81.404,35,100.13,64.19,1,0,36,0
3116100,Chapada do Norte,0,,MG,Minas Gerais,3479,10336,831,77.142,35,95.7,63.77,2,0,4457,0
3117836,Cônego Marinho,0,,MG,Minas Gerais,2373,7232,1610,83.946,35,103.12,64.97,109,0,1168,0
3136504,Jordânia,0,,MG,Minas Gerais,3472,10278,547,83.998,35,103.27,72.24,13,0,0,0
3158003,Santa Maria de Itabira,0,,MG,Minas Gerais,3435,10443,597,90.504,35,97.01,66.24,1,0,1403,0
3158904,Santana do Manhuaçu,0,,MG,Minas Gerais,3160,8974,347,88.455,35,104.9,57.57,2,0,0,0
3164472,São Sebastião do Anta,0,,MG,Minas Gerais,2274,6180,81,8.553,35,98.65,54.34,4,0,0,0
3112059,Cantagalo,0,,MG,Minas Gerais,1387,3974,142,87.786,35,100.5,66.06,9,0,118,0
3148608,Peçanha,0,,MG,Minas Gerais,5629,17223,997,84.987,35,99.45,71.32,1,0,335,0
3104502,Arinos,0,Região Integrada de Desenvolvimento do Distrito Federal e Entorno,MG,Minas Gerais,6166,17205,5279,89.509,35,103.2,58.15,9,0,0,0
3112901,Caputira,0,,MG,Minas Gerais,3089,8935,188,89.745,35,100.72,63.14,1,0,0,0
3137536,Lagoa Grande,0,,MG,Minas Gerais,3389,8932,1236,91.702,35,105.95,57.02,61,0,0,0
3150208,Piedade de Ponte Nova,0,,MG,Minas Gerais,1322,3950,84,88.339,35,99.1,62.72,0,0,0,0
3100906,Águas Formosas,0,,MG,Minas Gerais,6600,18391,820,83.327,35,100.94,65.42,3,0,0,0
3113909,Carmo da Cachoeira,0,,MG,Minas Gerais,3939,11358,506,91.996,35,101.38,61.78,0,0,0,0
3122603,Dom Joaquim,0,,MG,Minas Gerais,1728,4895,399,88.973,35,100.94,71.24,1,0,56,0
3142007,Mirabela,0,,MG,Minas Gerais,4539,13621,723,87.491,35,100.1,68.81,19,0,225,0
3113800,Carmésia,0,,MG,Minas Gerais,910,2605,259,8.906,35,102.41,58.08,468,463,0,0
3136306,João Pinheiro,0,,MG,Minas Gerais,17082,46374,10727,92.777,35,102.65,52.13,18,0,253,0
3140100,Marilac,0,,MG,Minas Gerais,1565,4219,159,86.949,35,94.92,70.19,3,0,0,0
3160959,São Domingos das Dores,0,,MG,Minas Gerais,1944,5619,61,89.184,35,100.79,50.22,5,0,0,0
3110103,Caiana,0,,MG,Minas Gerais,1982,5300,106,91.364,35,105.03,58.73,3,0,0,0
3134004,Itinga,0,,MG,Minas Gerais,4573,13717,1650,8.383,35,98.68,72.96,11,0,412,0
3122009,Divino,0,,MG,Minas Gerais,7697,20501,338,88.584,35,102.38,63.59,40,0,579,0
3133600,Itapeva,0,,MG,Minas Gerais,4448,12625,177,94.053,35,103.14,60.52,4,0,0,0
3141306,Medeiros,0,,MG,Minas Gerais,1428,3892,946,95.066,35,109.34,61.11,0,0,0,0
3135308,Japaraíba,0,,MG,Minas Gerais,1542,4506,172,95.282,35,103.71,55.09,0,0,0,0
3155504,Rio Paranaíba,0,,MG,Minas Gerais,5619,14449,1352,94.278,35,101.72,55.12,0,0,0,0
3168002,Taiobeiras,0,,MG,Minas Gerais,11732,32892,1220,86.291,35,95.37,61.76,18,0,0,0
3104007,Araxá,0,,MG,Minas Gerais,40329,111064,1164,96.793,35,96.37,58.71,77,0,7,0
3106309,Belo Oriente,0,Colar Metropolitano,MG,Minas Gerais,8096,23907,335,92.252,35,98.94,55.84,13,0,897,0
3125952,Fervedouro,0,,MG,Minas Gerais,3800,10387,358,87.889,35,105.73,56.91,4,0,0,0
3131901,Itabirito,0,Colar Metropolitano de Belo Horizonte,MG,Minas Gerais,18149,53144,544,96.969,35,95.53,57.34,28,0,5,0
3169505,Tumiritinga,0,,MG,Minas Gerais,2259,5885,500,89.038,35,100.27,62.57,21,0,0,0
3149952,Periquito,0,Colar Metropolitano,MG,Minas Gerais,2293,6548,229,87.986,35,96.08,57.56,89,0,16,0
3136520,José Gonçalves de Minas,0,,MG,Minas Gerais,1384,3969,381,8.689,35,101.98,52.91,0,0,80,0
3138625,Limeira do Oeste,0,,MG,Minas Gerais,3320,8650,1317,93.969,35,103.82,48.18,0,0,0,0
3105400,Barão de Cocais,0,Colar Metropolitano de Belo Horizonte,MG,Minas Gerais,10617,30681,340,95.708,35,95.76,54.52,14,0,9,0
3116605,Cláudio,0,,MG,Minas Gerais,10794,30033,631,96.263,35,99.85,56.05,11,0,0,0
3148103,Patrocínio,0,,MG,Minas Gerais,31745,89029,2874,94.835,35,100.85,56.24,44,0,0,0
3103702,Araponga,0,,MG,Minas Gerais,2862,8043,304,86.735,35,104.11,59.52,172,0,0,0
3108503,Botumirim,0,,MG,Minas Gerais,2086,5779,1569,8.667,35,108.72,57.96,0,0,89,0
3142254,Miravânia,0,,MG,Minas Gerais,1354,3985,602,79.593,35,100.76,60.67,0,0,0,0
3146206,Ouro Verde de Minas,0,,MG,Minas Gerais,1984,5733,175,83.877,35,99.41,65.91,3,0,928,0
3103900,Araújos,0,,MG,Minas Gerais,3354,9170,246,94.622,35,101.03,58.68,13,0,0,0
3145901,Ouro Branco,0,,MG,Minas Gerais,13657,38678,259,96.448,35,96.3,53.49,17,0,5,0
3114105,Carmo de Minas,0,,MG,Minas Gerais,4641,13669,322,92.236,35,100.01,61.06,1,0,0,0
3126802,Frei Gaspar,0,,MG,Minas Gerais,2011,5640,627,80.444,35,101.36,60.8,1,0,0,0
3152808,Prata,0,,MG,Minas Gerais,10439,28169,4848,92.903,35,102.04,56.08,22,0,35,0
3120102,Couto de Magalhães de Minas,0,,MG,Minas Gerais,1480,4179,486,90.024,35,95.08,65.17,9,0,27,0
3158201,Santa Maria do Suaçuí,0,,MG,Minas Gerais,4558,12655,624,83.299,35,99.44,70.86,6,0,0,0
3160207,Santo Antônio do Itambé,0,,MG,Minas Gerais,1340,3910,306,79.337,35,99.44,78.31,0,0,986,0
3125606,Felisburgo,0,,MG,Minas Gerais,2329,6465,596,81.299,35,103.99,66.88,11,0,163,0
3137700,Lajinha,0,,MG,Minas Gerais,7644,20808,432,89.089,35,101.13,55.05,0,0,0,0
3147402,Paraopeba,0,,MG,Minas Gerais,8773,24071,626,95.242,35,95.23,58.53,8,0,1272,0
3151404,Pitangui,0,,MG,Minas Gerais,9528,26535,570,95.155,35,95.27,63.79,10,0,222,0
5007406,Rio Verde de Mato Grosso,0,,MS,Mato Grosso do Sul,7312,19706,8174,90.875,35,100.85,53.99,53,0,0,0
5007505,Rochedo,0,,MS,Mato Grosso do Sul,1892,5172,1310,90.759,35,103.17,50.53,41,0,0,0
5003504,Douradina,0,,MS,Mato Grosso do Sul,2012,5573,280,92.302,35,98.51,51.57,748,0,0,0
5004106,Guia Lopes da Laguna,0,,MS,Mato Grosso do Sul,3586,9911,1225,91.301,35,101.21,61.9,854,0,0,0
5005103,Jateí,0,,MS,Mato Grosso do Sul,1262,3582,1933,91.365,35,103.87,50.13,23,0,0,0
5000252,Alcinópolis,0,,MS,Mato Grosso do Sul,1770,4522,4398,91.263,35,107.74,44.39,7,0,0,0
5002001,Batayporã,0,,MS,Mato Grosso do Sul,3868,10684,1827,90.603,35,97.75,49.78,20,0,0,0
5003454,Deodápolis,0,,MS,Mato Grosso do Sul,5131,13657,829,91.682,35,99.75,52.08,30,0,0,0
5007802,Selvíria,0,,MS,Mato Grosso do Sul,3006,8050,3255,92.968,35,103.96,52.02,13,0,0,0
5003306,Coxim,0,,MS,Mato Grosso do Sul,12127,31940,6391,92.479,35,98.51,50.16,82,0,0,0
5106257,Nova Xavantina,0,,MT,Mato Grosso,9282,24176,5492,93.651,35,106.49,48.99,171,0,0,0
5106299,Paranaíta,0,,MT,Mato Grosso,4080,11627,4814,91.152,35,108.3,44.15,7,0,0,0
5107800,Santo Antônio do Leverger,0,Região Metropolitana do Vale do Rio Cuiabá,MT,Mato Grosso,5124,15181,9469,89.906,35,104.62,48.56,435,409,235,0
5107008,Poxoréo,0,,MT,Mato Grosso,8326,23134,6915,89.461,35,108.37,50.64,1052,950,0,0
5108055,Terra Nova do Norte,0,,MT,Mato Grosso,3845,10604,2400,91.533,35,101.94,51.93,6,0,0,0
5103106,Cocalinho,0,,MT,Mato Grosso,2276,6197,16563,89.396,35,109.71,42.1,36,0,0,0
5106216,Nova Canaã do Norte,0,,MT,Mato Grosso,4289,11680,5953,91.991,35,108.09,46.17,7,0,0,0
5100300,Alto Araguaia,0,,MT,Mato Grosso,6644,17040,5402,92.018,35,103.68,50.22,14,0,0,0
5107883,Serra Nova Dourada,0,,MT,Mato Grosso,641,1799,1491,90.844,35,114.29,36.8,13,0,0,0
5108808,Nova Guarita,0,,MT,Mato Grosso,1670,4536,1122,93.096,35,106.11,49.47,7,0,0,0
5106281,Novo São Joaquim,0,,MT,Mato Grosso,2536,6818,5226,90.269,35,107.84,39.55,191,140,0,0
5106653,Pontal do Araguaia,0,,MT,Mato Grosso,2622,6932,2742,94.258,35,100.12,47.27,25,0,0,0
1505601,Peixe-Boi,0,,PA,Pará,2947,8280,450,82.072,35,102.91,52.62,35,0,0,0
1505007,Nova Timboteua,0,,PA,Pará,4560,12772,490,86.347,35,103.17,57.98,3,0,53,0
2501203,Areial,0,Região Metropolitana de Esperança,PB,Paraíba,2469,7127,36,81.625,35,93.33,60.11,5,0,0,0
2501708,Barra de São Miguel,0,,PB,Paraíba,2105,5904,610,79.515,35,104.36,59.32,17,0,0,0
2508802,Malta,0,Região Metropolitana de Patos,PB,Paraíba,2053,5998,172,77.421,35,94.16,63.86,1,0,0,0
2516201,Sousa,0,Região Metropolitana de Sousa,PB,Paraíba,22551,66913,728,83.325,35,93.14,58.75,15,0,0,0
2517407,Zabelê,0,,PB,Paraíba,835,2220,107,80.599,35,96.13,55.4,2,0,0,0
2506509,Gurjão,0,,PB,Paraíba,1145,3240,345,83.476,35,98.05,63.46,0,0,0,0
2507507,João Pessoa,1,Região Metropolitana de João Pessoa,PB,Paraíba,296249,828564,210,93.866,35,87.45,52.19,2560,0,2066,1054
2503308,Cachoeira dos Índios,0,Região Metropolitana de Cajazeiras,PB,Paraíba,3132,9149,193,78.201,35,99.24,63.69,4,0,62,0
2515104,São Sebastião de Lagoa de Roça,0,Região Metropolitana de Esperança,PB,Paraíba,3764,11026,46,81.427,35,95.64,57.43,8,0,0,0
2502151,Boa Vista,0,Região Metropolitana de Campina Grande,PB,Paraíba,2150,6373,469,87.186,35,98.91,58.28,15,0,127,0
2516409,Tacima,0,Região Metropolitana de Araruna,PB,Paraíba,2728,7997,245,71.862,35,99.75,65.96,4,0,0,0
2515203,São Sebastião do Umbuzeiro,0,,PB,Paraíba,1260,3275,464,78.463,35,103.92,63.96,20,0,0,0
2509107,Mari,0,,PB,Paraíba,7354,21372,155,74.038,35,95.56,60.14,9,0,0,0
2510402,Olho d'Água,0,,PB,Paraíba,2039,6060,580,71.285,35,96.56,57.41,0,0,0,0
2504702,Congo,0,,PB,Paraíba,1869,4930,325,77.633,35,95.6,66.56,0,0,0,0
2509800,Mulungu,0,Região Metropolitana de Guarabira,PB,Paraíba,3036,8775,187,75.303,35,93.55,54.42,4,0,0,0
2503753,Cajazeirinhas,0,,PB,Paraíba,883,2736,283,71.191,35,101.92,57.67,0,0,122,0
2509701,Monteiro,0,,PB,Paraíba,12129,32139,993,81.502,35,95.54,61.1,54,0,0,0
2515807,Serra Redonda,0,Região Metropolitana de Campina Grande,PB,Paraíba,2430,6821,55,78.352,35,94.7,68.49,2,0,0,0
2515609,Serra da Raiz,0,Região Metropolitana de Guarabira,PB,Paraíba,1000,3094,32,74.658,35,96.82,58.27,8,0,0,0
2512606,Quixabá,0,Região Metropolitana de Patos,PB,Paraíba,574,1737,147,82.349,35,105.54,55.21,0,0,0,0
2501906,Belém,0,Região Metropolitana de Guarabira,PB,Paraíba,5838,16316,100,75.744,35,97.55,67.5,4,0,0,0
2508000,Juru,0,,PB,Paraíba,3208,9229,395,7.529,35,98.24,59.28,2,0,6,0
2503407,Cacimba de Areia,0,Região Metropolitana de Patos,PB,Paraíba,1128,3281,213,79.838,35,100.67,53.42,2,0,38,0
2504405,Conceição,0,Região Metropolitana do Vale do Piancó,PB,Paraíba,6227,18207,581,73.432,35,101.15,58.85,12,0,0,0
2500809,Araçagi,0,Região Metropolitana de Guarabira,PB,Paraíba,5694,16643,232,71.509,35,97.48,62.64,15,0,0,0
2509156,Marizópolis,0,Região Metropolitana de Sousa,PB,Paraíba,2208,6701,70,80.792,35,95.54,59.53,8,0,0,0
2504157,Casserengue,0,,PB,Paraíba,2412,6888,203,67.958,35,99.68,64.53,0,0,0,0
2514651,São José do Brejo do Cruz,0,,PB,Paraíba,542,1696,254,78.481,35,99.41,52.39,0,0,0,0
2503902,Camalaú,0,,PB,Paraíba,2423,6057,542,76.369,35,95.09,66.56,16,0,114,0
2511004,Pedra Branca,0,,PB,Paraíba,1269,3733,117,78.156,35,95.55,59.9,0,0,41,0
2613602,São José do Egito,0,,PE,Pernambuco,11850,30958,774,83.486,35,92.83,65.92,38,0,182,0
2605509,Ferreiros,0,,PE,Pernambuco,4937,15005,93,79.851,35,93.53,57.01,4,0,0,0
2610509,Passira,0,,PE,Pernambuco,10376,28336,327,76.238,35,94.28,55.98,7,0,755,0
2608107,João Alfredo,0,,PE,Pernambuco,10271,27720,134,7.428,35,90.59,64.39,15,0,933,0
2614105,Sertânia,0,,PE,Pernambuco,11767,32724,2422,80.416,35,95.7,57.69,51,0,393,0
2607109,Ingazeira,0,,PE,Pernambuco,1692,4762,244,79.646,35,103.37,60.04,3,0,0,0
2609402,Moreno,0,Região Metropolitana de Recife,PE,Pernambuco,19595,55076,194,86.165,35,91.28,50.86,133,0,0,0
2616183,Vertente do Lério,0,,PE,Pernambuco,2655,7550,74,72.452,35,99,67.44,1,0,0,0
2604007,Carpina,0,,PE,Pernambuco,27652,79059,147,87.716,35,88.6,51.53,109,0,23,0
2606705,Ibirajuba,0,,PE,Pernambuco,2641,7140,190,7.444,35,100.79,64.49,2,0,0,0
2615300,Timbaúba,0,,PE,Pernambuco,16204,46035,288,82.901,35,90.16,59.56,17,0,0,0
2600054,Abreu e Lima,0,Região Metropolitana de Recife,PE,Pernambuco,34672,96683,126,91.323,35,91.16,49.83,212,0,0,0
2602209,Bom Jardim,0,,PE,Pernambuco,13250,37603,224,77.406,35,94.79,60.84,10,0,0,0
2607901,Jaboatão dos Guararapes,0,Região Metropolitana de Recife,PE,Pernambuco,235151,642816,259,92.793,35,87.17,48.84,1003,0,10,0
2605608,Flores,0,,PE,Pernambuco,7520,20315,996,75.087,35,96.72,66.1,13,0,169,0
2605459,Fernando de Noronha,0,,PE,Pernambuco,717,2147,19,96.492,35,108.91,33.77,5,0,0,0
2606408,Gravatá,0,,PE,Pernambuco,32074,86322,507,83.266,35,92.03,54.81,116,0,8,0
2201960,Brasileira,0,,PI,Piauí,2820,8436,881,75.241,35,100.48,60.34,31,0,0,0
2202059,Cabeceiras do Piauí,0,,PI,Piauí,3208,10212,609,73.212,35,101.82,60.91,0,0,0,0
2206407,Monsenhor Gil,0,Região Integrada de Desenvolvimento da Grande Teresina,PI,Piauí,3515,10252,568,81.928,35,92.04,66.97,10,0,0,0
2201572,Belém do Piauí,0,,PI,Piauí,1131,3423,243,70.682,35,98.9,59.23,0,0,94,0
2207793,Pau D'Arco do Piauí,0,,PI,Piauí,1307,3877,430,74.209,35,106.27,66.24,0,0,0,0
2204303,Fronteiras,0,,PI,Piauí,3540,10257,777,76.331,35,96.53,64.98,6,0,0,0
2208874,Ribeira do Piauí,0,,PI,Piauí,1395,4054,1012,72.861,35,103.16,54.75,2,0,9,0
2206357,Milton Brandão,0,,PI,Piauí,2138,6538,1309,69.891,35,104.76,59.8,8,0,0,0
2202455,Capitão Gervásio Oliveira,0,,PI,Piauí,1448,3971,1133,76.493,35,108.06,57.48,7,0,0,0
2205516,Juazeiro do Piauí,0,,PI,Piauí,1771,5193,935,77.506,35,106.33,67.32,3,0,0,0
2209559,São Braz do Piauí,0,,PI,Piauí,1519,4358,656,7.718,35,106.34,58.55,1,0,0,0
2200053,Acauã,0,,PI,Piauí,2216,6419,1281,8.311,35,104.2,55.04,3,0,422,0
2204154,Francisco Macedo,0,,PI,Piauí,1020,2929,179,72.658,35,99.52,55.59,0,0,0,0
2210391,São Miguel do Fidalgo,0,,PI,Piauí,931,2828,813,77.303,35,109.25,56.79,3,0,0,0
2202307,Canto do Buriti,0,,PI,Piauí,6803,19345,4326,78.628,35,98.6,63.01,5,0,0,0
2205300,Jerumenha,0,,PI,Piauí,1493,4491,1866,80.843,35,103.67,66.18,3,0,93,0
2209955,São João da Varjota,0,,PI,Piauí,1470,4380,394,72.318,35,96.11,58.11,8,0,1178,0
2210805,Simplício Mendes,0,,PI,Piauí,4686,13806,1360,83.525,35,100.93,52.93,23,0,378,0
2202604,Castelo do Piauí,0,,PI,Piauí,6566,19271,2379,76.967,35,98.52,62.05,4,0,0,0
2204600,Hugo Napoleão,0,,PI,Piauí,1187,3503,225,74.284,35,97.64,61.43,1,0,0,0
4112801,Joaquim Távora,0,,PR,Paraná,4369,11858,289,94.879,35,97.54,60,9,0,0,0
4107546,Espigão Alto do Iguaçu,0,,PR,Paraná,1734,4793,326,88.254,35,105.35,54.54,339,308,0,0
4115903,Mirador,0,,PR,Paraná,818,2236,222,89.868,35,101.44,51.93,7,0,0,0
4107157,Diamante D'Oeste,0,Região Metropolitana de Toledo,PR,Paraná,1687,4546,309,89.149,35,102.89,62.2,471,463,0,0
4122701,Sabáudia,0,Região Metropolitana de Londrina,PR,Paraná,3170,8822,190,94.557,35,96.96,55.46,5,0,0,0
4104303,Campo Mourão,0,Região Metropolitana de Campo Mourão,PR,Paraná,37342,98782,750,95.354,35,93.11,57.52,149,0,0,0
4119152,Pinhais,0,Região Metropolitana de Curitiba,PR,Paraná,45881,126413,61,97.812,35,92.62,51.59,102,0,0,0
4122172,Rio Branco do Ivaí,0,Região Metropolitana de Apucarana,PR,Paraná,1375,3803,376,86.292,35,103.31,50.18,6,0,0,0
4109757,Ibema,0,Região Metropolitana de Cascavel,PR,Paraná,2350,6218,145,88.104,35,94.8,54.59,0,0,0,0
4118006,Paraíso do Norte,0,,PR,Paraná,4900,13223,205,93.097,35,95.53,54.31,4,0,0,0
4104451,Cantagalo,0,,PR,Paraná,3894,10907,583,91.183,35,101.12,55.82,7,0,36,0
4127601,Tijucas do Sul,0,Região Metropolitana de Curitiba,PR,Paraná,6400,17576,672,94.621,35,105.9,52.91,17,0,6,0
4127700,Toledo,0,Região Metropolitana de Toledo,PR,Paraná,56389,150024,1198,96.604,35,95.36,51.18,103,0,0,0
4107603,Faxinal,0,Região Metropolitana de Apucarana,PR,Paraná,6106,16279,716,90.282,35,95.67,60.57,288,0,0,0
4100905,Amaporã,0,,PR,Paraná,1735,4760,385,90.219,35,99,49.64,2,0,0,0
4125605,São Mateus do Sul,0,,PR,Paraná,15513,42327,1342,9.676,35,100.23,52.04,7,0,0,0
4101002,Ampére,0,,PR,Paraná,7293,19603,298,94.622,35,97.88,55.35,6,0,0,0
4105706,Clevelândia,0,,PR,Paraná,5309,14978,704,92.001,35,94.63,55.8,138,0,49,0
4122008,Rio Azul,0,,PR,Paraná,4927,13933,599,97.036,35,103.14,55.19,8,0,0,0
4126603,Siqueira Campos,0,,PR,Paraná,8615,22720,278,94.262,35,99.15,60.02,21,0,0,0
4106209,Contenda,0,Região Metropolitana de Curitiba,PR,Paraná,6796,19117,299,97.029,35,98.53,51.69,26,0,0,0
4105607,Cidade Gaúcha,0,Região Metropolitana de Umuarama,PR,Paraná,4244,11405,403,91.877,35,100.12,54.55,11,0,0,0
4117909,Palotina,0,Região Metropolitana de Toledo,PR,Paraná,12658,34930,651,95.792,35,96.05,55.75,83,0,0,0
4121505,Rebouças,0,,PR,Paraná,5312,14503,482,95.709,35,101.42,60.66,6,0,0,0
4124400,Santo Antônio do Sudoeste,0,,PR,Paraná,8391,23511,326,9.203,35,98.25,59.24,16,0,0,0
4114302,Mandirituba,0,Região Metropolitana de Curitiba,PR,Paraná,9735,27410,379,95.767,35,101.71,53.31,13,0,0,0
4117453,Ouro Verde do Oeste,0,Região Metropolitana de Toledo,PR,Paraná,2469,6748,293,94.105,35,99.09,55.68,1,0,0,0
4108908,Guairaçá,0,,PR,Paraná,2431,6582,494,89.486,35,98.16,57.45,0,0,0,0
4105409,Chopinzinho,0,,PR,Paraná,7728,21049,960,94.193,35,96.45,60.29,988,949,0,0
4108809,Guaíra,0,Região Metropolitana de Toledo,PR,Paraná,11741,31892,564,9.289,35,95.33,53.5,1563,0,23,23
4115408,Marmeleiro,0,,PR,Paraná,5909,15892,388,94.509,35,97.31,64.29,32,0,0,0
4117255,Nova Prata do Iguaçu,0,,PR,Paraná,4515,12691,353,93.024,35,98.98,56.16,2,0,0,0
4117800,Palmital,0,,PR,Paraná,4748,13024,818,89.514,35,103.07,57.13,9,0,0,0
4112702,Jataizinho,0,Região Metropolitana de Londrina,PR,Paraná,4260,11760,159,92.778,35,94.97,64.05,12,0,0,0
4118451,Pato Bragado,0,Região Metropolitana de Toledo,PR,Paraná,2116,5732,136,96.954,35,93.88,67.81,3,0,0,0
4109005,Guapirama,0,,PR,Paraná,1730,4624,189,91.751,35,96.93,53.22,43,0,0,0
4125704,São Miguel do Iguaçu,0,,PR,Paraná,10685,29083,852,93.734,35,97.62,56.5,767,503,22,0
4119608,Pitanga,0,,PR,Paraná,12309,33491,1664,93.078,35,99.38,55.5,32,0,0,0
4102604,Barracão,0,,PR,Paraná,3602,9692,161,93.723,35,99.04,56.77,12,0,0,0
4117701,Palmeira,0,,PR,Paraná,12163,33794,1470,96.917,35,98.87,53.07,12,0,5,0
4104204,Campo Largo,0,Região Metropolitana de Curitiba,PR,Paraná,49352,136064,1244,96.924,35,96.52,50.5,118,0,133,0
3301702,Duque de Caxias,0,Região Metropolitana do Rio de Janeiro,RJ,Rio de Janeiro,298064,807276,467,96.229,35,90.61,53.44,833,0,0,0
3301009,Campos dos Goytacazes,0,,RJ,Rio de Janeiro,175744,481324,4032,95.065,35,91.06,59.03,362,0,3083,0
3300100,Angra dos Reis,0,,RJ,Rio de Janeiro,62126,167240,813,95.584,35,95.23,49.04,702,339,854,335
3303807,Paraty,0,,RJ,Rio de Janeiro,16138,45074,924,95.294,35,97.65,44.59,544,207,767,640
3302502,Magé,0,Região Metropolitana do Rio de Janeiro,RJ,Rio de Janeiro,82906,226035,391,95.524,35,93.73,54.07,212,0,2209,0
3303500,Nova Iguaçu,0,Região Metropolitana do Rio de Janeiro,RJ,Rio de Janeiro,287615,784572,521,96.353,35,90.58,55.8,560,0,107,0
3304110,Porto Real,0,,RJ,Rio de Janeiro,7187,20350,51,95.879,35,93.77,44.81,17,0,0,0
3301850,Guapimirim,0,Região Metropolitana do Rio de Janeiro,RJ,Rio de Janeiro,18498,51540,358,95.209,35,94.63,55.02,43,0,28,0
3300456,Belford Roxo,0,Região Metropolitana do Rio de Janeiro,RJ,Rio de Janeiro,180893,482696,79,96.401,35,91.9,47.46,242,0,134,0
3305158,São José do Vale do Rio Preto,0,,RJ,Rio de Janeiro,8263,22069,220,93.613,35,97.27,56.67,22,0,0,0
3304151,Quissamã,0,,RJ,Rio de Janeiro,8099,22334,720,92.609,35,94.18,57.78,25,0,993,0
2409209,Passagem,0,,RN,Rio Grande do Norte,1077,3115,41,78.905,35,100.19,65.36,3,0,0,0
2409902,Pendências,0,,RN,Rio Grande do Norte,4206,12268,419,82.482,35,94.8,51.83,0,0,0,0
2402907,Coronel João Pessoa,0,,RN,Rio Grande do Norte,1439,4232,117,72.693,35,101.47,65.07,0,0,200,0
2414753,Venha-Ver,0,,RN,Rio Grande do Norte,1017,3014,72,70.813,35,100.4,57.31,0,0,0,0
2402709,Cerro Corá,0,,RN,Rio Grande do Norte,3684,10983,394,78.666,35,95.45,61.35,10,0,16,0
2410702,Riacho da Cruz,0,,RN,Rio Grande do Norte,932,2701,127,744,35,98.9,60.41,0,0,0,0
2403400,Equador,0,,RN,Rio Grande do Norte,1960,5360,265,82.096,35,95.55,63.36,1,0,0,0
2400802,Angicos,0,,RN,Rio Grande do Norte,3949,11626,742,80.714,35,93.51,64.5,2,0,45,0
2402808,Coronel Ezequiel,0,,RN,Rio Grande do Norte,1883,5117,186,77.069,35,101.3,69.08,0,0,0,0
2402402,Carnaúba dos Dantas,0,,RN,Rio Grande do Norte,2800,7970,246,88.707,35,98.9,58.11,37,0,31,0
2406809,Lajes Pintadas,0,,RN,Rio Grande do Norte,1708,4786,130,78.352,35,98.06,67.58,0,0,0,0
2408003,Mossoró,0,,RN,Rio Grande do Norte,92467,263529,2099,89.962,35,91.63,48.24,244,0,63,0
2403301,Encanto,0,,RN,Rio Grande do Norte,2015,6003,126,8.119,35,97.25,58.21,2,0,0,0
2401305,Campo Grande,0,,RN,Rio Grande do Norte,3233,9730,891,76.349,35,103.47,66.69,2,0,0,0
2411056,Tibau,0,,RN,Rio Grande do Norte,1843,5332,169,86.686,35,103.32,51.35,2,0,0,0
2401651,Bodó,0,,RN,Rio Grande do Norte,765,2306,254,78.917,35,101.75,64.54,2,0,1,0
2404408,Grossos,0,,RN,Rio Grande do Norte,3385,9897,125,82.237,35,97.77,52.67,0,0,0,0
2404309,Governador Dix-Sept Rosado,0,,RN,Rio Grande do Norte,4062,11937,1130,8.062,35,101.18,59.03,1,0,0,0
2407252,Major Sales,0,,RN,Rio Grande do Norte,1345,3924,32,78.403,35,98.18,64.74,3,0,0,0
2413706,Sítio Novo,0,,RN,Rio Grande do Norte,1673,4649,213,76.051,35,101.91,58.43,1,0,0,0
2403756,Fernando Pedroza,0,,RN,Rio Grande do Norte,1053,2937,323,76.677,35,106.61,55.78,3,0,0,0
2414704,Várzea,0,,RN,Rio Grande do Norte,1810,5229,73,76.847,35,100.42,67.23,4,0,0,0
2405009,Jaçanã,0,,RN,Rio Grande do Norte,2752,7832,55,79.823,35,98.48,67.11,0,0,0,0
2410504,Rafael Fernandes,0,,RN,Rio Grande do Norte,1879,5428,78,80.765,35,102.61,71.27,6,0,0,0
2412708,São Pedro,0,,RN,Rio Grande do Norte,1925,5760,195,7.928,35,97.74,65.12,0,0,0,0
2407302,Marcelino Vieira,0,,RN,Rio Grande do Norte,2729,7896,346,74.457,35,96.76,75.76,0,0,0,0
2408904,Parelhas,0,,RN,Rio Grande do Norte,7754,21437,514,87.628,35,93.32,59.66,9,0,355,141
2414902,Viçosa,0,,RN,Rio Grande do Norte,636,1821,38,80.753,35,97.19,61.88,0,0,0,0
2402105,Campo Redondo,0,,RN,Rio Grande do Norte,3467,10207,214,82.429,35,96.52,65.45,0,0,0,0
1100072,Corumbiara,0,,RO,Rondônia,2840,7503,3060,91.516,35,108.63,45.2,0,0,12,0
1101005,Governador Jorge Teixeira,0,,RO,Rondônia,2890,7984,5067,89.205,35,103.95,49.15,91,88,0,0
1101708,Urupá,0,,RO,Rondônia,3950,10722,832,90.239,35,102.89,58.06,11,0,0,0
1100148,Nova Brasilândia D'Oeste,0,,RO,Rondônia,5798,15674,1703,9.136,35,104.5,52.23,13,0,0,0
1100262,Rio Crespo,0,,RO,Rondônia,1250,3456,1718,92.172,35,113.86,41.87,11,0,0,0
1100155,Ouro Preto do Oeste,0,,RO,Rondônia,13323,34833,1970,92.813,35,96.73,52.66,43,0,0,0
1101401,Monte Negro,0,,RO,Rondônia,4223,11516,1931,89.146,35,107.96,48.89,23,1,0,0
4314050,Parobé,0,Região Metropolitana de Porto Alegre,RS,Rio Grande do Sul,19888,51863,109,9.668,35,96.61,44.01,44,0,2,0
4306973,Erebango,0,,RS,Rio Grande do Sul,1069,3028,153,95.127,35,98.05,71.57,431,304,0,0
4312807,Nova Araçá,0,,RS,Rio Grande do Sul,1811,4954,76,98.411,35,103.12,82.38,1,0,0,0
4302303,Bom Jesus,0,,RS,Rio Grande do Sul,4198,11160,2623,9.364,35,98.83,67.4,18,0,0,0
4304663,Capão do Leão,0,Aglomeração Urbana do Sul,RS,Rio Grande do Sul,10141,26367,783,95.098,35,95.74,55.57,39,0,0,0
4322400,Uruguaiana,0,,RS,Rio Grande do Sul,41707,116405,5702,97.132,35,92.9,56.74,100,0,20,0
4322509,Vacaria,0,,RS,Rio Grande do Sul,23648,63802,2124,97.011,35,96.05,61.36,134,0,0,0
4314100,Passo Fundo,0,,RS,Rio Grande do Sul,81744,204815,784,97.546,35,90.44,63.97,332,0,36,0
4321402,Tenente Portela,0,,RS,Rio Grande do Sul,5332,14471,337,94.241,35,94.04,70.54,2191,2069,0,0
4303103,Cachoeirinha,0,Região Metropolitana de Porto Alegre,RS,Rio Grande do Sul,52484,135865,44,98.186,35,91.05,56.66,135,0,0,0
4312708,Nonoai,0,,RS,Rio Grande do Sul,5131,13660,469,91.616,35,98.05,68.54,0,0,0,0
4313060,Nova Hartz,0,Região Metropolitana de Porto Alegre,RS,Rio Grande do Sul,7571,20039,62,96.828,35,97.17,47.43,10,0,0,0
4304630,Capão da Canoa,0,Aglomeração Urbana do Litoral Norte,RS,Rio Grande do Sul,23879,63362,98,97.739,35,91.96,56.02,55,0,0,0
4320909,Tapejara,0,,RS,Rio Grande do Sul,9340,24493,238,97.714,35,93.45,60.11,84,0,0,0
4311403,Lajeado,0,,RS,Rio Grande do Sul,37971,93021,91,97.765,35,93.09,58.72,201,0,92,0
4311429,Lajeado do Bugre,0,,RS,Rio Grande do Sul,983,2598,68,87.988,35,104,60.04,90,0,0,0
4310603,Itaqui,0,,RS,Rio Grande do Sul,12910,35571,3407,95.378,35,96.64,57.12,20,0,0,0
4212007,Palma Sola,0,Região Metropolitana do Extremo Oeste,SC,Santa Catarina,2783,7596,331,923,35,104.55,54.69,1,0,0,0
4203956,Capivari de Baixo,0,Região Metropolitana de Tubarão,SC,Santa Catarina,8586,23930,53,97.458,35,92.88,54.1,16,0,654,0
4204558,Correia Pinto,0,Região Metropolitana de Lages,SC,Santa Catarina,5639,15700,647,93.963,35,99.35,51.86,7,0,0,0
4216602,São José,0,Região Metropolitana de Florianópolis,SC,Santa Catarina,105580,269468,150,98.314,35,91.16,57.62,390,0,43,0
4203907,Capinzal,0,Região Metropolitana do Contestado,SC,Santa Catarina,8948,23288,244,96.285,35,99.93,53.02,7,0,0,0
4202404,Blumenau,0,Região Metropolitana do Vale do Itajaí,SC,Santa Catarina,137282,358552,519,98.608,35,95.41,59.9,345,0,0,0
4204608,Criciúma,0,Região Metropolitana Carbonífera,SC,Santa Catarina,79776,212213,235,98.031,35,95.08,56.24,212,0,1,0
4206900,Ibirama,0,Região Metropolitana do Alto Vale do Itajaí,SC,Santa Catarina,7261,19846,247,9.764,35,100,55.55,40,0,0,0
4216909,São Lourenço do Oeste,0,Região Metropolitana do Extremo Oeste,SC,Santa Catarina,8991,24662,356,95.332,35,98.22,63.15,15,0,0,0
4203600,Campos Novos,0,Região Metropolitana do Contestado,SC,Santa Catarina,13592,36790,1718,95.949,35,99,52.64,38,0,397,330
4202453,Bombinhas,0,Região Metropolitana da Foz do Rio Itajaí,SC,Santa Catarina,9064,24875,35,98.118,35,97.11,48.2,79,0,0,0
4205001,Dionísio Cerqueira,0,Região Metropolitana do Extremo Oeste,SC,Santa Catarina,5630,14977,379,93.198,35,97.99,56.06,9,0,0,0
4207007,Içara,0,Região Metropolitana Carbonífera,SC,Santa Catarina,21095,58938,230,97.391,35,98.22,46.32,21,0,0,0
4214805,Rio do Sul,0,Região Metropolitana do Alto Vale do Itajaí,SC,Santa Catarina,27416,72189,261,98.025,35,95.4,57.99,109,0,0,0
4207908,Irineópolis,0,"Região Metropolitana do Norte/Nordeste Catarinense, Região Metropolitana do Planalto Norte",SC,Santa Catarina,3603,10246,590,94.459,35,104.03,50,8,0,0,0
4219705,Xaxim,0,Região Metropolitana de Chapecó,SC,Santa Catarina,11649,31907,294,96.299,35,99.24,54.25,52,0,0,0
4200309,Agronômica,0,Região Metropolitana do Alto Vale do Itajaí,SC,Santa Catarina,2229,6035,130,97.485,35,101.63,57.85,0,0,0,0
4205100,Dona Emma,0,Região Metropolitana do Alto Vale do Itajaí,SC,Santa Catarina,1455,4206,178,96.794,35,106.61,55.4,2,0,0,0
4207809,Irani,0,Região Metropolitana do Contestado,SC,Santa Catarina,3654,10187,326,94.878,35,104.1,58.4,6,0,0,0
4210704,Matos Costa,0,Região Metropolitana do Contestado,SC,Santa Catarina,964,2759,435,9.223,35,108.53,53.58,0,0,0,0
4216503,São Joaquim,0,Região Metropolitana de Lages,SC,Santa Catarina,9578,25879,1889,95.426,35,102.6,53.74,8,0,0,0
4219358,Vitor Meireles,0,Região Metropolitana do Alto Vale do Itajaí,SC,Santa Catarina,1922,5368,370,96.003,35,109.6,57.21,486,468,0,0
4201406,Araranguá,0,Região Metropolitana Carbonífera,SC,Santa Catarina,26770,71511,302,97.253,35,95.99,55.98,78,0,130,0
4209300,Lages,0,Região Metropolitana de Lages,SC,Santa Catarina,59935,164210,2638,96.411,35,93.74,59.13,103,0,0,0
4215000,Rio Negrinho,0,"Região Metropolitana do Norte/Nordeste Catarinense, Região Metropolitana de Joinville ",SC,Santa Catarina,13742,39200,907,96.663,35,98.61,49.11,40,0,0,0
4202107,Barra Velha,0,"Região Metropolitana do Norte/Nordeste Catarinense, Região Metropolitana de Jaraguá do Sul",SC,Santa Catarina,16156,45139,139,97.557,35,97.34,52.58,54,0,0,0
4219408,Witmarsum,0,Região Metropolitana do Alto Vale do Itajaí,SC,Santa Catarina,1527,4242,154,96.238,35,104.47,55.93,8,0,0,0
4213500,Porto Belo,0,Região Metropolitana da Foz do Rio Itajaí,SC,Santa Catarina,9875,27531,94,97.689,35,98.89,46.89,19,0,58,0
4201901,Aurora,0,Região Metropolitana do Alto Vale do Itajaí,SC,Santa Catarina,2431,6767,207,97.025,35,105.21,59.78,7,0,0,0
4202537,Bom Jesus,0,Região Metropolitana do Extremo Oeste,SC,Santa Catarina,974,2775,64,9.356,35,105.4,54.72,57,0,0,0
4210506,Maravilha,0,Região Metropolitana do Extremo Oeste,SC,Santa Catarina,10619,28055,170,97.138,35,98.74,59.25,2,0,0,0
4201257,Apiúna,0,Região Metropolitana do Vale do Itajaí,SC,Santa Catarina,3535,9811,493,95.034,35,100.22,55.47,10,0,0,0
4215802,São Bento do Sul,0,"Região Metropolitana do Norte/Nordeste Catarinense, Região Metropolitana de Joinville ",SC,Santa Catarina,30055,83257,496,98.277,35,97.52,49.08,48,0,0,0
4203808,Canoinhas,0,"Região Metropolitana do Norte/Nordeste Catarinense, Região Metropolitana do Planalto Norte",SC,Santa Catarina,19730,54737,1148,9.701,35,97.48,53.74,22,0,0,0
4200200,Agrolândia,0,Região Metropolitana do Alto Vale do Itajaí,SC,Santa Catarina,3914,10987,207,97.113,35,99.78,52.53,2,0,0,0
2805505,Poço Verde,0,,SE,Sergipe,8211,21754,441,78.078,35,94.28,62.21,15,0,317,0
2800670,Boquim,0,,SE,Sergipe,8867,24592,205,80.468,35,93.54,54.9,21,0,0,0
2801603,Cedro de São João,0,,SE,Sergipe,1933,5391,84,84.348,35,95.18,58.21,0,0,9,0
2800308,Aracaju,1,Região Metropolitana de Aracaju,SE,Sergipe,218513,601372,182,94.779,35,84.81,55.15,1938,0,989,146
2804458,Nossa Senhora Aparecida,0,,SE,Sergipe,3376,9218,341,74.508,35,99.57,60.72,8,0,152,134
2802601,Gracho Cardoso,0,,SE,Sergipe,2115,5821,243,76.861,35,101.38,57,6,0,0,0
3509007,Caieiras,0,Região Metropolitana de São Paulo,SP,São Paulo,32684,94759,98,97.252,35,93.92,49.34,170,0,0,0
3504701,Balbinos,0,,SP,São Paulo,542,1368,92,97.067,35,443.64,105.44,4,0,0,0
3504602,Bady Bassitt,0,Região Metropolitana de São José do Rio Preto,SP,São Paulo,9958,27248,110,97.563,35,96.24,48.3,21,0,0,0
3511409,Cerqueira César,0,,SP,São Paulo,7399,20257,512,95.419,35,108.52,60.89,6,0,0,0
3551702,Sertãozinho,0,Região Metropolitana de Ribeirão Preto,SP,São Paulo,45875,126731,403,96.136,35,94.33,54.28,78,0,5,0
3503109,Arandu,0,,SP,São Paulo,2383,6824,286,93.675,35,100.9,61.26,1,0,0,0
3518602,Guariba,0,Região Metropolitana de Ribeirão Preto,SP,São Paulo,12902,36710,270,94.048,35,93.04,49.83,15,0,0,0
3529401,Mauá,0,Região Metropolitana de São Paulo,SP,São Paulo,152619,417269,62,96.739,35,92.82,51.26,378,0,0,0
3532009,Morungaba,0,Região Metropolitana de Campinas,SP,São Paulo,4779,13567,147,96.364,35,95.58,60.33,8,0,0,0
3535101,Palmares Paulista,0,,SP,São Paulo,3433,9634,82,93.125,35,100.58,45.72,9,0,0,0
3554201,Tejupá,0,,SP,São Paulo,1434,4127,296,90.603,35,104.1,66.43,4,0,0,0
3502705,Apiaí,0,,SP,São Paulo,8822,24492,974,94.006,35,99.99,55.99,22,0,0,0
3521200,Iporanga,0,,SP,São Paulo,1459,4039,1152,93.306,35,102.1,52.45,13,0,1424,717
3554003,Tatuí,0,Região Metropolitana de Sorocaba,SP,São Paulo,44201,123694,524,97.121,35,95.3,58.73,133,0,0,0
3554300,Teodoro Sampaio,0,,SP,São Paulo,8104,22118,1556,93.799,35,97.04,52.2,13,0,0,0
3507100,Bom Jesus dos Perdões,0,,SP,São Paulo,7725,21929,108,95.631,35,97.86,54.18,9,0,26,0
3536307,Patrocínio Paulista,0,Aglomeração Urbana de Franca,SP,São Paulo,5023,14473,603,95.843,35,101.7,56.39,7,0,0,0
3551405,Serra Azul,0,Região Metropolitana de Ribeirão Preto,SP,São Paulo,3092,9008,283,94.162,35,178.54,62,3,0,0,0
3509700,Campos do Jordão,0,Região Metropolitana do Vale do Paraíba e Litoral Norte,SP,São Paulo,16144,46610,290,96.462,35,95.33,53.61,35,0,0,0
3518503,Guareí,0,,SP,São Paulo,4516,12269,568,95.068,35,150.55,69.61,17,0,0,0
3521101,Ipeúna,0,Região Metropolitana de Piracicaba,SP,São Paulo,2392,6830,190,9.556,35,100.38,60.62,5,0,0,0
3512407,Cordeirópolis,0,Região Metropolitana de Piracicaba,SP,São Paulo,8530,24477,138,97.082,35,97.33,54.2,6,0,0,0
3501707,Américo Brasiliense,0,,SP,São Paulo,11411,32920,123,94.497,35,97.61,48.18,16,0,0,0
3501152,Alumínio,0,Região Metropolitana de Sorocaba,SP,São Paulo,5944,17276,84,96.204,35,98.77,51.54,7,0,0,0
3536406,Paulicéia,0,,SP,São Paulo,2930,7923,374,94.786,35,101.34,53.98,1,0,0,0
3526209,Juquitiba,0,Região Metropolitana de São Paulo,SP,São Paulo,10005,27301,522,92.182,35,101.17,55.88,34,0,0,0
3515103,Embu-Guaçu,0,Região Metropolitana de São Paulo,SP,São Paulo,23396,66632,156,95.435,35,96.77,49.74,93,0,0,0
3554755,Trabiju,0,,SP,São Paulo,598,1680,63,91.166,35,103.63,55.52,4,0,0,0
3555406,Ubatuba,0,Região Metropolitana do Vale do Paraíba e Litoral Norte,SP,São Paulo,34010,92792,708,9.638,35,97.55,51.48,642,193,1370,412
3512704,Corumbataí,0,Região Metropolitana de Piracicaba,SP,São Paulo,1458,4186,279,94.861,35,99.95,59.33,5,0,0,0
3514908,Elias Fausto,0,Região Metropolitana de Piracicaba,SP,São Paulo,5967,17677,202,94.667,35,100.69,51.78,1,0,0,0
3539806,Poá,0,Região Metropolitana de São Paulo,SP,São Paulo,35377,103600,17,97.354,35,92.15,54.18,79,0,0,0
3514601,Dumont,0,Região Metropolitana de Ribeirão Preto,SP,São Paulo,3296,9465,111,96.079,35,98.93,57.33,3,0,0,0
3546504,Santa Ernestina,0,,SP,São Paulo,2204,6116,134,95.121,35,100.79,53.74,5,0,0,0
3520400,Ilhabela,0,Região Metropolitana do Vale do Paraíba e Litoral Norte,SP,São Paulo,12710,34851,346,96.719,35,97.83,45.52,112,0,0,0
3511607,Cesário Lange,0,Região Metropolitana de Sorocaba,SP,São Paulo,6140,17948,190,95.537,35,105.28,58.74,10,0,0,0
3552403,Sumaré,0,Região Metropolitana de Campinas,SP,São Paulo,98547,279328,153,96.499,35,95.56,46.26,246,0,5,0
3548005,Santo Antônio de Posse,0,Região Metropolitana de Campinas,SP,São Paulo,7986,23161,154,96.256,35,99.73,55.69,2,0,0,0
3547007,Santa Maria da Serra,0,Região Metropolitana de Piracicaba,SP,São Paulo,1854,5239,253,93.378,35,101.5,54.14,4,0,0,0
3523701,Itirapuã,0,Aglomeração Urbana de Franca,SP,São Paulo,2005,5756,161,93.815,35,102.77,68.83,3,0,0,0
3531902,Morro Agudo,0,Região Metropolitana de Ribeirão Preto,SP,São Paulo,10018,27862,1388,94.849,35,96.08,53.76,5,0,0,0
3506706,Boa Esperança do Sul,0,,SP,São Paulo,4655,12945,691,92.601,35,96.96,55.24,5,0,0,0
3513801,Diadema,0,Região Metropolitana de São Paulo,SP,São Paulo,144824,392352,31,96.775,35,91.25,50.25,288,0,0,0
3535408,Panorama,0,,SP,São Paulo,5489,14938,356,93.331,35,97.57,59.57,0,0,0,0
3503901,Arujá,0,Região Metropolitana de São Paulo,SP,São Paulo,29348,86567,96,96.453,35,94.28,49.09,111,0,0,0
3524501,Jaci,0,Região Metropolitana de São José do Rio Preto,SP,São Paulo,2637,7444,145,93.425,35,102.15,48.48,5,0,0,0
3525201,Jarinu,0,Região Metropolitana de Jundiaí,SP,São Paulo,12965,37475,208,96.082,35,100.67,48.68,35,0,0,0
3522307,Itapetininga,0,Região Metropolitana de Sorocaba,SP,São Paulo,54547,154307,1789,96.875,35,99.63,58.49,127,0,0,0
3503802,Artur Nogueira,0,Região Metropolitana de Campinas,SP,São Paulo,18150,51419,178,95.411,35,97.02,52.85,31,0,0,0
3523305,Itariri,0,,SP,São Paulo,5654,15461,274,93.929,35,98.57,56.15,97,40,0,0
3525607,João Ramalho,0,,SP,São Paulo,1543,4363,415,90.978,35,98.68,53.68,3,0,0,0
3532702,Nipoã,0,Região Metropolitana de São José do Rio Preto,SP,São Paulo,1761,4748,138,9.291,35,105.09,52.99,3,0,0,0
3511904,Clementina,0,,SP,São Paulo,2566,6963,169,93.797,35,98.58,58.31,15,0,0,0
3534005,Onda Verde,0,Região Metropolitana de São José do Rio Preto,SP,São Paulo,1703,4766,243,94.288,35,101.22,55.5,17,0,0,0
3544004,Rio das Pedras,0,Região Metropolitana de Piracicaba,SP,São Paulo,10674,31302,227,96.602,35,99.36,49.13,13,0,0,0
3551900,Severínia,0,Região Metropolitana de São José do Rio Preto,SP,São Paulo,5058,14534,140,92.421,35,105.09,56.25,2,0,0,0
3517208,Guaiçara,0,,SP,São Paulo,3997,11237,277,95.563,35,97.8,55.37,11,0,0,0
3525102,Jardinópolis,0,Região Metropolitana de Ribeirão Preto,SP,São Paulo,14872,43296,502,96.111,35,107.33,55.68,20,0,0,0
3552809,Taboão da Serra,0,Região Metropolitana de São Paulo,SP,São Paulo,99423,273322,20,97.229,35,90.2,46.96,336,0,30,0
3506607,Biritiba-Mirim,0,Região Metropolitana de São Paulo,SP,São Paulo,10436,29623,317,94.086,35,99.11,61.55,26,0,0,0
3553500,Tapiraí,0,Região Metropolitana de Sorocaba,SP,São Paulo,2812,7978,755,92.669,35,100.9,58.57,151,142,0,0
3510203,Capão Bonito,0,,SP,São Paulo,16045,46202,1640,94.205,35,98.16,58.08,43,0,42,0
3536109,Pardinho,0,,SP,São Paulo,2504,7139,210,94.752,35,103.09,58.25,2,0,0,0
3517505,Guapiaçu,0,Região Metropolitana de São José do Rio Preto,SP,São Paulo,7735,21657,325,95.264,35,98.24,61.48,24,0,0,0
3541802,Queiroz,0,,SP,São Paulo,1225,3259,235,92.976,35,99.82,44.62,1,0,0,0
3542701,Restinga,0,Aglomeração Urbana de Franca,SP,São Paulo,2183,6380,246,9.533,35,98.45,48.38,3,0,0,0
3501400,Álvaro de Carvalho,0,,SP,São Paulo,1168,3151,154,9.329,35,204.5,74.35,1,0,0,0
3522406,Itapeva,0,,SP,São Paulo,31773,89562,1826,95.585,35,96.38,53,35,0,357,253
3541901,Queluz,0,Região Metropolitana do Vale do Paraíba e Litoral Norte,SP,São Paulo,3249,9088,249,95.384,35,98.33,60.03,6,0,0,0
3544301,Roseira,0,Região Metropolitana do Vale do Paraíba e Litoral Norte,SP,São Paulo,3637,10828,130,96.748,35,100.15,52.24,6,0,0,0
3553955,Tarumã,0,,SP,São Paulo,5231,14875,303,94.334,35,98.88,45.86,5,0,0,0
3518701,Guarujá,0,Região Metropolitana da Baixada Santista,SP,São Paulo,99388,287098,145,96.153,35,92.39,50.2,474,0,67,0
3530607,Mogi das Cruzes,0,Região Metropolitana de São Paulo,SP,São Paulo,158693,450689,713,97.066,35,92.69,54.21,534,0,0,0
3534401,Osasco,0,Região Metropolitana de São Paulo,SP,São Paulo,261473,725647,65,97.191,35,90.67,54.87,615,0,17,0
3557006,Votorantim,0,Região Metropolitana de Sorocaba,SP,São Paulo,44335,126910,184,9.765,35,95.06,51.85,80,0,1,0
3534203,Orindiúva,0,Região Metropolitana de São José do Rio Preto,SP,São Paulo,2117,5994,247,93.965,35,100.2,49.71,0,0,0,0
3553906,Tarabai,0,,SP,São Paulo,2321,6518,201,93.569,35,96.45,57.94,2,0,0,0
3547304,Santana de Parnaíba,0,Região Metropolitana de São Paulo,SP,São Paulo,52312,154053,180,97.013,35,94.05,42.72,166,0,0,0
3521309,Ipuã,0,Aglomeração Urbana de Franca,SP,São Paulo,5339,14445,466,94.768,35,99.09,55.55,2,0,0,0
1707108,Divinópolis do Tocantins,0,,TO,Tocantins,2533,7011,2358,89.688,35,104.9,52.57,10,0,0,0
1708304,Goianorte,0,,TO,Tocantins,1691,4738,1797,86.412,35,108.36,52.16,7,0,0,0
1707702,Filadélfia,0,,TO,Tocantins,2556,7707,1991,8.723,35,108.26,56.82,9,0,111,108
1711100,Itaporã do Tocantins,0,,TO,Tocantins,822,2366,970,88.729,35,105.82,49.14,6,0,0,0
1715002,Nova Rosalândia,0,,TO,Tocantins,1167,3353,515,89.832,35,103.88,58.51,11,0,0,0
1714302,Nazaré,0,,TO,Tocantins,1531,4515,396,84.583,35,100.13,57.76,42,0,0,0
1713601,Monte do Carmo,0,Região Metropolitana de Palmas,TO,Tocantins,1929,5686,3601,85.573,35,107.21,51.87,40,0,385,0
1703701,Brejinho de Nazaré,0,Região Metropolitana de Palmas,TO,Tocantins,1709,4723,1723,85.952,35,103.75,58.94,7,0,1022,0
1718899,Santa Rita do Tocantins,0,,TO,Tocantins,780,2210,3281,88.985,35,109.34,46.85,3,0,0,0
1720853,Sucupira,0,Região Metropolitana de Gurupi,TO,Tocantins,591,1577,1018,87.571,35,109.15,58.67,0,0,0,0
1716703,Colméia,0,,TO,Tocantins,3209,8892,1161,88.214,35,104.88,58.26,9,0,0,0
1701309,Aragominas,0,,TO,Tocantins,1834,5283,1168,82.747,35,112.11,51.84,21,0,829,0
1716653,Pequizeiro,0,,TO,Tocantins,1706,4921,1206,85.284,35,108.25,45.6,0,0,0,0
1707553,Fátima,0,Região Metropolitana de Palmas,TO,Tocantins,1194,3452,380,90.118,35,102.16,51.37,4,0,0,0
1718840,Sandolândia,0,Região Metropolitana de Gurupi,TO,Tocantins,1311,3703,3535,88.692,35,112.38,50.12,257,198,0,0
2909109,Coribe,0,,BA,Bahia,4986,13961,2663,79.183,37,104.8,73.11,37,0,0,0
2910206,Dom Macedo Costa,0,,BA,Bahia,1639,4405,95,84.769,37,93.88,66.96,201,0,0,0
2933257,Vereda,0,,BA,Bahia,2253,6002,782,79.415,37,108.22,69.17,73,0,0,0
2900603,Aiquara,0,,BA,Bahia,1506,4433,168,7.955,37,99.42,67.06,5,0,0,0
2928604,Santo Amaro,0,,BA,Bahia,20671,55771,495,89.678,37,89,62.71,582,0,6929,1042
2909505,Cravolândia,0,,BA,Bahia,1619,4415,183,80.839,37,98.34,67.74,3,0,0,0
2916906,Itiruçu,0,,BA,Bahia,3973,10947,322,79.469,37,93.44,73.72,14,0,56,0
2929107,São Felipe,0,,BA,Bahia,7340,20162,222,83.508,37,95.33,67.11,170,0,0,0
2920106,Mairi,0,,BA,Bahia,6377,17660,907,80.282,37,98.5,79.6,14,0,0,0
2907558,Caturama,0,,BA,Bahia,3015,8812,716,7.589,37,103.48,83.66,13,0,0,0
2914109,Ipupiara,0,,BA,Bahia,3551,9932,1056,874,37,99.22,77.16,4,0,5,0
2904803,Caatiba,0,,BA,Bahia,2175,6189,512,77.751,37,105.6,70.6,19,0,131,0
2904506,Brotas de Macaúbas,0,,BA,Bahia,4252,11725,2521,88.238,37,105.29,80.03,127,0,30,0
2903300,Barro Preto,0,,BA,Bahia,2242,5833,202,80.466,37,100.03,69.77,221,0,0,0
2923605,Paramirim,0,,BA,Bahia,6762,20339,1087,82.598,37,98.88,82.38,12,0,29,0
2914802,Itabuna,0,,BA,Bahia,71961,185314,401,91.795,37,87.03,66.49,2901,0,871,0
2912103,Ibicaraí,0,,BA,Bahia,8317,21619,231,82.812,37,93.04,78.63,145,0,0,0
2907509,Catu,0,,BA,Bahia,18304,48122,427,91.202,37,87.67,55.89,374,0,539,0
2903003,Barra do Mendes,0,,BA,Bahia,5044,13824,1436,88.823,37,101.9,78.55,365,0,1552,0
2932408,Uibaí,0,,BA,Bahia,4874,13426,545,88.106,37,102.23,68.54,30,0,1360,0
2912301,Ibicuí,0,,BA,Bahia,5314,13918,1139,80.894,37,98.94,73.73,328,0,110,0
2915502,Itajuípe,0,,BA,Bahia,6999,18768,271,8.114,37,95.17,68.13,68,0,0,0
2902005,Aracatu,0,,BA,Bahia,4607,13935,1490,77.468,37,104.43,76.77,8,0,639,0
2924900,Planaltino,0,,BA,Bahia,2922,8002,955,7.381,37,105.8,74.27,24,0,176,0
2929008,São Félix,0,,BA,Bahia,3930,11021,103,87.216,37,91.39,58.85,213,0,1395,0
2904704,Buerarema,0,,BA,Bahia,5719,14771,219,82.617,37,95.12,72.88,705,0,169,0
2930303,Serra Dourada,0,,BA,Bahia,5898,17056,1592,8.058,37,105.17,66.12,13,0,0,0
2929800,Saúde,0,,BA,Bahia,3957,10466,509,81.507,37,95.41,72.02,19,0,209,0
2920304,Malhada de Pedras,0,,BA,Bahia,2989,8670,551,80.362,37,104.05,77.16,23,0,105,0
2926301,Riachão do Jacuípe,0,Área de Expansão Metropolitana,BA,Bahia,12502,33343,1155,85.105,37,94.04,73.69,26,0,349,0
2913002,Ibitiara,0,,BA,Bahia,5086,14552,1834,81.047,37,99.33,90.53,13,0,1272,37
2916104,Itaparica,0,Região Metropolitana de Salvador,BA,Bahia,7389,19686,121,92.536,37,89.35,61.62,625,0,237,0
2931400,Teodoro Sampaio,0,,BA,Bahia,2608,7091,245,84.623,37,93.42,76.43,1,0,58,0
2911006,Floresta Azul,0,,BA,Bahia,3862,11058,321,78.056,37,103.59,76.96,38,0,0,0
2924504,Pindaí,0,,BA,Bahia,5018,14711,628,80.681,37,102.91,74.72,29,0,551,0
2907806,Cícero Dantas,0,,BA,Bahia,11672,30866,820,75.986,37,97.25,78.7,223,0,240,0
2925600,Presidente Dutra,0,,BA,Bahia,5401,15120,232,86.325,37,100.56,63.6,12,0,1176,0
2910776,Feira da Mata,0,,BA,Bahia,1976,5625,1176,79.592,37,105.06,66.7,37,0,0,0
2917102,Itororó,0,,BA,Bahia,6210,16587,314,79.133,37,96.42,72.12,410,0,92,0
2932002,Uauá,0,,BA,Bahia,8736,24620,3060,80.053,37,101.87,69.88,21,0,139,0
2301802,Baixio,0,,CE,Ceará,2011,5702,146,78.774,37,102.27,74.29,10,0,0,0
2306207,Itaiçaba,0,,CE,Ceará,2816,7517,214,81.609,37,93.63,70.89,3,0,0,0
2313005,Solonópole,0,,CE,Ceará,6590,18172,1536,78.324,37,101.01,77.75,3,0,39,0
2303303,Cariús,0,,CE,Ceará,6290,17015,1036,74.636,37,102.01,81.36,6,0,0,0
2313708,Umari,0,,CE,Ceará,2406,6862,263,76.243,37,102.03,78.97,1,0,0,0
2303808,Cedro,0,,CE,Ceará,8075,22336,730,7.787,37,97.05,83.25,0,0,0,0
2300309,Acopiara,0,,CE,Ceará,16398,44911,2254,72.726,37,97.93,74.77,24,0,0,0
2302008,Barro,0,,CE,Ceará,6946,19377,711,79.297,37,96.46,79.98,12,0,0,0
3202405,Guarapari,0,Região Metropolitana da Grande Vitória,ES,Espírito Santo,46731,123647,590,95.798,37,94.86,60.9,295,0,134,0
3202207,Fundão,0,Região Metropolitana da Grande Vitória,ES,Espírito Santo,6715,17951,287,93.371,37,97.67,67.68,30,0,0,0
3201506,Colatina,0,,ES,Espírito Santo,45911,118844,1398,94.763,37,93.88,69.37,60,0,0,0
3202504,Ibiraçu,0,,ES,Espírito Santo,4249,11721,201,93.599,37,98.16,65.84,126,0,0,0
3201209,Cachoeiro de Itapemirim,0,,ES,Espírito Santo,70983,184464,865,95.744,37,93.65,65.57,103,0,587,564
3201100,Bom Jesus do Norte,0,,ES,Espírito Santo,4013,10208,89,94.109,37,89.29,75.71,3,0,0,0
3205150,Vila Pavão,0,,ES,Espírito Santo,3341,8902,433,90.883,37,101.83,59.62,7,0,0,0
3202256,Governador Lindenberg,0,,ES,Espírito Santo,3983,11009,360,91.151,37,105.89,65.28,0,0,0,0
3200805,Baixo Guandu,0,,ES,Espírito Santo,11404,30608,909,91.392,37,95.43,66.93,31,0,0,0
3205200,Vila Velha,0,Região Metropolitana da Grande Vitória,ES,Espírito Santo,177116,458741,210,97.438,37,93.16,68.09,853,0,0,0
3200136,Águia Branca,0,,ES,Espírito Santo,3649,9708,454,91.469,37,103.12,64.37,16,0,0,0
5220108,São Luís de Montes Belos,0,,GO,Goiás,13084,33653,830,94.261,37,92.94,73.51,18,0,0,0
5203609,Brazabrantes,0,Região Metropolitana de Goiânia,GO,Goiás,1548,3991,125,92.171,37,98.8,66.62,0,0,0,0
5212303,Leopoldo de Bulhões,0,,GO,Goiás,3250,8641,476,92.225,37,102.95,59.71,13,0,0,0
5204300,Caçu,0,,GO,Goiás,5354,13703,2254,92.098,37,99.1,72.27,8,0,0,0
5210109,Ipameri,0,,GO,Goiás,9709,25407,4383,93.179,37,99.22,67.31,86,0,0,0
5214879,Nova Iguaçu de Goiás,0,,GO,Goiás,1110,3007,626,91.154,37,105.18,54.56,3,0,0,0
5210000,Inhumas,0,Região Metropolitana de Goiânia,GO,Goiás,19577,51892,615,92.708,37,93.95,64.44,81,0,0,0
5213087,Minaçu,0,,GO,Goiás,9900,26706,2854,8.986,37,100.36,59.97,0,0,1649,0
5214408,Nazário,0,,GO,Goiás,3119,8176,281,90.891,37,99,62.6,11,0,0,0
5218102,Portelândia,0,,GO,Goiás,1246,3280,553,89.028,37,103.47,71.9,14,0,125,0
5209150,Gouvelândia,0,,GO,Goiás,1678,4381,827,87.011,37,103.52,60.33,1,0,0,0
5219308,Santa Helena de Goiás,0,,GO,Goiás,14249,38287,1142,9.136,37,96.55,62.07,29,0,0,0
5220207,São Miguel do Araguaia,0,,GO,Goiás,8213,21729,6150,8.933,37,102.03,66.29,121,0,0,0
5217302,Pirenópolis,0,Região Integrada de Desenvolvimento do Distrito Federal e Entorno,GO,Goiás,9776,26518,2200,92.988,37,101.18,64.23,44,0,53,0
5218904,Rubiataba,0,,GO,Goiás,7660,19676,751,92.621,37,98.04,71.39,0,0,0,0
5219902,São Francisco de Goiás,0,,GO,Goiás,2361,6358,417,88.999,37,102.99,67.55,1,0,0,0
5207501,Estrela do Norte,0,,GO,Goiás,1269,3205,301,88.371,37,97.23,70.72,2,0,0,0
5220405,São Simão,0,,GO,Goiás,6700,16978,415,91.719,37,95.95,64.03,8,0,0,0
5204607,Campestre de Goiás,0,,GO,Goiás,1397,3751,273,90.163,37,105.64,58.41,4,0,0,0
5211305,Itarumã,0,,GO,Goiás,2336,6069,3437,89.605,37,105.84,58.07,11,0,0,0
5215504,Ouvidor,0,,GO,Goiás,2607,7174,411,95.775,37,102.42,62.45,5,0,0,0
5210562,Itaguari,0,,GO,Goiás,1952,4963,143,91.077,37,101.67,74.85,1,0,0,0
3101409,Albertina,0,,MG,Minas Gerais,1035,2951,58,90.795,37,103.17,68.33,0,0,0,0
3139904,Maria da Fé,0,,MG,Minas Gerais,4782,14176,203,94.151,37,102.03,68.66,2,0,0,0
3161809,São Gonçalo do Pará,0,,MG,Minas Gerais,4319,11724,266,95.123,37,100.85,72.02,11,0,16,0
3171600,Virgem da Lapa,0,,MG,Minas Gerais,4327,11760,869,85.193,37,97.62,84.89,6,0,3310,0
3125408,Felício dos Santos,0,,MG,Minas Gerais,1904,5128,358,87.461,37,98.49,78.93,1,0,4,0
3134905,Jacutinga,0,,MG,Minas Gerais,9082,25413,348,95.528,37,97.75,67.28,26,0,0,0
3156601,Rubim,0,,MG,Minas Gerais,3395,10261,965,83.123,37,100.27,82.22,4,0,0,0
3160108,Santo Antônio do Grama,0,,MG,Minas Gerais,1498,4224,130,90.946,37,98.82,75.65,0,0,0,0
3101904,Alpinópolis,0,,MG,Minas Gerais,6594,18257,461,94.429,37,100.9,74.02,6,0,0,0
3112505,Capim Branco,0,Região Metropolitana de Belo Horizonte,MG,Minas Gerais,3598,10631,95,9.504,37,95.76,72.44,13,0,0,0
3117876,Confins,0,Região Metropolitana de Belo Horizonte,MG,Minas Gerais,2498,7322,42,96.087,37,97.47,63.57,5,0,0,0
3150802,Piranga,0,,MG,Minas Gerais,5892,16954,659,89.114,37,102.64,82.8,4,0,1419,0
3159902,Santo Antônio do Amparo,0,,MG,Minas Gerais,5993,17224,489,90.479,37,98.75,73.62,7,0,69,0
3162658,São João do Pacuí,0,,MG,Minas Gerais,1438,3971,416,82.908,37,106.12,71.54,0,0,0,0
3119500,Coronel Murta,0,,MG,Minas Gerais,2882,8191,815,84.597,37,102.32,78.85,584,0,622,0
3164704,São Sebastião do Paraíso,0,,MG,Minas Gerais,26679,71332,815,95.329,37,95.76,73.1,40,0,20,0
3106002,Bela Vista de Minas,0,,MG,Minas Gerais,3595,10163,109,95.259,37,92.23,65.61,3,0,0,0
3131307,Ipatinga,0,Região Metropolitana do Vale do Aço,MG,Minas Gerais,85709,227309,165,96.398,37,90.93,70.96,185,0,39,0
3171808,Virginópolis,0,,MG,Minas Gerais,3742,10292,440,91.419,37,95.97,78.4,3,0,0,0
3119401,Coronel Fabriciano,0,Região Metropolitana do Vale do Aço,MG,Minas Gerais,38423,104116,221,95.668,37,91.1,67.11,37,0,0,0
3136207,João Monlevade,0,,MG,Minas Gerais,29255,79791,99,9.714,37,91.28,75.95,207,0,4,0
3169109,Toledo,0,,MG,Minas Gerais,2599,7159,137,90.977,37,106.53,73.88,3,0,0,0
3126752,Franciscópolis,0,,MG,Minas Gerais,1811,5034,717,789,37,103.72,78.35,1,0,195,0
3131802,Itabirinha,0,,MG,Minas Gerais,3915,10351,209,87.707,37,95.07,74.07,11,0,0,0
3147204,Paraguaçu,0,,MG,Minas Gerais,7705,21653,424,9.472,37,99.6,80.75,1,0,0,0
3112802,Capitólio,0,,MG,Minas Gerais,3885,10311,522,97.129,37,100.97,75.24,2,0,0,0
3127339,Gameleiras,0,,MG,Minas Gerais,1747,4780,1733,79.937,37,101.81,62.15,6,0,0,0
3119203,Coroaci,0,,MG,Minas Gerais,3298,10870,576,90.502,37,104.32,92.67,18,0,0,0
3162252,São João da Lagoa,0,,MG,Minas Gerais,1848,4811,998,88.687,37,107.93,62.71,3,0,38,0
3152204,Porteirinha,0,,MG,Minas Gerais,13668,37340,1750,83.539,37,97.47,69.45,62,0,428,92
3107703,Bom Jesus do Amparo,0,Colar Metropolitano de Belo Horizonte,MG,Minas Gerais,1974,5626,196,94.622,37,98.34,76.82,1,0,670,0
3116902,Comendador Gomes,0,,MG,Minas Gerais,1084,2771,1041,90.125,37,105.41,63.18,0,0,0,0
3122470,Dom Bosco,0,,MG,Minas Gerais,1406,3697,817,91.492,37,110.06,63.4,2,0,0,0
3128303,Guaranésia,0,,MG,Minas Gerais,6867,18834,295,92.799,37,101.54,76.41,9,0,0,0
3171006,Vazante,0,,MG,Minas Gerais,7548,19913,1913,95.492,37,99.99,59.46,12,0,883,0
3151008,Piranguinho,0,,MG,Minas Gerais,3217,9101,125,95.582,37,103.89,66.94,3,0,0,0
3112604,Capinópolis,0,,MG,Minas Gerais,5574,14612,621,90.793,37,97.51,72.48,109,0,0,0
3144805,Nova Lima,0,Região Metropolitana de Belo Horizonte,MG,Minas Gerais,39805,111269,429,97.953,37,94.35,59.16,81,0,0,0
3159704,Santa Rosa da Serra,0,,MG,Minas Gerais,1206,3373,284,88.938,37,107.74,70.92,8,0,9,0
3165404,Sapucaí-Mirim,0,,MG,Minas Gerais,2323,6304,285,92.945,37,105.97,67.09,0,0,0,0
3132404,Itajubá,0,,MG,Minas Gerais,33627,91969,295,97.294,37,95.86,73.08,34,0,0,0
3143500,Morada Nova de Minas,0,,MG,Minas Gerais,3432,9017,2084,94.041,37,105.23,69.47,6,0,0,0
3103009,Antônio Dias,0,Colar Metropolitano,MG,Minas Gerais,3210,9205,787,90.277,37,103.47,64.5,4,0,234,0
3139805,Mar de Espanha,0,,MG,Minas Gerais,4768,12661,372,94.174,37,91.78,78.76,6,0,0,0
3170057,Ubaporanga,0,,MG,Minas Gerais,4666,12999,189,89.913,37,101.16,67.22,34,0,0,0
3150539,Pingo-d'Água,0,Colar Metropolitano,MG,Minas Gerais,1635,4692,67,87.313,37,95.59,62.89,9,0,0,0
3169356,Três Marias,0,,MG,Minas Gerais,10782,28770,2678,94.179,37,95.39,61.55,23,0,53,0
3103504,Araguari,0,,MG,Minas Gerais,44069,116968,2730,96.335,37,95.84,73.22,62,0,268,0
3133006,Itamonte,0,,MG,Minas Gerais,5289,14758,432,96.867,37,98.71,73.19,2,0,0,0
3137601,Lagoa Santa,0,Região Metropolitana de Belo Horizonte,MG,Minas Gerais,27431,74963,229,97.569,37,92.95,58.86,78,0,1,0
3165206,São Thomé das Letras,0,,MG,Minas Gerais,2790,6804,370,91.871,37,106.77,57.78,20,0,0,0
3127701,Governador Valadares,0,,MG,Minas Gerais,97764,255251,2342,94.946,37,89.91,71.32,259,0,290,0
3148509,Pavão,0,,MG,Minas Gerais,2730,8027,601,8.098,37,99.68,79.35,9,0,10,0
3107406,Bom Despacho,0,,MG,Minas Gerais,19174,51592,1214,95.775,37,95.71,68.67,31,0,255,0
3118205,Conquista,0,,MG,Minas Gerais,2573,6662,618,92.701,37,102.36,76.19,8,0,0,0
3165107,São Tomás de Aquino,0,,MG,Minas Gerais,2444,6733,278,92.502,37,100.65,81.2,1,0,0,0
3113206,Carandaí,0,,MG,Minas Gerais,8201,23810,487,95.471,37,97.28,72.64,12,0,0,0
3127602,Gouveia,0,,MG,Minas Gerais,4003,11296,867,93.424,37,96.17,77.88,17,0,281,0
3143401,Monte Sião,0,,MG,Minas Gerais,9215,24000,292,95.346,37,97.78,69.6,3,0,0,0
3111606,Campos Gerais,0,,MG,Minas Gerais,9474,25947,770,91.425,37,101.72,68.65,38,0,0,0
3165503,Sardoá,0,,MG,Minas Gerais,1861,5091,142,85.676,37,99.3,71.26,1,0,0,0
3119104,Corinto,0,,MG,Minas Gerais,8668,23403,2525,91.848,37,96.33,74.45,12,0,49,0
3122900,Dona Eusébia,0,,MG,Minas Gerais,2164,6092,70,93.412,37,101.16,71.1,1,0,0,0
3159001,Santana do Riacho,0,,MG,Minas Gerais,1956,5307,677,9.219,37,101.1,72.16,39,0,0,0
3162948,São José da Barra,0,,MG,Minas Gerais,2759,7780,308,94.605,37,102.05,59.11,8,0,0,0
3163300,São José do Divino,0,,MG,Minas Gerais,1296,3464,329,84.144,37,93.95,71.55,2,0,0,0
3101607,Alfenas,0,,MG,Minas Gerais,29127,78528,850,95.777,37,94.63,73.33,66,0,0,0
3105301,Bandeira do Sul,0,,MG,Minas Gerais,2232,5942,47,92.187,37,98.1,75.62,1,0,0,0
3109451,Cabeceira Grande,0,Região Integrada de Desenvolvimento do Distrito Federal e Entorno,MG,Minas Gerais,2602,6627,1033,90.298,37,103.22,58.68,18,0,0,0
3151503,Piumhi,0,,MG,Minas Gerais,13801,35802,902,95.891,37,97.16,78.86,28,0,1,0
3117801,Conceição dos Ouros,0,,MG,Minas Gerais,3966,10851,180,94.364,37,104.13,68.13,1,0,0,0
3128253,Guaraciama,0,,MG,Minas Gerais,1857,5046,390,87.772,37,103.18,71.07,0,0,0,0
3130408,Ijaci,0,,MG,Minas Gerais,2366,6992,105,94.421,37,101.99,68.82,5,0,0,0
3143906,Muriaé,0,,MG,Minas Gerais,39416,103312,842,9.514,37,91.96,75.97,46,0,0,0
3157005,Salinas,0,,MG,Minas Gerais,14892,40078,1862,87.579,37,95.9,78.4,41,0,1938,0
3111150,Campo Azul,0,,MG,Minas Gerais,1276,3707,506,84.021,37,100.22,80.82,1,0,0,0
3149309,Pedro Leopoldo,0,Região Metropolitana de Belo Horizonte,MG,Minas Gerais,22633,62426,293,96.371,37,91.66,71.41,49,0,25,24
3161502,São Geraldo,0,,MG,Minas Gerais,3943,10256,186,92.107,37,98,75.34,8,0,0,0
3144003,Mutum,0,,MG,Minas Gerais,10226,27583,1251,87.746,37,102.25,68.58,12,0,0,0
3166956,Serranópolis de Minas,0,,MG,Minas Gerais,1526,4398,552,82.291,37,99.41,73.26,0,0,499,0
3143104,Monte Carmelo,0,,MG,Minas Gerais,18237,47423,1343,93.741,37,99.72,62.3,26,0,14,0
3145372,Novorizonte,0,,MG,Minas Gerais,1618,4571,272,85.866,37,100.04,79.98,10,0,0,0
3146107,Ouro Preto,0,,MG,Minas Gerais,26578,74433,1246,96.345,37,95.21,72.14,81,0,265,0
3114501,Carmópolis de Minas,0,,MG,Minas Gerais,6347,17855,400,94.894,37,102.42,70.48,10,0,89,0
3123809,Engenheiro Navarro,0,,MG,Minas Gerais,2295,6351,608,85.782,37,99.18,65.5,5,0,0,0
3133808,Itaúna,0,Colar Metropolitano de Belo Horizonte,MG,Minas Gerais,36796,96888,496,97.322,37,96.94,71.58,48,0,9,0
3107604,Bom Jesus da Penha,0,,MG,Minas Gerais,1644,4447,208,92.274,37,101.35,75.96,9,0,0,0
3109204,Buenópolis,0,,MG,Minas Gerais,3425,9091,1600,88.133,37,98.22,81.04,10,0,0,0
3113503,Carbonita,0,,MG,Minas Gerais,3419,8496,1456,8.652,37,101.28,65.41,3,0,15,0
3172004,Visconde do Rio Branco,0,,MG,Minas Gerais,14770,39101,243,94.033,37,94.76,65.35,26,0,83,0
3131703,Itabira,0,,MG,Minas Gerais,39739,113151,1254,95.376,37,90.59,66.18,87,0,429,0
3148400,Paulistas,0,,MG,Minas Gerais,1522,4367,221,86.906,37,94.98,84.1,2,0,173,0
3156809,Sabinópolis,0,,MG,Minas Gerais,5199,14226,920,87.684,37,96.79,80.18,3,0,1864,0
5008008,Terenos,0,,MS,Mato Grosso do Sul,6448,17539,2846,92.731,37,106.38,58.95,271,0,50,0
5006408,Pedro Gomes,0,,MS,Mato Grosso do Sul,2701,6882,3554,89.446,37,100.96,63.38,3,0,64,0
5000807,Anaurilândia,0,,MS,Mato Grosso do Sul,2913,7583,3416,91.487,37,101.18,57.61,11,0,0,0
5006309,Paranaíba,0,,MS,Mato Grosso do Sul,15806,40526,5405,92.498,37,98.02,67.42,19,0,0,0
5002902,Cassilândia,0,,MS,Mato Grosso do Sul,8259,20756,3658,92.601,37,98.86,74.95,21,0,0,0
5101605,Barão de Melgaço,0,Entorno Metropolitano da RM Vale do Rio Cuiabá,MT,Mato Grosso,2438,7235,11375,85.459,37,114.08,62.94,247,210,0,0
5105002,Jauru,0,,MT,Mato Grosso,3091,8328,1345,87.079,37,97.75,62.89,10,0,0,0
5103437,Curvelândia,0,,MT,Mato Grosso,1795,4899,357,89.217,37,99.47,62.24,2,0,0,0
5104500,Indiavaí,0,,MT,Mato Grosso,837,2200,592,89.294,37,94.46,61.05,1,0,0,0
2515500,Serra Branca,0,,PB,Paraíba,5054,13543,698,84.608,37,96,82.83,14,0,290,0
2510501,Olivedos,0,,PB,Paraíba,1286,3580,315,80.726,37,102.03,74.66,0,0,0,0
2513802,Santa Teresinha,0,Região Metropolitana de Patos,PB,Paraíba,1486,4401,359,77.947,37,97.93,75.45,2,0,0,0
2500205,Aguiar,0,Região Metropolitana do Vale do Piancó,PB,Paraíba,1836,5003,352,69.498,37,99.72,76.94,0,0,4,0
2504504,Condado,0,Região Metropolitana de Patos,PB,Paraíba,2275,6431,265,77.827,37,95.6,73.94,0,0,0,0
2510303,Nova Palmeira,0,Região Metropolitana de Barra de Santa Rosa,PB,Paraíba,1544,4250,315,80.206,37,99.3,75.78,2,0,19,0
2508109,Lagoa,0,,PB,Paraíba,1488,4384,177,73.444,37,96.48,75.27,2,0,0,0
2514008,São João do Cariri,0,,PB,Paraíba,1526,4194,613,82.832,37,95.65,76.44,17,0,0,0
2507408,Jericó,0,,PB,Paraíba,2518,7505,177,78.896,37,95.73,78.4,1,0,0,0
2510006,Nazarezinho,0,Região Metropolitana de Sousa,PB,Paraíba,2524,7202,193,7.425,37,103.53,74.89,1,0,0,0
2514404,São José de Espinharas,0,Região Metropolitana de Patos,PB,Paraíba,1344,4067,727,79.049,37,106.53,78.32,1,0,0,0
2500908,Arara,0,Região Metropolitana de Guarabira,PB,Paraíba,4333,12207,91,72.461,37,91.92,84.44,0,0,0,0
2506608,Ibiara,0,Região Metropolitana do Vale do Piancó,PB,Paraíba,2017,5627,240,7.006,37,98.2,71.29,4,0,0,0
2513604,Santana dos Garrotes,0,Região Metropolitana do Vale do Piancó,PB,Paraíba,2301,6567,361,7.023,37,94.46,79.68,2,0,0,0
2609600,Olinda,0,Região Metropolitana de Recife,PE,Pernambuco,127261,349263,41,93.957,37,84.89,66.2,656,0,46,0
2611606,Recife,1,Região Metropolitana de Recife,PE,Pernambuco,547461,1479517,219,94.524,37,84.87,69.04,2590,0,118,0
2607703,Itapetim,0,,PE,Pernambuco,5489,13781,412,81.945,37,95.89,74.36,18,0,2,0
2605806,Frei Miguelinho,0,,PE,Pernambuco,5143,13624,213,75.773,37,94.8,80.38,2,0,0,0
2612109,Salgadinho,0,,PE,Pernambuco,2051,5727,87,69.636,37,95.19,77.04,0,0,0,0
2211308,Valença do Piauí,0,,PI,Piauí,7961,22269,1334,81.959,37,91.33,71.42,29,0,170,0
2200103,Agricolândia,0,,PI,Piauí,1722,4939,112,78.958,37,93.27,75.81,16,0,0,0
2206753,Nossa Senhora de Nazaré,0,,PI,Piauí,1712,5228,357,77.854,37,102.95,75.49,1,0,0,0
2201176,Barra D'Alcântara,0,,PI,Piauí,1463,3995,264,7.809,37,91.61,70.16,0,0,0,0
2210904,Socorro do Piauí,0,,PI,Piauí,1451,4139,762,78.554,37,102.39,74.6,0,0,0,0
2211704,Wall Ferraz,0,,PI,Piauí,1389,4059,270,71.132,37,100.05,74.45,2,0,73,0
2209104,Santa Cruz do Piauí,0,,PI,Piauí,1972,5827,583,76.113,37,97.73,76.96,3,0,528,0
2203602,Eliseu Martins,0,,PI,Piauí,1534,4376,1098,80.556,37,103.77,78.73,1,0,0,0
2200251,Alagoinha do Piauí,0,,PI,Piauí,2575,6819,536,66.388,37,101.09,72.23,0,0,0,0
2202109,Campinas do Piauí,0,,PI,Piauí,1771,4932,784,77.402,37,105.49,65.67,0,0,1024,292
2210979,Tanque do Piauí,0,,PI,Piauí,870,2312,398,81.068,37,95.28,75.53,7,0,0,0
2210102,São José do Peixe,0,,PI,Piauí,1159,3292,1287,79.693,37,99.46,70.06,0,0,0,0
2204709,Inhuma,0,,PI,Piauí,5222,14951,978,76.734,37,99.47,69.11,33,0,0,0
2200608,Angical do Piauí,0,,PI,Piauí,2454,6815,222,81.851,37,97.2,78.61,1,0,0,0
2200301,Alto Longá,0,,PI,Piauí,4665,13479,1743,71.745,37,102.05,72.72,2,0,0,0
2211407,Várzea Grande,0,,PI,Piauí,1635,4417,236,78.272,37,94.67,73.73,3,0,0,0
2206704,Nazaré do Piauí,0,,PI,Piauí,2330,6665,1316,76.209,37,101.24,70.28,5,0,0,0
2207207,Padre Marcos,0,,PI,Piauí,2351,6366,279,65.992,37,94.22,62.73,11,0,0,0
2209377,Santa Rosa do Piauí,0,,PI,Piauí,1692,4650,338,76.171,37,96.37,73.04,0,0,14,0
2205102,Itaueira,0,,PI,Piauí,3681,10307,2554,78.782,37,101.15,71.76,15,0,0,0
2207850,Pavussu,0,,PI,Piauí,1296,3625,1091,71.073,37,113.41,70.71,1,0,0,0
2209153,Santa Cruz dos Milagres,0,,PI,Piauí,1181,3435,979,76.774,37,95.5,65.76,0,0,0,0
2203404,Dom Expedito Lopes,0,,PI,Piauí,2235,6320,219,81.029,37,97.62,74.7,0,0,0,0
2206050,Massapê do Piauí,0,,PI,Piauí,1742,5218,530,657,37,102.25,79.25,24,0,0,0
2210656,Sigefredo Pacheco,0,,PI,Piauí,3261,9455,1031,72.806,37,108,75.5,2,0,0,0
4109658,Honório Serpa,0,,PR,Paraná,1775,4935,502,91.897,37,103.5,59.85,0,0,0,0
4124806,São João,0,,PR,Paraná,4545,11879,388,95.149,37,96.95,74.85,2,0,0,0
4103370,Brasilândia do Sul,0,Região Metropolitana de Umuarama,PR,Paraná,1424,3705,291,89.138,37,93.83,65.92,0,0,0,0
4117214,Nova Santa Bárbara,0,,PR,Paraná,1600,4184,77,84.306,37,97.54,73.61,10,0,0,0
4106803,Cruz Machado,0,,PR,Paraná,5682,15945,1478,95.933,37,107.8,64.98,5,0,0,0
4121000,Querência do Norte,0,,PR,Paraná,3928,10666,915,88.338,37,99.72,55.57,3,0,0,0
4122503,Roncador,0,Região Metropolitana de Campo Mourão,PR,Paraná,4327,11212,742,88.073,37,96.39,66.79,1,0,0,0
4128658,Virmond,0,,PR,Paraná,1404,3809,249,93.154,37,101.11,65.04,0,0,0,0
4110904,Itaguajé,0,,PR,Paraná,1678,4470,194,95.532,37,98.54,63.88,0,0,0,0
4126009,São Sebastião da Amoreira,0,,PR,Paraná,2985,8058,227,88.214,37,93.87,71.96,85,0,0,0
4126108,São Tomé,0,,PR,Paraná,1950,5231,219,93.878,37,99.47,67.92,1,0,0,0
4119707,Planaltina do Paraná,0,,PR,Paraná,1470,4061,356,91.098,37,101.29,66.84,2,0,0,0
4128005,Ubiratã,0,Região Metropolitana de Campo Mourão,PR,Paraná,9227,24690,653,93.499,37,94.02,66.7,38,0,0,0
4117222,Nova Santa Rosa,0,Região Metropolitana de Toledo,PR,Paraná,3104,8284,205,97.135,37,98.14,69.32,7,0,0,0
4104402,Cândido de Abreu,0,,PR,Paraná,5588,15233,1510,87.891,37,105.44,64.82,634,618,0,0
4112603,Jardim Olinda,0,,PR,Paraná,496,1343,129,90.566,37,101.35,48.06,1,0,0,0
4114906,Marilândia do Sul,0,Região Metropolitana de Apucarana,PR,Paraná,3138,8621,384,91.802,37,100.86,66.88,10,0,0,0
4103057,Boa Vista da Aparecida,0,Região Metropolitana de Cascavel,PR,Paraná,2898,7920,266,89.771,37,99.4,67.46,13,0,0,0
4115507,Marumbi,0,Região Metropolitana de Apucarana,PR,Paraná,1803,4699,208,924,37,96.86,76.09,1,0,0,0
4123303,Santa Cruz de Monte Castelo,0,,PR,Paraná,3225,8572,442,9.147,37,98.14,70.79,13,0,0,0
4120309,Porto Vitória,0,,PR,Paraná,1238,3533,213,96.907,37,103.31,65.13,4,0,0,0
4115457,Marquinho,0,,PR,Paraná,1591,4503,504,91.432,37,106.32,60.56,19,0,0,0
4106605,Cruzeiro do Oeste,0,Região Metropolitana de Umuarama,PR,Paraná,8710,22512,776,91.894,37,107.7,69.65,21,0,0,0
4119251,Pinhal de São Bento,0,,PR,Paraná,956,2761,97,90.512,37,105.28,69.57,0,0,0,0
4112959,Juranda,0,Região Metropolitana de Campo Mourão,PR,Paraná,2930,7770,354,92.304,37,97.03,63.28,5,0,0,0
4118105,Paranacity,0,,PR,Paraná,3494,9497,349,92.784,37,99.69,58.9,12,0,0,0
4115358,Maripá,0,Região Metropolitana de Toledo,PR,Paraná,2322,6554,284,97.018,37,99.85,64.73,20,0,0,0
4128625,Alto Paraíso,0,Região Metropolitana de Umuarama,PR,Paraná,1135,3001,968,88.608,37,102.45,59.75,0,0,0,0
4104600,Capitão Leônidas Marques,0,Região Metropolitana de Cascavel,PR,Paraná,5488,14639,280,92.204,37,98.08,69.32,15,0,0,0
4109609,Guaratuba,0,,PR,Paraná,15359,41971,1327,96.486,37,97.27,62.34,72,0,0,0
4126207,Sapopema,0,,PR,Paraná,2401,6652,678,87.775,37,103.81,70.17,39,0,0,0
4127205,Terra Boa,0,Região Metropolitana de Campo Mourão,PR,Paraná,6514,17536,321,92.977,37,96.47,66.99,3,0,0,0
4108007,Florestópolis,0,Região Metropolitana de Londrina,PR,Paraná,4264,11442,247,91.259,37,96.43,60.34,3,0,0,0
4114203,Mandaguari,0,Região Metropolitana de Maringá,PR,Paraná,13683,36601,336,94.683,37,93.21,72.8,12,0,0,0
4120408,Presidente Castelo Branco,0,Região Metropolitana de Maringá,PR,Paraná,1554,4325,156,94.764,37,98.81,61.64,0,0,0,0
4118857,Perobal,0,Região Metropolitana de Umuarama,PR,Paraná,2639,7184,409,93.332,37,97.83,63.86,6,0,0,0
4122800,Salgado Filho,0,,PR,Paraná,1550,4060,181,91.621,37,98.3,69.48,1,0,0,0
4115200,Maringá,0,Região Metropolitana de Maringá,PR,Paraná,156517,407209,487,98.018,37,91.24,78.41,292,0,0,0
4115853,Mercedes,0,Região Metropolitana de Toledo,PR,Paraná,2149,5926,197,96.094,37,97.37,67.63,2,0,0,0
4121901,Ribeirão do Pinhal,0,,PR,Paraná,4901,12959,375,88.819,37,94.87,70.48,0,0,0,0
4121208,Quitandinha,0,Região Metropolitana de Curitiba,PR,Paraná,6767,18377,447,94.728,37,105.82,63.32,15,0,0,0
4116703,Nova Aurora,0,Região Metropolitana de Cascavel,PR,Paraná,4897,13738,471,94.438,37,97.09,68.42,3,0,0,0
4101705,Araruna,0,Região Metropolitana de Campo Mourão,PR,Paraná,5462,14480,493,93.428,37,99.27,68.15,15,0,0,0
4106902,Curitiba,1,Região Metropolitana de Curitiba,PR,Paraná,685874,1766225,435,98.472,37,89.36,77.84,2285,0,28,0
4116802,Nova Cantu,0,Região Metropolitana de Campo Mourão,PR,Paraná,2542,6785,555,87.257,37,100.53,68.93,4,0,0,0
4104055,Campo Bonito,0,Região Metropolitana de Cascavel,PR,Paraná,1463,4024,434,88.373,37,100.65,65.85,0,0,0,0
4100707,Alto Piquiri,0,Região Metropolitana de Umuarama,PR,Paraná,3683,9689,448,88.223,37,99.77,68.3,8,0,0,0
4103909,Campina da Lagoa,0,Região Metropolitana de Campo Mourão,PR,Paraná,6022,15680,797,91.894,37,98.6,68.58,5,0,0,0
4109807,Ibiporã,0,Região Metropolitana de Londrina,PR,Paraná,18786,51355,298,94.894,37,92.74,67.99,44,0,0,0
4119657,Pitangueiras,0,Região Metropolitana de Londrina,PR,Paraná,1099,3042,123,92.195,37,100,66.38,1,0,0,0
3300506,Bom Jardim,0,,RJ,Rio de Janeiro,10878,28060,382,92.003,37,97.41,72.12,19,0,0,0
3303955,Pinheiral,0,,RJ,Rio de Janeiro,8814,24264,82,96.341,37,92.87,64.6,12,0,0,0
3304102,Porciúncula,0,,RJ,Rio de Janeiro,6421,17230,292,91.467,37,97.92,72.11,18,0,0,0
3306008,Três Rios,0,,RJ,Rio de Janeiro,28427,78227,323,96.525,37,89.77,69.84,35,0,0,0
3300704,Cabo Frio,0,,RJ,Rio de Janeiro,82015,221764,413,96.658,37,92.05,64.18,350,0,3188,835
3302452,Macuco,0,,RJ,Rio de Janeiro,1940,5415,78,94.276,37,94.02,70.39,0,0,0,0
3304201,Resende,0,,RJ,Rio de Janeiro,48207,128808,1099,96.764,37,92.61,64.67,138,0,0,0
3304003,Piraí,0,,RJ,Rio de Janeiro,10089,27466,490,94.328,37,93.06,69.2,23,0,0,0
3303005,Miracema,0,,RJ,Rio de Janeiro,9601,26823,303,92.695,37,92.92,75.48,13,0,0,0
3300803,Cachoeiras de Macacu,0,Região Metropolitana do Rio de Janeiro,RJ,Rio de Janeiro,22265,56912,955,93.849,37,95.71,68.95,44,0,0,0
3300951,Comendador Levy Gasparian,0,,RJ,Rio de Janeiro,3015,8710,109,95.384,37,92.32,67.52,5,0,0,0
3302254,Itatiaia,0,,RJ,Rio de Janeiro,11374,30767,241,95.806,37,93.83,60.63,70,0,0,0
3301900,Itaboraí,0,Região Metropolitana do Rio de Janeiro,RJ,Rio de Janeiro,86584,223888,430,94.849,37,92.37,58.34,252,0,5,0
3304128,Quatis,0,,RJ,Rio de Janeiro,5035,13669,285,94.865,37,91.97,64.58,10,0,318,79
3301405,Conceição de Macabu,0,,RJ,Rio de Janeiro,7901,20992,338,92.449,37,96.87,65.02,19,0,0,0
2411007,Rodolfo Fernandes,0,,RN,Rio Grande do Norte,1518,4242,155,77.615,37,97.12,70.87,4,0,0,0
2414506,Umarizal,0,,RN,Rio Grande do Norte,3696,10073,214,8.212,37,93.96,84.27,1,0,0,0
2404903,Itaú,0,,RN,Rio Grande do Norte,1900,5319,133,80.309,37,94.23,66.23,1,0,0,0
2404002,Frutuoso Gomes,0,,RN,Rio Grande do Norte,1529,4112,63,79.772,37,96.85,73.63,3,0,0,0
2400505,Alexandria,0,,RN,Rio Grande do Norte,4841,13611,381,7.758,37,95.5,78.22,5,0,0,0
2403103,Currais Novos,0,,RN,Rio Grande do Norte,14620,41232,864,8.643,37,91.35,73.96,31,0,351,0
2400604,Almino Afonso,0,,RN,Rio Grande do Norte,1662,4687,128,7.846,37,99.11,73.58,3,0,0,0
2402006,Caicó,0,,RN,Rio Grande do Norte,22067,60614,1229,88.923,37,90.77,71.3,52,0,15,0
2410207,Portalegre,0,,RN,Rio Grande do Norte,2689,7600,110,81.026,37,94.25,74.61,11,0,1399,0
2410801,Riacho de Santana,0,,RN,Rio Grande do Norte,1439,4127,128,79.669,37,103.4,83.29,0,0,0,0
2413003,São Vicente,0,,RN,Rio Grande do Norte,2220,6309,198,82.875,37,98.99,69.83,2,0,0,0
1100254,Presidente Médici,0,,RO,Rondônia,7230,19274,1758,92.382,37,99.8,61.91,7,0,0,0
1100502,Novo Horizonte do Oeste,0,,RO,Rondônia,2798,7663,843,90.032,37,104.78,59.79,2,0,0,0
1101476,Primavera de Rondônia,0,,RO,Rondônia,1133,3076,606,87.464,37,105.61,55.39,1,0,0,0
1101203,Ministro Andreazza,0,,RO,Rondônia,2383,6466,798,88.986,37,103.14,64.78,3,0,0,0
4307005,Erechim,0,,RS,Rio Grande do Sul,42113,105023,429,97.805,37,92.07,76.19,237,0,0,0
4315909,Rodeio Bonito,0,,RS,Rio Grande do Sul,2582,6647,83,94.613,37,98.75,74.92,13,0,39,0
4311304,Lagoa Vermelha,0,,RS,Rio Grande do Sul,10773,27406,1260,96.085,37,96.41,77.81,15,0,0,0
4316907,Santa Maria,0,,RS,Rio Grande do Sul,106304,268726,1780,97.895,37,90.23,82.16,492,0,42,42
4306924,Engenho Velho,0,,RS,Rio Grande do Sul,441,1292,71,92.453,37,98.17,73.7,432,414,0,0
4317509,Santo Ângelo,0,,RS,Rio Grande do Sul,29689,76182,679,9.707,37,92.08,77.57,195,0,0,0
4309308,Guaíba,0,Região Metropolitana de Porto Alegre,RS,Rio Grande do Sul,35163,92642,376,97.676,37,91.61,69.41,94,0,0,0
4309571,Herveiras,0,,RS,Rio Grande do Sul,967,2538,118,92.093,37,107.36,71.08,0,0,0,0
4321451,Teutônia,0,,RS,Rio Grande do Sul,12776,32594,178,9.863,37,95.46,69.83,15,0,0,0
4314498,Pinheirinho do Vale,0,,RS,Rio Grande do Sul,1696,4535,105,91.607,37,102.41,74.49,0,0,0,0
4319356,São Pedro da Serra,0,,RS,Rio Grande do Sul,1309,3548,35,97.318,37,102.4,70.76,1,0,0,0
4304689,Capela de Santana,0,Região Metropolitana de Porto Alegre,RS,Rio Grande do Sul,4236,11133,183,95.563,37,102.16,60.76,91,0,0,0
4318903,São Luiz Gonzaga,0,,RS,Rio Grande do Sul,13557,34455,1296,95.698,37,94.06,79.94,18,0,0,0
4316006,Rolante,0,Região Metropolitana de Porto Alegre,RS,Rio Grande do Sul,8233,21219,296,95.947,37,98.5,73.47,11,0,0,0
4321600,Tramandaí,0,Aglomeração Urbana do Litoral Norte,RS,Rio Grande do Sul,21085,54094,143,97.565,37,91.88,73.45,96,0,0,0
4304705,Carazinho,0,,RS,Rio Grande do Sul,24216,61362,667,97.123,37,91.26,74.78,137,0,39,0
4305108,Caxias do Sul,0,Região Metropolitana da Serra Gaúcha,RS,Rio Grande do Sul,184843,461773,1652,98.356,37,93.77,71.12,624,0,1,0
4301602,Bagé,0,,RS,Rio Grande do Sul,45299,117168,4090,96.538,37,89.99,74.49,95,0,211,59
4307609,Estância Velha,0,Região Metropolitana de Porto Alegre,RS,Rio Grande do Sul,17904,47814,52,98.379,37,95.78,55.67,42,0,0,0
4317103,Sant'Ana do Livramento,0,,RS,Rio Grande do Sul,31765,83957,6946,97.117,37,92.29,75.61,106,0,114,0
4306106,Cruz Alta,0,,RS,Rio Grande do Sul,22772,58594,1361,96.526,37,90.08,73.82,33,0,1,0
4307906,Farroupilha,0,Região Metropolitana da Serra Gaúcha,RS,Rio Grande do Sul,27002,70148,361,98.092,37,94.28,70.86,132,0,0,0
4302709,Butiá,0,,RS,Rio Grande do Sul,7353,19060,752,94.663,37,94.22,73.45,11,0,0,0
4312658,Não-Me-Toque,0,,RS,Rio Grande do Sul,6974,17797,362,97.375,37,94.23,72.86,6,0,11,0
4312252,Minas do Leão,0,,RS,Rio Grande do Sul,2811,7502,424,9.433,37,96.21,67.18,2,0,0,0
4302352,Bom Princípio,0,,RS,Rio Grande do Sul,4996,13085,89,9.872,37,100.34,70.3,9,0,0,0
4321469,Tio Hugo,0,,RS,Rio Grande do Sul,1241,3258,114,9.642,37,98.6,70.83,0,0,0,0
4302105,Bento Gonçalves,0,Região Metropolitana da Serra Gaúcha,RS,Rio Grande do Sul,48813,122530,272,98.388,37,94.07,74.55,107,0,0,0
4313508,Osório,0,Aglomeração Urbana do Litoral Norte,RS,Rio Grande do Sul,17768,45955,664,97.214,37,94.95,74.79,298,105,698,105
4313409,Novo Hamburgo,0,Região Metropolitana de Porto Alegre,RS,Rio Grande do Sul,89848,226453,223,97.749,37,91.59,73.35,122,0,121,0
4314456,Pinhal,0,,RS,Rio Grande do Sul,1089,2958,68,92.385,37,102.67,74.34,2,0,0,0
4321709,Três Coroas,0,,RS,Rio Grande do Sul,9275,24235,165,96.841,37,96.8,61.43,33,0,0,0
4300034,Aceguá,0,,RS,Rio Grande do Sul,1577,4169,1551,96.405,37,105.42,67.16,19,0,76,0
4315602,Rio Grande,0,Aglomeração Urbana do Sul,RS,Rio Grande do Sul,74570,190656,2683,96.735,37,91.47,75.94,395,0,633,0
4321857,Três Palmeiras,0,,RS,Rio Grande do Sul,1738,4716,181,93.718,37,99.92,72.55,637,572,0,0
4303905,Campo Bom,0,Região Metropolitana de Porto Alegre,RS,Rio Grande do Sul,24057,62743,61,98.184,37,93.66,61.48,31,0,0,0
4313706,Palmeira das Missões,0,,RS,Rio Grande do Sul,12781,32931,1421,93.697,37,93.79,70.87,8,0,0,0
4320107,Sarandi,0,,RS,Rio Grande do Sul,8620,22695,352,96.983,37,94.18,70.36,74,0,96,0
4300059,Água Santa,0,,RS,Rio Grande do Sul,1382,3912,292,96.075,37,97.28,77.26,399,306,0,0
4305173,Cerro Grande do Sul,0,,RS,Rio Grande do Sul,3580,9125,325,92.977,37,107.13,64.1,3,0,104,0
4301107,Arroio dos Ratos,0,Região Metropolitana de Porto Alegre,RS,Rio Grande do Sul,5513,14007,426,9.558,37,103.75,78.04,9,0,0,0
4317202,Santa Rosa,0,,RS,Rio Grande do Sul,30005,76458,489,97.612,37,94.81,69.69,33,0,0,0
4200408,Água Doce,0,Região Metropolitana do Contestado,SC,Santa Catarina,2430,6491,1319,9.588,37,104.65,74.45,1,0,0,0
4204251,Cocal do Sul,0,Região Metropolitana Carbonífera,SC,Santa Catarina,6230,17212,71,98.127,37,96.11,65.77,9,0,0,0
4214607,Rio do Oeste,0,Região Metropolitana do Alto Vale do Itajaí,SC,Santa Catarina,2736,7626,245,97.361,37,99.87,80.01,0,0,0,0
4211603,Nova Veneza,0,Região Metropolitana Carbonífera,SC,Santa Catarina,4870,13604,295,97.395,37,97.94,71.45,2,0,0,0
4211504,Nova Trento,0,Região Metropolitana de Florianópolis,SC,Santa Catarina,5035,13684,403,96.832,37,99.55,72.45,50,0,0,0
4204350,Cordilheira Alta,0,Região Metropolitana de Chapecó,SC,Santa Catarina,1664,4781,84,96.131,37,104.23,66.13,11,0,0,0
4209177,Jupiá,0,Região Metropolitana do Extremo Oeste,SC,Santa Catarina,947,2551,91,92.857,37,106.38,78.02,1,0,0,0
4212304,Paulo Lopes,0,Região Metropolitana de Florianópolis,SC,Santa Catarina,3293,9050,446,93.747,37,99.32,63.85,10,0,131,0
4205704,Garopaba,0,Região Metropolitana de Florianópolis,SC,Santa Catarina,11257,29798,115,95.994,37,95.12,60.66,52,0,245,0
4218608,Trombudo Central,0,Região Metropolitana do Alto Vale do Itajaí,SC,Santa Catarina,2724,7222,110,96.697,37,98.8,66.79,4,0,0,0
4214151,Princesa,0,Região Metropolitana do Extremo Oeste,SC,Santa Catarina,1093,2958,86,94.973,37,108.73,73.18,2,0,0,0
4202008,Balneário Camboriú,0,Região Metropolitana da Foz do Rio Itajaí,SC,Santa Catarina,57862,138701,45,98.814,37,89.51,87.72,304,0,40,26
4207700,Ipumirim,0,Região Metropolitana do Contestado,SC,Santa Catarina,2812,7816,246,95.652,37,104.77,73.96,2,0,0,0
4208450,Itapoá,0,"Região Metropolitana do Norte/Nordeste Catarinense, Região Metropolitana de Joinville ",SC,Santa Catarina,11491,30664,245,97.617,37,99.3,64.98,42,0,0,0
4218707,Tubarão,0,Região Metropolitana de Tubarão,SC,Santa Catarina,42131,109337,301,9.788,37,93.74,72.73,43,0,0,0
4207304,Imbituba,0,Região Metropolitana de Tubarão,SC,Santa Catarina,19946,52212,182,96.768,37,96.24,69.85,80,0,88,0
4213807,Praia Grande,0,Região Metropolitana Carbonífera,SC,Santa Catarina,3235,8247,284,9.483,37,100.39,71.67,10,0,244,68
4218400,Treze de Maio,0,Região Metropolitana de Tubarão,SC,Santa Catarina,2586,7356,160,96.418,37,101.7,68.06,6,0,0,0
4209003,Joaçaba,0,Região Metropolitana do Contestado,SC,Santa Catarina,11772,29998,242,97.503,37,94.7,72.73,13,0,0,0
4206207,Gravatal,0,Região Metropolitana de Tubarão,SC,Santa Catarina,4626,12359,166,97.129,37,98.8,70.68,6,0,1,0
4213609,Porto União,0,"Região Metropolitana do Norte/Nordeste Catarinense, Região Metropolitana do Planalto Norte",SC,Santa Catarina,11875,32770,849,97.347,37,97.56,69.65,0,0,0,0
4214508,Rio do Campo,0,Região Metropolitana do Alto Vale do Itajaí,SC,Santa Catarina,2343,6438,502,9.518,37,104.44,62.01,29,0,0,0
4217956,Tigrinhos,0,Região Metropolitana do Extremo Oeste,SC,Santa Catarina,863,2328,57,95.371,37,101.99,66.03,0,0,0,0
4202438,Bocaina do Sul,0,Região Metropolitana de Lages,SC,Santa Catarina,1324,3512,511,91.983,37,109.1,72.88,0,0,0,0
4215679,Santa Terezinha,0,Região Metropolitana do Alto Vale do Itajaí,SC,Santa Catarina,2944,8065,716,96.579,37,112.1,59.77,3,0,0,0
4210605,Massaranduba,0,"Região Metropolitana do Norte/Nordeste Catarinense, Região Metropolitana de Jaraguá do Sul",SC,Santa Catarina,6204,17147,374,97.293,37,103.41,67.69,25,0,0,0
4203303,Campo Alegre,0,"Região Metropolitana do Norte/Nordeste Catarinense, Região Metropolitana de Joinville ",SC,Santa Catarina,4404,12443,499,9.676,37,99.54,64.15,12,0,0,0
4204194,Chapadão do Lageado,0,Região Metropolitana do Alto Vale do Itajaí,SC,Santa Catarina,1078,2946,125,94.852,37,107.6,57.76,1,0,0,0
4206702,Herval d'Oeste,0,Região Metropolitana do Contestado,SC,Santa Catarina,8275,21707,217,96.816,37,97.31,69.03,9,0,0,0
4212650,Pescaria Brava,0,Região Metropolitana de Tubarão,SC,Santa Catarina,3824,10170,107,95.674,37,98.71,72.35,7,0,419,0
4211009,Mondaí,0,Região Metropolitana do Extremo Oeste,SC,Santa Catarina,3783,10053,200,96.607,37,100.96,72.07,9,0,0,0
4213203,Pomerode,0,Região Metropolitana do Vale do Itajaí,SC,Santa Catarina,11949,34247,214,98.626,37,98.25,61.27,29,0,0,0
4202701,Botuverá,0,Região Metropolitana do Vale do Itajaí,SC,Santa Catarina,1976,5363,296,9.727,37,102.53,71.18,1,0,0,0
4215059,Rio Rufino,0,Região Metropolitana de Lages,SC,Santa Catarina,871,2396,283,9.354,37,105.75,65.8,0,0,0,0
2803104,Itabi,0,,SE,Sergipe,1829,4727,183,74.706,37,102.95,68.98,6,0,8,0
3502002,Analândia,0,Região Metropolitana de Piracicaba,SP,São Paulo,1679,4580,326,95.545,37,100.92,66.1,6,0,0,0
3508504,Caçapava,0,Região Metropolitana do Vale do Paraíba e Litoral Norte,SP,São Paulo,33656,95943,369,97.071,37,95.85,62.97,39,0,0,0
3544400,Rubiácea,0,,SP,São Paulo,1000,2699,236,92.077,37,100.15,51.32,11,0,0,0
3520509,Indaiatuba,0,Região Metropolitana de Campinas,SP,São Paulo,90749,255155,312,97.878,37,95.45,61.67,187,0,0,0
3536570,Paulistânia,0,,SP,São Paulo,766,2090,256,92.398,37,100,69.97,1,0,0,0
3541000,Praia Grande,0,Região Metropolitana da Baixada Santista,SP,São Paulo,130046,348540,150,97.302,37,90.25,64.36,513,0,0,0
3511300,Cedral,0,Região Metropolitana de São José do Rio Preto,SP,São Paulo,4656,12560,198,96.798,37,97.28,70.32,14,0,0,0
3513108,Cravinhos,0,Região Metropolitana de Ribeirão Preto,SP,São Paulo,11349,33209,311,95.879,37,96.86,68.58,17,0,0,0
3554508,Tietê,0,Região Metropolitana de Sorocaba,SP,São Paulo,13834,37543,404,97.547,37,97.17,76.1,11,0,0,0
3516101,Florínia,0,,SP,São Paulo,1054,2768,226,93.244,37,181.92,82.41,3,0,0,0
3540804,Potirendaba,0,Região Metropolitana de São José do Rio Preto,SP,São Paulo,6808,18464,342,95.631,37,97.44,73.99,14,0,0,0
3556404,Vargem Grande do Sul,0,,SP,São Paulo,14593,40020,267,9.564,37,96.74,72.53,12,0,0,0
3517901,Guaraci,0,,SP,São Paulo,3915,10313,642,93.482,37,100,75.78,9,0,0,0
3530706,Mogi Guaçu,0,,SP,São Paulo,54720,152623,813,9.719,37,94.91,68.25,66,0,0,0
3506300,Bernardino de Campos,0,,SP,São Paulo,3884,10544,244,96.712,37,112.08,89.44,9,0,0,0
3514700,Echaporã,0,,SP,São Paulo,2283,6204,515,94.695,37,96.98,74.31,1,0,0,0
3549805,São José do Rio Preto,0,Região Metropolitana de São José do Rio Preto,SP,São Paulo,185633,477426,432,97.837,37,91.26,77.76,309,0,0,0
3537503,Pereiras,0,,SP,São Paulo,3111,8721,223,95.241,37,100.53,66.67,15,0,0,0
3504107,Atibaia,0,,SP,São Paulo,56522,157804,479,96.546,37,93.93,68.88,166,0,0,0
3515657,Fernão,0,,SP,São Paulo,613,1655,101,94.952,37,103.19,82.2,1,0,0,0
3532405,Nazaré Paulista,0,,SP,São Paulo,6724,18183,326,92.906,37,103.02,70.74,13,0,0,0
3539707,Platina,0,,SP,São Paulo,1133,3022,327,93.455,37,100.46,68.9,2,0,0,0
3521507,Irapuã,0,Região Metropolitana de São José do Rio Preto,SP,São Paulo,2461,6846,258,92.935,37,101.73,78.45,2,0,0,0
3522000,Itaju,0,,SP,São Paulo,1307,3618,230,94.822,37,100.55,75.36,5,0,0,0
3500907,Altair,0,,SP,São Paulo,1278,3439,313,9.255,37,103.12,65.25,1,0,0,0
3509502,Campinas,0,Região Metropolitana de Campinas,SP,São Paulo,429543,1134878,795,97.587,37,91.1,76.93,1560,0,159,0
3538709,Piracicaba,0,Região Metropolitana de Piracicaba,SP,São Paulo,155428,419850,1378,97.624,37,93.71,70.58,322,0,0,0
3503505,Areias,0,Região Metropolitana do Vale do Paraíba e Litoral Norte,SP,São Paulo,1231,3507,305,93.975,37,101.07,68.8,3,0,0,0
3506805,Bocaina,0,,SP,São Paulo,4079,11234,364,9.499,37,95.71,68.95,15,0,0,0
3533403,Nova Odessa,0,Região Metropolitana de Campinas,SP,São Paulo,22197,61903,74,97.867,37,95.59,62.67,65,0,0,0
3517604,Guapiara,0,,SP,São Paulo,6156,17056,408,91.299,37,102.67,64.5,1,0,0,0
3517406,Guaíra,0,Aglomeração Urbana de Franca,SP,São Paulo,14707,39197,1258,96.069,37,95.1,69.99,16,0,0,0
3506201,Bento de Abreu,0,,SP,São Paulo,929,2605,302,94.205,37,100.15,61.97,0,0,0,0
3533601,Nuporanga,0,Região Metropolitana de Ribeirão Preto,SP,São Paulo,2686,7361,348,95.467,37,97.46,68.2,10,0,0,0
3508603,Cachoeira Paulista,0,Região Metropolitana do Vale do Paraíba e Litoral Norte,SP,São Paulo,10905,31504,288,96.491,37,93.37,69.07,13,0,0,0
3541604,Promissão,0,,SP,São Paulo,12865,35021,779,96.374,37,96.27,70.56,7,0,0,0
3552007,Silveiras,0,Região Metropolitana do Vale do Paraíba e Litoral Norte,SP,São Paulo,2230,6174,415,91.759,37,99.42,70.7,1,0,0,0
3548708,São Bernardo do Campo,0,Região Metropolitana de São Paulo,SP,São Paulo,300683,809708,410,976,37,90.59,68.28,1297,115,0,0
3521150,Ipiguá,0,Região Metropolitana de São José do Rio Preto,SP,São Paulo,2445,6761,136,9.598,37,101.16,62.88,10,0,0,0
3505401,Barra do Turvo,0,,SP,São Paulo,2575,6867,1008,87.766,37,102.77,67.99,28,0,1225,517
3506003,Bauru,0,,SP,São Paulo,140033,371471,668,97.901,37,93.61,72.35,509,0,0,0
3527207,Lorena,0,Região Metropolitana do Vale do Paraíba e Litoral Norte,SP,São Paulo,30025,84571,414,9.724,37,91.82,72.16,62,0,0,0
3533700,Ocauçu,0,,SP,São Paulo,1622,4325,301,93.716,37,104.49,77.49,0,0,0,0
3512001,Colina,0,,SP,São Paulo,6560,18444,422,95.481,37,93.85,68.54,35,0,0,0
3511508,Cerquilho,0,Região Metropolitana de Sorocaba,SP,São Paulo,15904,44533,128,9.768,37,94.94,70.61,34,0,0,0
3523404,Itatiba,0,Região Metropolitana de Campinas,SP,São Paulo,43750,121209,322,97.407,37,95.71,65.65,54,0,182,139
3516002,Flórida Paulista,0,,SP,São Paulo,4315,11561,524,94.711,37,120.79,87.98,4,0,0,0
3518305,Guararema,0,Região Metropolitana de São Paulo,SP,São Paulo,11086,31184,271,95.211,37,97.22,65.69,54,0,0,0
3542909,Ribeirão Bonito,0,,SP,São Paulo,4036,10957,472,93.098,37,98.32,71.99,9,0,0,0
3548906,São Carlos,0,,SP,São Paulo,96622,253692,1137,97.504,37,94.72,74.51,350,0,0,0
3505500,Barretos,0,,SP,São Paulo,46316,121957,1566,97.623,37,92.24,70.82,58,0,0,0
3528858,Marapoama,0,,SP,São Paulo,1238,3292,111,94.901,37,102.71,77.56,0,0,0,0
3503307,Araras,0,Região Metropolitana de Piracicaba,SP,São Paulo,47974,130528,645,96.808,37,93.77,74.07,81,0,0,0
3515301,Estrela do Norte,0,,SP,São Paulo,971,2703,265,92.417,37,96.15,65.37,2,0,0,0
3524402,Jacareí,0,Região Metropolitana do Vale do Paraíba e Litoral Norte,SP,São Paulo,85076,240009,464,97.296,37,93.14,63.21,177,0,0,0
3538907,Pirajuí,0,,SP,São Paulo,7484,19102,824,94.792,37,109.85,87.17,32,0,0,0
3509908,Cananéia,0,,SP,São Paulo,4394,12231,1237,95.278,37,95.56,69.04,214,0,501,60
3520004,Igaraçu do Tietê,0,,SP,São Paulo,8193,22862,98,94.195,37,98.88,57.86,16,0,0,0
3545001,Salesópolis,0,Região Metropolitana de São Paulo,SP,São Paulo,5397,15058,425,94.042,37,98.02,67.84,4,0,0,0
3507605,Bragança Paulista,0,,SP,São Paulo,63444,176393,513,9.728,37,94.05,69.75,168,0,0,0
3543501,Riversul,0,,SP,São Paulo,2115,5593,386,91.364,37,101.19,69.17,2,0,0,0
3537800,Piedade,0,Região Metropolitana de Sorocaba,SP,São Paulo,19056,52819,747,9.542,37,100.85,70.64,23,0,0,0
3509452,Campina do Monte Alegre,0,,SP,São Paulo,2194,5946,184,94.627,37,101.69,69.42,12,0,0,0
3520202,Igaratá,0,Região Metropolitana do Vale do Paraíba e Litoral Norte,SP,São Paulo,3926,10576,293,92.847,37,100.17,67.49,21,0,0,0
3557204,Chavantes,0,,SP,São Paulo,4343,12164,189,94.616,37,94.66,69.54,3,0,0,0
3532801,Nova Aliança,0,Região Metropolitana de São José do Rio Preto,SP,São Paulo,2501,6690,218,95.405,37,96.68,77.92,11,0,0,0
3541703,Quatá,0,,SP,São Paulo,4827,13128,651,93.001,37,99.02,60.91,3,0,0,0
3543907,Rio Claro,0,Região Metropolitana de Piracicaba,SP,São Paulo,74084,200342,498,97.435,37,93.11,74.23,130,0,171,0
3554102,Taubaté,0,Região Metropolitana do Vale do Paraíba e Litoral Norte,SP,São Paulo,112842,309666,625,97.815,37,92.84,67.83,242,0,0,0
3545100,Salmourão,0,,SP,São Paulo,1798,4788,173,89.893,37,101.09,80.68,0,0,0,0
3505005,Barão de Antonina,0,,SP,São Paulo,1336,3498,153,94.225,37,99.72,73.14,134,0,0,0
3529005,Marília,0,,SP,São Paulo,88399,235902,1171,97.371,37,92,74.22,208,0,4,0
3542800,Ribeira,0,,SP,São Paulo,1163,3130,336,91.176,37,102.98,74.84,0,0,0,0
3546405,Santa Cruz do Rio Pardo,0,,SP,São Paulo,16715,46314,1115,96.511,37,94.54,75.8,24,0,0,0
3517307,Guaimbê,0,,SP,São Paulo,2060,5508,218,92.832,37,98.77,74.43,0,0,0,0
3551801,Sete Barras,0,,SP,São Paulo,4483,12690,1063,91.354,37,103.26,62.93,118,0,17,0
3550100,São Manuel,0,,SP,São Paulo,13529,37231,651,95.439,37,96.02,68.98,8,0,0,0
3510807,Casa Branca,0,,SP,São Paulo,9748,26456,864,95.983,37,107.32,78.32,51,0,0,0
3550308,São Paulo,1,"Região Metropolitana de São Paulo, Região Metropolitana de São Paulo, Região Metropolitana de São Paulo, Região Metropolitana de São Paulo, Região Metropolitana de São Paulo",SP,São Paulo,4307665,11395157,1521,97.417,37,88.81,72.53,19587,1429,739,0
3553203,Taiúva,0,Região Metropolitana de Ribeirão Preto,SP,São Paulo,2093,5523,132,94.337,37,128.63,101.86,5,0,0,0
3532868,Nova Castilho,0,,SP,São Paulo,398,1062,183,95.902,37,96.3,71.63,0,0,0,0
3533908,Olímpia,0,Região Metropolitana de São José do Rio Preto,SP,São Paulo,20418,54984,803,96.546,37,94.38,74.27,23,0,0,0
3537206,Pedro de Toledo,0,,SP,São Paulo,3945,11244,670,92.671,37,104.89,68.37,22,0,0,0
3549409,São Joaquim da Barra,0,Aglomeração Urbana de Franca,SP,São Paulo,17407,48453,411,96.531,37,93.98,72.03,29,0,5,0
3526407,Laranjal Paulista,0,,SP,São Paulo,9287,26188,384,96.597,37,95.39,75.16,3,0,0,0
3535507,Paraguaçu Paulista,0,,SP,São Paulo,14825,39859,1001,95.392,37,99.46,70.51,44,0,0,0
3501509,Alvinlândia,0,,SP,São Paulo,1007,2885,85,92.707,37,97.87,66.97,2,0,0,0
3526902,Limeira,0,Região Metropolitana de Piracicaba,SP,São Paulo,104444,290273,581,97.203,37,94.83,72.7,160,0,0,0
3546900,Santa Lúcia,0,,SP,São Paulo,2463,7141,154,93.826,37,97.32,64.54,1,0,0,0
3514106,Dois Córregos,0,,SP,São Paulo,8856,24354,633,94.189,37,97.18,68.02,20,0,0,0
3501004,Altinópolis,0,Região Metropolitana de Ribeirão Preto,SP,São Paulo,6078,16775,929,94.987,37,97.16,77.76,6,0,0,0
1703008,Babaçulândia,0,,TO,Tocantins,2682,7875,1790,83.001,37,110.36,64.15,13,0,0,0
1716604,Peixe,0,Região Metropolitana de Gurupi,TO,Tocantins,3418,9286,5304,84.583,37,106.31,61.64,22,0,0,0
1709807,Ipueiras,0,Região Metropolitana de Palmas,TO,Tocantins,563,1586,821,83.806,37,110.04,58.87,3,0,95,0
1704600,Chapada de Areia,0,,TO,Tocantins,563,1499,659,84.927,37,113.51,63.82,3,0,0,0
1720499,São Valério,0,Região Metropolitana de Gurupi,TO,Tocantins,1695,4413,2520,86.308,37,106.06,63.85,0,0,0,0
1707207,Dois Irmãos do Tocantins,0,,TO,Tocantins,2290,6327,3748,87.016,37,115.13,60.86,29,0,50,0
1717800,Ponte Alta do Bom Jesus,0,,TO,Tocantins,1580,4212,1719,83.373,37,109.01,66.55,0,0,0,0
1720978,Talismã,0,Região Metropolitana de Gurupi,TO,Tocantins,916,2436,2156,88.546,37,107.78,52.65,4,0,0,0
1707652,Figueirópolis,0,Região Metropolitana de Gurupi,TO,Tocantins,1948,5205,1936,88.299,37,103.32,66.16,14,0,0,0
1721307,Tupiratins,0,,TO,Tocantins,678,1865,889,84.888,37,107.76,57.78,7,0,0,0
2926707,Rio de Contas,0,,BA,Bahia,4556,13179,1115,81.817,39,96.28,96.86,509,0,1025,258
2916005,Itanhém,0,,BA,Bahia,6806,17781,1394,81.601,39,101.71,88.5,633,0,312,96
2910305,Elísio Medrado,0,,BA,Bahia,2982,7797,179,82.985,39,98.27,85.83,66,0,0,0
2906857,Capela do Alto Alegre,0,,BA,Bahia,4309,10740,630,77.611,39,98.93,95.97,16,0,0,0
2908705,Condeúba,0,,BA,Bahia,5875,17047,1348,81.685,39,97.14,90.27,72,0,953,0
2919959,Maetinga,0,,BA,Bahia,2439,6972,615,76.572,39,102.7,98.4,6,0,0,0
2924702,Piripá,0,,BA,Bahia,3254,9147,512,77.779,39,95.81,87.45,0,0,276,0
2906899,Caraíbas,0,,BA,Bahia,3450,9914,806,7.291,39,102.98,95.71,110,0,40,0
2922730,Nova Fátima,0,,BA,Bahia,3052,7963,347,8.324,39,95.7,82.76,4,0,0,0
2900900,Almadina,0,,BA,Bahia,2050,5210,245,7.695,39,95.94,85.12,32,0,0,0
2917409,Jacaraci,0,,BA,Bahia,4565,14436,1332,81.404,39,104.19,105.59,17,0,31,0
2928950,São Domingos,0,,BA,Bahia,3321,8426,290,82.759,39,96.55,89.04,4,0,34,0
2931806,Tremedal,0,,BA,Bahia,5882,16288,2010,73.141,39,101.61,95.77,17,0,1025,0
3203601,Mucurici,0,,ES,Espírito Santo,2119,5466,541,84.973,39,101.1,74.95,1,0,0,0
3203304,Mantenópolis,0,,ES,Espírito Santo,4988,12695,321,8.615,39,97.16,68.8,8,0,0,0
3204609,Santa Teresa,0,,ES,Espírito Santo,8667,22767,683,94.372,39,98.76,89.38,34,0,1,0
3203353,Marilândia,0,,ES,Espírito Santo,4709,12386,328,9.146,39,97.78,83.58,15,0,0,0
3203403,Mimoso do Sul,0,,ES,Espírito Santo,9435,24383,869,90.671,39,101.19,83.9,14,0,0,0
3204807,São José do Calçado,0,,ES,Espírito Santo,4265,10823,273,90.106,39,97.85,87.67,6,0,0,0
3200508,Apiacá,0,,ES,Espírito Santo,2746,7223,194,90.434,39,93.91,86.69,10,0,0,0
3204252,Ponto Belo,0,,ES,Espírito Santo,2486,6474,360,86.779,39,93.88,73.7,11,0,0,0
3204500,Santa Leopoldina,0,,ES,Espírito Santo,4954,13105,718,90.202,39,110.4,75.47,14,0,252,252
5215256,Novo Planalto,0,,GO,Goiás,1428,3710,1254,88.759,39,103.95,58.64,1,0,0,0
5220264,São Miguel do Passa Quatro,0,,GO,Goiás,1652,4366,537,92.806,39,103.28,71.53,2,0,0,0
5201306,Anicuns,0,,GO,Goiás,7158,18459,976,91.858,39,98.79,75.96,41,0,7,0
5206305,Cristianópolis,0,,GO,Goiás,1396,3477,222,94.444,39,101.03,84.98,0,0,0,0
5217708,Pontalina,0,,GO,Goiás,7355,18147,1434,92.724,39,95.82,86.18,25,0,0,0
5207253,Doverlândia,0,,GO,Goiás,2767,6939,3228,89.213,39,107.09,68.19,3,0,0,0
5219001,Sanclerlândia,0,,GO,Goiás,3129,7870,509,91.312,39,99.5,82.24,42,0,0,0
5208152,Gameleira de Goiás,0,,GO,Goiás,1284,3455,588,91.565,39,107.32,62.24,1,0,0,0
5205455,Cezarina,0,,GO,Goiás,3220,8086,417,88.569,39,102.96,66.38,12,0,0,0
5204409,Caiapônia,0,,GO,Goiás,6386,16409,8628,90.085,39,101.33,75.16,64,0,152,0
5213772,Montividiu do Norte,0,,GO,Goiás,1510,3775,1337,85.616,39,109.6,67.04,0,0,0,0
5221700,Uruana,0,,GO,Goiás,5270,13620,523,89.544,39,98.74,83.73,10,0,0,0
5218706,Rianápolis,0,,GO,Goiás,1591,3970,157,90.413,39,97.22,84.01,2,0,0,0
5205059,Castelândia,0,,GO,Goiás,1189,2970,299,81.674,39,101.15,72.14,0,0,0,0
5202155,Araguapaz,0,,GO,Goiás,2776,7130,2188,84.115,39,99.25,65.33,37,0,0,0
5212956,Matrinchã,0,,GO,Goiás,1560,4024,1151,88.649,39,101.4,74.54,33,0,102,0
3104601,Astolfo Dutra,0,,MG,Minas Gerais,5177,14100,159,94.787,39,100.91,88.52,4,0,0,0
3114600,Carrancas,0,,MG,Minas Gerais,1508,3992,728,94.483,39,98.97,82.24,1,0,0,0
3133402,Itapagipe,0,,MG,Minas Gerais,5425,13460,1802,94.388,39,105,84.22,4,0,10,0
3108404,Botelhos,0,,MG,Minas Gerais,5605,14683,334,93.278,39,98.58,90.56,7,0,0,0
3111200,Campo Belo,0,,MG,Minas Gerais,19817,51989,528,94.253,39,94.19,91.51,20,0,0,0
3125507,São Gonçalo do Rio Preto,0,,MG,Minas Gerais,1149,3003,314,87.461,39,93.37,92.58,11,0,70,0
3147303,Paraisópolis,0,,MG,Minas Gerais,7878,20395,331,94.816,39,98.42,83.75,18,0,0,0
3147600,Passa Quatro,0,,MG,Minas Gerais,5595,15463,277,9.611,39,95.87,81.42,3,0,0,0
3155801,Rio Pomba,0,,MG,Minas Gerais,6773,17274,252,94.441,39,95.68,92.37,12,0,0,0
3160900,São Brás do Suaçuí,0,,MG,Minas Gerais,1491,3980,110,9.609,39,95.54,83.28,1,0,8,0
3145604,Oliveira,0,,MG,Minas Gerais,14114,39009,897,95.405,39,94.17,90.49,17,0,11,0
3133907,Itaverava,0,,MG,Minas Gerais,1995,5640,284,87.771,39,105.39,90.43,0,0,0,0
3144102,Muzambinho,0,,MG,Minas Gerais,8154,21799,410,9.581,39,99.32,86.93,8,0,44,0
3106408,Belo Vale,0,Colar Metropolitano de Belo Horizonte,MG,Minas Gerais,3244,8610,366,94.352,39,101.8,85.89,6,0,349,0
3140605,Materlândia,0,,MG,Minas Gerais,1417,3962,281,82.411,39,96.87,85.03,0,0,557,0
3149200,Pedrinópolis,0,,MG,Minas Gerais,1223,3326,358,94.593,39,109.92,76.44,1,0,0,0
3151305,Piraúba,0,,MG,Minas Gerais,4318,11572,144,94.378,39,98.67,92.38,5,0,1,0
3119955,Córrego Fundo,0,,MG,Minas Gerais,2196,6107,101,92.088,39,101.81,79.98,2,0,0,0
3135001,Jaguaraçu,0,Colar Metropolitano,MG,Minas Gerais,1118,3085,164,91.448,39,97.45,81.58,2,0,0,0
3156403,Romaria,0,,MG,Minas Gerais,1207,3385,408,93.614,39,105.71,70.16,1,0,0,0
3162500,São João del Rei,0,,MG,Minas Gerais,34506,89437,1452,97.235,39,92.91,91.17,58,0,195,0
3111309,Campo do Meio,0,,MG,Minas Gerais,4075,11324,275,93.257,39,101.65,85.41,7,0,55,0
3123304,Dores do Turvo,0,,MG,Minas Gerais,1890,4976,231,89.504,39,101.09,84.75,16,0,0,0
3130002,Ibituruna,0,,MG,Minas Gerais,967,2670,153,93.068,39,98.38,97,2,0,0,0
3123858,Entre Folhas,0,Colar Metropolitano,MG,Minas Gerais,1930,5177,85,89.034,39,103.66,83.28,0,0,0,0
3131208,Ipanema,0,,MG,Minas Gerais,7570,19457,457,89.789,39,95.06,87.6,41,0,0,0
3109253,Bugre,0,Colar Metropolitano,MG,Minas Gerais,1438,4040,161,85.095,39,102.45,85.28,1,0,0,0
3110707,Cambuquira,0,,MG,Minas Gerais,4597,12239,246,92.109,39,96.04,94.41,5,0,0,0
3126000,Florestal,0,Região Metropolitana de Belo Horizonte,MG,Minas Gerais,3019,8013,194,96.219,39,96.75,88.37,8,0,0,0
3163706,São Lourenço,0,,MG,Minas Gerais,17098,44337,58,97.363,39,90.91,92.34,35,0,0,0
3143005,Monte Belo,0,,MG,Minas Gerais,4888,12983,421,93.096,39,103.46,92.01,2,0,0,0
3162906,São João Nepomuceno,0,,MG,Minas Gerais,9840,25430,407,96.806,39,91.83,86.64,11,0,76,0
3135902,Jesuânia,0,,MG,Minas Gerais,1914,5096,154,90.886,39,105.77,81.17,7,0,0,0
3154309,Resplendor,0,,MG,Minas Gerais,6604,17170,1082,89.731,39,95.97,82.63,603,519,0,0
3130804,Ingaí,0,,MG,Minas Gerais,936,2555,306,93.738,39,109.25,88.21,0,0,0,0
3109907,Caetanópolis,0,,MG,Minas Gerais,4208,11412,156,95.348,39,97.22,79.6,17,0,0,0
3170602,Vargem Bonita,0,,MG,Minas Gerais,876,2157,410,95.149,39,114.3,86.75,0,0,0,0
3111804,Canápolis,0,,MG,Minas Gerais,4034,10521,844,92.021,39,101.29,80.81,3,0,0,0
3126109,Formiga,0,,MG,Minas Gerais,26165,67578,1502,95.317,39,96.95,92.59,26,0,2,0
3138401,Leopoldina,0,,MG,Minas Gerais,19187,50967,943,95.158,39,91.55,86.16,27,0,0,0
3138708,Luminárias,0,,MG,Minas Gerais,2122,5549,500,93.781,39,105.59,84.69,1,0,0,0
3169000,Tocantins,0,,MG,Minas Gerais,6154,16106,174,93.902,39,98.2,82.07,2,0,0,0
3135605,Jequitaí,0,,MG,Minas Gerais,2465,6421,1268,86.044,39,98.9,80.3,4,0,28,0
3135704,Jequitibá,0,,MG,Minas Gerais,2248,5874,445,92.177,39,104.27,93.7,6,0,304,0
3128402,Guarani,0,,MG,Minas Gerais,2867,7674,264,9.242,39,99.23,88.71,0,0,0,0
3154408,Ressaquinha,0,,MG,Minas Gerais,1640,4531,183,9.324,39,101.6,82.04,11,0,187,0
3114402,Carmo do Rio Claro,0,,MG,Minas Gerais,7945,20890,1066,94.107,39,102.06,80.84,34,0,0,0
3134301,Itumirim,0,,MG,Minas Gerais,2413,6636,235,94.995,39,98.03,86.2,0,0,0,0
3137809,Lambari,0,,MG,Minas Gerais,7577,20300,213,95.754,39,96.82,91.94,2,0,1,0
3134806,Jacuí,0,,MG,Minas Gerais,2816,7454,409,92.088,39,103.01,89.93,1,0,0,0
3155702,Rio Piracicaba,0,,MG,Minas Gerais,5281,14556,373,93.476,39,95.24,86.64,7,0,1070,0
3119302,Coromandel,0,,MG,Minas Gerais,11454,28797,3313,94.087,39,101.18,80.03,0,0,4,0
3124906,Eugenópolis,0,,MG,Minas Gerais,4243,10617,309,91.326,39,103.18,94.48,10,0,0,0
3143203,Monte Santo de Minas,0,,MG,Minas Gerais,7973,20614,595,9.205,39,99.47,93.58,7,0,0,0
3158102,Santa Maria do Salto,0,,MG,Minas Gerais,1786,4750,441,79.173,39,102,87.68,3,0,0,0
3140209,Maripá de Minas,0,,MG,Minas Gerais,1233,3383,77,91.166,39,99.82,90.02,0,0,0,0
3144904,Nova Módica,0,,MG,Minas Gerais,1414,3661,376,83.097,39,98.75,81.83,1,0,0,0
3168903,Tiros,0,,MG,Minas Gerais,3107,7849,2092,94.563,39,103.64,87.83,5,0,23,0
3101805,Alpercata,0,,MG,Minas Gerais,2755,6844,167,86.916,39,97.51,87.59,14,0,0,0
3109501,Cabo Verde,0,,MG,Minas Gerais,4200,11380,368,92.096,39,106.37,81.02,0,0,0,0
3119005,Cordislândia,0,,MG,Minas Gerais,1147,3175,180,90.286,39,103.82,77.44,1,0,0,0
3142106,Miradouro,0,,MG,Minas Gerais,3531,8937,302,8.818,39,98.76,87.91,1,0,0,0
3154705,Ribeirão Vermelho,0,,MG,Minas Gerais,1470,4080,49,97.226,39,95.97,90.32,1,0,0,0
3109808,Cachoeira Dourada,0,,MG,Minas Gerais,867,2298,203,92.648,39,101.83,77.84,9,0,0,0
3141900,Minduri,0,,MG,Minas Gerais,1353,3721,220,93.312,39,100.7,89.94,0,0,0,0
3158706,Santana do Garambéu,0,,MG,Minas Gerais,779,2135,203,88.098,39,101.6,98.23,8,0,0,0
3163904,São Pedro da União,0,,MG,Minas Gerais,1908,4855,261,93.293,39,104.82,97.88,0,0,0,0
3104908,Baependi,0,,MG,Minas Gerais,6787,18227,751,92.068,39,99.96,91.82,4,0,6,0
3135407,Jeceaba,0,,MG,Minas Gerais,2262,6187,236,93.826,39,100.1,84.21,4,0,0,0
3138609,Lima Duarte,0,,MG,Minas Gerais,6876,17145,849,93.333,39,98.35,89.05,3,0,0,0
3149606,Pequi,0,,MG,Minas Gerais,1553,4150,204,93.855,39,101.8,83.95,15,0,0,0
3170438,União de Minas,0,,MG,Minas Gerais,1509,3822,1147,87.726,39,108.95,64.32,2,0,0,0
3111002,Campestre,0,,MG,Minas Gerais,7842,20596,578,93.795,39,105.75,95.44,3,0,6,0
3126406,Fortuna de Minas,0,Colar Metropolitano de Belo Horizonte,MG,Minas Gerais,1124,3093,199,95.164,39,98.27,80.72,1,0,193,0
3100807,Aguanil,0,,MG,Minas Gerais,1622,4334,232,92.194,39,98.41,88.18,5,0,0,0
3114550,Carneirinho,0,,MG,Minas Gerais,3750,9406,2063,90.698,39,102.62,80.12,6,0,0,0
3110806,Campanário,0,,MG,Minas Gerais,1086,2922,442,83.458,39,90.92,87.48,40,0,0,0
3140803,Matias Barbosa,0,,MG,Minas Gerais,5234,14032,157,95.524,39,97.17,88.93,4,0,0,0
3124807,Estrela do Sul,0,,MG,Minas Gerais,2661,6812,822,91.475,39,109.43,76.82,6,0,0,0
3171709,Virgínia,0,,MG,Minas Gerais,3297,8852,327,91.667,39,100.9,88.15,0,0,0,0
3124500,Estiva,0,,MG,Minas Gerais,4198,11468,244,91.417,39,105.72,87.66,2,0,1,0
3140407,Marmelópolis,0,,MG,Minas Gerais,1189,3196,108,93.021,39,102.92,71.62,0,0,0,0
3154200,Resende Costa,0,,MG,Minas Gerais,4264,11136,618,95.271,39,95.99,92.05,10,0,317,0
3116209,Chiador,0,,MG,Minas Gerais,1038,2800,253,94.218,39,90.74,85.49,1,0,0,0
3144672,Nova Belém,0,,MG,Minas Gerais,1181,3151,147,83.043,39,105.01,66.51,1,0,0,0
3102902,Antônio Carlos,0,,MG,Minas Gerais,4073,11081,530,92.309,39,100.74,85.1,7,0,21,0
3134707,Jacinto,0,,MG,Minas Gerais,4184,10969,1394,81.396,39,101.2,84.2,7,0,1,0
3138807,Luz,0,,MG,Minas Gerais,6769,17640,1172,94.516,39,97.49,92.98,7,0,0,0
3157377,Santa Cruz de Salinas,0,,MG,Minas Gerais,1455,3902,590,77.943,39,102.91,98.83,4,0,0,0
3154903,Rio Casca,0,,MG,Minas Gerais,4686,12740,384,92.266,39,93.04,89.29,14,0,0,0
3160702,Santos Dumont,0,,MG,Minas Gerais,15930,42225,637,94.941,39,92.52,89.23,13,0,312,0
5003108,Corguinho,0,,MS,Mato Grosso do Sul,1858,4780,2640,91.328,39,107.33,68.76,17,0,139,138
5007307,Rio Negro,0,,MS,Mato Grosso do Sul,1769,4823,1829,91.339,39,102.38,65.26,22,0,27,0
5004007,Glória de Dourados,0,,MS,Mato Grosso do Sul,3953,10414,493,91.607,39,96.98,74.69,38,0,0,0
5108105,Tesouro,0,,MT,Mato Grosso,1155,3021,4244,89.553,39,113.18,65.66,0,0,0,0
5105200,Juscimeira,0,,MT,Mato Grosso,4326,11408,2291,88.796,39,103.33,62.25,10,0,4,0
5106109,Nossa Senhora do Livramento,0,Região Metropolitana do Vale do Rio Cuiabá,MT,Mato Grosso,4598,12902,5537,87.199,39,110.58,69.88,30,0,945,711
5106208,Nova Brasilândia,0,Entorno Metropolitano da RM Vale do Rio Cuiabá,MT,Mato Grosso,1540,3889,3290,79.792,39,109.37,58.69,2,0,0,0
5103601,Dom Aquino,0,,MT,Mato Grosso,3026,7827,2184,88.763,39,103.41,69.45,2,0,0,0
2513851,Santo André,0,,PB,Paraíba,997,2620,198,80.666,39,99.24,87.83,0,0,0,0
2512077,Poço de José de Moura,0,Região Metropolitana de Cajazeiras,PB,Paraíba,1450,4006,95,80.957,39,94.09,90.75,4,0,0,0
2506202,Frei Martinho,0,Região Metropolitana de Barra de Santa Rosa,PB,Paraíba,1085,2841,239,81.833,39,99.72,98.29,0,0,0,0
2510659,Parari,0,,PB,Paraíba,644,1720,208,8.198,39,100.93,86.08,0,0,0,0
2513968,São Domingos,0,,PB,Paraíba,921,2593,170,66.229,39,99.77,87.26,1,0,0,0
2517209,Vieirópolis,0,Região Metropolitana de Sousa,PB,Paraíba,1622,4857,147,67.098,39,101.16,99.76,0,0,0,0
2510600,Ouro Velho,0,,PB,Paraíba,1120,2918,128,76.838,39,99.32,68.69,0,0,0,0
2517100,Várzea,0,Região Metropolitana de Patos,PB,Paraíba,991,2665,191,89.402,39,99.1,93.48,1,0,157,156
2205003,Itainópolis,0,,PI,Piauí,3951,10761,828,71.561,39,102.29,86.53,3,0,11,0
2209856,São João da Canabrava,0,,PI,Piauí,1565,4240,481,75.209,39,96.94,82.05,1,0,7,0
2200905,Aroazes,0,,PI,Piauí,1817,5369,821,7.591,39,96.02,83.45,0,0,0,0
2209500,Santo Inácio do Piauí,0,,PI,Piauí,1333,3636,852,75.641,39,101.66,80.47,0,0,2,0
2209708,São Francisco do Piauí,0,,PI,Piauí,2082,5392,1341,72.987,39,97.51,81.86,0,0,0,0
2211605,Vila Nova do Piauí,0,,PI,Piauí,1093,2934,222,73.099,39,102.97,74.37,2,0,0,0
2200954,Aroeiras do Itaim,0,,PI,Piauí,940,2690,316,65.371,39,107.24,91.78,1,0,5,0
2207777,Patos do Piauí,0,,PI,Piauí,2075,5425,801,6.953,39,105.49,93.13,0,0,84,0
2203503,Elesbão Veloso,0,,PI,Piauí,4806,13604,1384,75.139,39,93.97,83.96,1,0,0,0
2210359,São Lourenço do Piauí,0,,PI,Piauí,1487,4408,674,8.369,39,104.26,89.11,1,0,394,364
4125803,São Pedro do Ivaí,0,Região Metropolitana de Apucarana,PR,Paraná,3353,8688,323,9.048,39,96.87,79.91,5,0,0,0
4105102,Centenário do Sul,0,Região Metropolitana de Londrina,PR,Paraná,4243,10789,372,89.939,39,96.7,77.04,6,0,0,0
4111704,Jaboti,0,,PR,Paraná,2046,5419,139,91.023,39,102.88,71.47,1,0,0,0
4117206,Nova Olímpia,0,Região Metropolitana de Umuarama,PR,Paraná,2262,5822,136,91.168,39,97.59,83.32,0,0,0,0
4117271,Nova Tebas,0,,PR,Paraná,2550,6830,546,86.271,39,105.46,79.94,6,0,0,0
4103222,Bom Sucesso do Sul,0,,PR,Paraná,1181,3202,196,94.391,39,92.89,79.58,0,0,0,0
4123402,Santa Fé,0,Região Metropolitana de Maringá,PR,Paraná,4258,11347,276,93.774,39,93.04,80.63,1,0,0,0
4111100,Itambé,0,Região Metropolitana de Maringá,PR,Paraná,2334,6110,244,93.114,39,96.18,89.4,0,0,0,0
4117297,Novo Itacolomi,0,Região Metropolitana de Apucarana,PR,Paraná,1159,3124,161,91.108,39,102.79,92.25,13,0,0,0
4109104,Guaporema,0,,PR,Paraná,833,2181,201,88.999,39,98.46,82.84,1,0,0,0
4109906,Icaraíma,0,Região Metropolitana de Umuarama,PR,Paraná,3335,8939,675,90.619,39,99.93,79.34,16,0,0,0
4103024,Boa Esperança do Iguaçu,0,,PR,Paraná,881,2442,152,90.688,39,106.65,68.06,0,0,0,0
4125407,São José da Boa Vista,0,,PR,Paraná,2358,6018,400,92.776,39,104.95,76.58,0,0,0,0
4113601,Lobato,0,Região Metropolitana de Maringá,PR,Paraná,1734,4599,241,94.871,39,98.23,74.91,1,0,0,0
4128609,Verê,0,,PR,Paraná,2925,7922,312,9.332,39,99.8,82.89,1,0,0,0
4101309,Antônio Olinto,0,,PR,Paraná,2771,7013,470,93.786,39,109.87,80.99,10,0,0,0
4102109,Astorga,0,Região Metropolitana de Maringá,PR,Paraná,9560,25405,435,95.133,39,93.55,80.94,5,0,0,0
4116901,Nova Esperança,0,Região Metropolitana de Maringá,PR,Paraná,9989,26538,402,94.068,39,93.74,78.63,11,0,0,0
4105904,Colorado,0,,PR,Paraná,8810,22735,408,93.772,39,94.63,82.71,12,0,0,0
4116604,Nova América da Colina,0,,PR,Paraná,1164,3280,129,89.974,39,101.97,78.51,2,0,0,0
4111555,Ivaté,0,Região Metropolitana de Umuarama,PR,Paraná,2581,6818,410,91.793,39,97.09,73.02,1,0,0,0
4111506,Ivaiporã,0,Região Metropolitana de Apucarana,PR,Paraná,12760,32598,437,92.375,39,94.58,83.68,31,0,0,0
4106704,Cruzeiro do Sul,0,,PR,Paraná,1729,4490,259,91.964,39,97.63,75.82,1,0,0,0
4123709,Santa Isabel do Ivaí,0,,PR,Paraná,3469,8906,349,92.574,39,95.61,81.59,6,0,0,0
4107405,Enéas Marques,0,,PR,Paraná,2207,5980,192,93.082,39,105.52,73.76,7,0,0,0
4122909,Salto do Itararé,0,,PR,Paraná,1997,5189,201,89.051,39,100.85,86.69,1,0,0,0
4112108,Jandaia do Sul,0,Região Metropolitana de Maringá,PR,Paraná,8167,21271,188,9.478,39,94.04,88.43,6,0,0,0
4123824,Santa Lúcia,0,Região Metropolitana de Cascavel,PR,Paraná,1389,3644,127,93.467,39,101.66,80.71,0,0,0,0
4116307,Munhoz de Melo,0,Região Metropolitana de Maringá,PR,Paraná,1464,3939,137,93.032,39,97.65,86.29,0,0,0,0
4102802,Bela Vista do Paraíso,0,Região Metropolitana de Londrina,PR,Paraná,5533,14774,243,92.333,39,92.61,87.69,0,0,0,0
4107751,Figueira,0,,PR,Paraná,2946,8058,130,89.289,39,101.25,80.97,1,0,0,0
4123105,Santa Amélia,0,,PR,Paraná,1290,3382,78,91.706,39,97.33,82.02,274,186,24,0
4101051,Anahy,0,Região Metropolitana de Cascavel,PR,Paraná,1116,2918,103,90.268,39,97.03,83.15,0,0,0,0
4123204,Santa Cecília do Pavão,0,,PR,Paraná,1301,3343,105,86.485,39,97.94,84.52,1,0,0,0
4103404,Cafeara,0,,PR,Paraná,1008,2627,186,89.027,39,100.53,71.62,0,0,0,0
4128559,Vera Cruz do Oeste,0,Região Metropolitana de Cascavel,PR,Paraná,3140,8213,327,90.402,39,94.39,79.03,4,0,0,0
4107850,Flor da Serra do Sul,0,,PR,Paraná,1625,4357,256,90.556,39,102.32,67.9,4,0,0,0
4119806,Planalto,0,,PR,Paraná,5311,14329,346,94.489,39,99.64,85.26,71,0,0,0
4116406,Nossa Senhora das Graças,0,,PR,Paraná,1364,3666,186,90.988,39,97.15,68.27,2,0,0,0
4100103,Abatiá,0,,PR,Paraná,2714,7202,229,8.897,39,99.04,78.03,114,99,0,0
4120853,Quatro Pontes,0,Região Metropolitana de Toledo,PR,Paraná,1696,4480,114,98.391,39,96.06,83.25,2,0,0,0
4119954,Pontal do Paraná,0,,PR,Paraná,11731,30403,200,9.691,39,97.31,79.41,127,0,0,0
4114351,Manfrinópolis,0,,PR,Paraná,1033,2768,216,91.506,39,109.85,70.17,3,0,0,0
4119202,Pinhalão,0,,PR,Paraná,2420,6538,221,90.543,39,99.64,75.27,5,0,0,0
4117008,Nova Fátima,0,,PR,Paraná,2733,7223,283,90.133,39,95.69,84.6,2,0,0,0
4125902,São Pedro do Paraná,0,,PR,Paraná,985,2657,251,91.809,39,101.59,75.82,0,0,0,0
3302700,Maricá,0,Região Metropolitana do Rio de Janeiro,RJ,Rio de Janeiro,73454,196864,362,97.344,39,92.57,72.55,356,0,0,0
3306305,Volta Redonda,0,,RJ,Rio de Janeiro,97991,261207,182,97.625,39,88.56,87,165,0,6,0
3300159,Aperibé,0,,RJ,Rio de Janeiro,4334,11011,95,93.661,39,94.06,83.86,8,0,0,0
3301157,Cardoso Moreira,0,,RJ,Rio de Janeiro,4985,12937,523,8.901,39,96.45,86.04,9,0,0,0
3303906,Petrópolis,0,Região Metropolitana do Rio de Janeiro,RJ,Rio de Janeiro,108238,277958,791,97.049,39,88.69,92.91,176,0,61,46
3303203,Nilópolis,0,Região Metropolitana do Rio de Janeiro,RJ,Rio de Janeiro,57005,146640,19,98.084,39,87.45,82.87,198,0,0,0
3302304,Laje do Muriaé,0,,RJ,Rio de Janeiro,2728,7335,254,91.218,39,96.57,83.66,2,0,0,0
3304706,Santo Antônio de Pádua,0,,RJ,Rio de Janeiro,15817,41195,604,93.091,39,94.12,84.1,18,0,0,0
3306107,Valença,0,,RJ,Rio de Janeiro,25919,67926,1301,9.531,39,89.48,90.66,47,0,170,116
3302205,Itaperuna,0,,RJ,Rio de Janeiro,38479,100311,1107,94.012,39,93.14,82.53,75,0,0,0
3304409,Rio Claro,0,,RJ,Rio de Janeiro,6415,17382,847,91.589,39,95.89,77.58,11,0,148,40
3301207,Carmo,0,,RJ,Rio de Janeiro,6683,17045,306,93.782,39,94.17,84.48,5,0,86,0
3300209,Araruama,0,,RJ,Rio de Janeiro,48144,129098,638,95.333,39,90.78,79.31,162,0,994,92
3305505,Saquarema,0,,RJ,Rio de Janeiro,34117,89266,352,95.727,39,94.01,83.92,95,0,0,0
3302601,Mangaratiba,0,,RJ,Rio de Janeiro,15765,41186,368,96.588,39,96.63,75.23,205,0,925,339
3304805,São Fidélis,0,,RJ,Rio de Janeiro,14908,38908,1035,92.179,39,97.41,83.16,16,0,79,3
3303104,Natividade,0,,RJ,Rio de Janeiro,5691,15012,387,9.278,39,94.18,92.26,25,0,145,136
3305406,Sapucaia,0,,RJ,Rio de Janeiro,6693,17701,541,91.831,39,96.68,79.32,6,0,1,0
3300407,Barra Mansa,0,,RJ,Rio de Janeiro,62890,169614,547,96.947,39,90.2,78.93,75,0,4,0
3301108,Cantagalo,0,,RJ,Rio de Janeiro,7289,19347,747,93.113,39,95.11,80.15,7,0,0,0
2411809,São Fernando,0,,RN,Rio Grande do Norte,1242,3492,404,78.964,39,100.11,89.62,1,0,0,0
2412104,São João do Sabugi,0,,RN,Rio Grande do Norte,2256,5954,277,85.015,39,93.38,93.37,1,0,0,0
2404804,Ipueira,0,,RN,Rio Grande do Norte,777,2035,127,86.533,39,95.67,99.71,0,0,72,0
2414308,Timbaúba dos Batistas,0,,RN,Rio Grande do Norte,844,2344,135,82.974,39,95.02,100.28,0,0,0,0
2408409,Olho-d'Água do Borges,0,,RN,Rio Grande do Norte,1399,3901,141,74.849,39,98.12,107.37,0,0,0,0
1101484,São Felipe D'Oeste,0,,RO,Rondônia,1962,5256,542,89.809,39,105.07,70.52,2,0,0,0
4302451,Boqueirão do Leão,0,,RS,Rio Grande do Sul,2440,6225,266,92.276,39,103.35,78.54,4,0,0,0
4311122,Jaquirana,0,,RS,Rio Grande do Sul,1391,3686,909,92.036,39,103.42,77.73,3,0,0,0
4301909,Barra do Ribeiro,0,,RS,Rio Grande do Sul,4796,12189,729,94.947,39,95.63,93.03,263,0,0,0
4312757,Nova Alvorada,0,,RS,Rio Grande do Sul,1172,3163,149,95.139,39,97.93,95.28,0,0,0,0
4321907,Três Passos,0,,RS,Rio Grande do Sul,9958,24995,269,96.487,39,95.69,93.32,17,0,0,0
4321303,Taquari,0,,RS,Rio Grande do Sul,10099,25040,350,95.486,39,93.99,80.54,7,0,0,0
4300638,Amaral Ferrador,0,,RS,Rio Grande do Sul,2012,5289,506,9.303,39,105.18,77.84,1,0,3,0
4322152,Tunas,0,,RS,Rio Grande do Sul,1404,3681,217,85.051,39,107.26,76.66,0,0,8,0
4307104,Herval,0,,RS,Rio Grande do Sul,2668,6170,1760,95.004,39,101.4,99.01,0,0,12,0
4308201,Flores da Cunha,0,Região Metropolitana da Serra Gaúcha,RS,Rio Grande do Sul,11803,30862,276,97.887,39,97.27,82.53,7,0,0,0
4302154,Boa Vista das Missões,0,,RS,Rio Grande do Sul,764,1932,196,95.397,39,96.84,84.44,0,0,0,0
4309050,Glorinha,0,Região Metropolitana de Porto Alegre,RS,Rio Grande do Sul,2991,7654,324,95.645,39,101.58,85,9,0,0,0
4301404,Arvorezinha,0,,RS,Rio Grande do Sul,3931,10305,269,95.313,39,99.81,101.07,0,0,0,0
4301305,Arroio Grande,0,,RS,Rio Grande do Sul,7269,17514,2509,94.287,39,97.04,94.32,23,0,0,0
4304655,Capão do Cipó,0,,RS,Rio Grande do Sul,1167,3113,1008,97.018,39,111.03,81.38,0,0,0,0
4312906,Nova Bassano,0,,RS,Rio Grande do Sul,3291,9606,212,98.409,39,100.02,105.69,0,0,0,0
4311254,Lagoão,0,,RS,Rio Grande do Sul,2033,5337,387,8.364,39,105.9,75.23,2,0,138,0
4312377,Monte Alegre dos Campos,0,,RS,Rio Grande do Sul,1194,3180,549,92.403,39,112.57,80.67,5,0,0,0
4314035,Pareci Novo,0,,RS,Rio Grande do Sul,1680,4297,57,98.102,39,100.14,80.19,3,0,0,0
4321501,Torres,0,Aglomeração Urbana do Litoral Norte,RS,Rio Grande do Sul,16524,41501,162,97.157,39,92.19,85.68,169,129,0,0
4301651,Barão,0,,RS,Rio Grande do Sul,2427,6458,125,9.741,39,101.84,88.16,1,0,0,0
4304200,Candelária,0,,RS,Rio Grande do Sul,11388,28687,945,94.109,39,96.05,96.82,4,0,0,0
4308607,Garibaldi,0,Região Metropolitana da Serra Gaúcha,RS,Rio Grande do Sul,13401,34279,168,98.115,39,96.36,93.11,24,0,0,0
4311205,Júlio de Castilhos,0,,RS,Rio Grande do Sul,6965,18086,1930,95.702,39,94.64,88.03,7,0,0,0
4316451,Salto do Jacuí,0,,RS,Rio Grande do Sul,4023,10148,508,93.355,39,94.53,74.82,575,148,307,0
4301206,Arroio do Tigre,0,,RS,Rio Grande do Sul,4452,12053,315,94.201,39,98.49,89.75,2,0,76,43
4306601,Dom Pedrito,0,,RS,Rio Grande do Sul,14309,36551,5194,95.654,39,97.5,86.84,11,0,0,0
4319802,São Vicente do Sul,0,,RS,Rio Grande do Sul,3117,8036,1175,95.491,39,98.12,89.83,1,0,0,0
4322608,Venâncio Aires,0,,RS,Rio Grande do Sul,27675,68100,773,96.353,39,96.65,89.99,21,0,0,0
4310801,Ivoti,0,Região Metropolitana de Porto Alegre,RS,Rio Grande do Sul,8616,22840,63,98.357,39,95.27,67.9,8,0,0,0
4300406,Alegrete,0,,RS,Rio Grande do Sul,28245,71928,7800,95.786,39,94.58,89.13,58,0,282,0
4314902,Porto Alegre,1,Região Metropolitana de Porto Alegre,RS,Rio Grande do Sul,558252,1322584,495,9.826,39,85.24,98.38,0,0,2266,493
4311718,Maçambará,0,,RS,Rio Grande do Sul,1632,4425,1683,93.918,39,104.48,71,3,0,0,0
4308102,Feliz,0,,RS,Rio Grande do Sul,5394,13679,95,98.639,39,96.49,91.98,3,0,0,0
4311007,Jaguarão,0,,RS,Rio Grande do Sul,10836,26443,2052,95.762,39,92.73,94.41,46,0,15,0
4318408,São Jerônimo,0,Região Metropolitana de Porto Alegre,RS,Rio Grande do Sul,8091,20912,936,94.364,39,96.93,81.78,29,0,0,0
4321006,Tapera,0,,RS,Rio Grande do Sul,4051,10560,180,95.443,39,95.93,83.8,11,0,0,0
4316402,Rosário do Sul,0,,RS,Rio Grande do Sul,13803,36414,4344,95.066,39,93.82,92.31,25,0,47,0
4317608,Santo Antônio da Patrulha,0,Região Metropolitana de Porto Alegre,RS,Rio Grande do Sul,17074,42637,1050,94.259,39,97.77,90.22,24,0,0,0
4307401,Esmeralda,0,,RS,Rio Grande do Sul,1248,3195,830,94.041,39,96.37,94.11,3,0,0,0
4307500,Espumoso,0,,RS,Rio Grande do Sul,5796,15007,784,95.141,39,97,95.89,3,0,13,0
4319158,São Miguel das Missões,0,,RS,Rio Grande do Sul,2804,7043,1228,94.841,39,107.53,89.27,105,0,0,0
4306908,Encruzilhada do Sul,0,,RS,Rio Grande do Sul,9607,23736,3348,92.813,39,98.86,88.49,15,0,0,0
4303558,Camargo,0,,RS,Rio Grande do Sul,1128,2981,138,96.271,39,99.67,95.72,0,0,0,0
4314704,Planalto,0,,RS,Rio Grande do Sul,4049,10397,229,92.173,39,97.08,86.81,1328,0,0,0
4316758,Santa Clara do Sul,0,,RS,Rio Grande do Sul,2580,6830,86,97.869,39,98.64,91.82,2,0,0,0
4309605,Horizontina,0,,RS,Rio Grande do Sul,7624,18788,230,97.693,39,94.56,92.66,5,0,0,0
4316105,Ronda Alta,0,,RS,Rio Grande do Sul,3559,9731,419,94.408,39,95.54,95.91,977,882,0,0
4304002,Campo Novo,0,,RS,Rio Grande do Sul,1920,4968,221,91.815,39,97.58,80.67,0,0,0,0
4323101,Vicente Dutra,0,,RS,Rio Grande do Sul,1789,4658,193,91.746,39,103.98,79.15,188,182,0,0
4309951,Ibirapuitã,0,,RS,Rio Grande do Sul,1462,3723,307,92.915,39,106.03,102.06,2,0,0,0
4318507,São José do Norte,0,Aglomeração Urbana do Sul,RS,Rio Grande do Sul,10193,25361,1072,8.826,39,100.92,86.56,13,0,58,0
4319752,São Vendelino,0,,RS,Rio Grande do Sul,852,2251,32,98.673,39,105.01,77.93,1,0,0,0
4321808,Três de Maio,0,,RS,Rio Grande do Sul,9877,24824,421,97.052,39,93.54,95.88,3,0,0,0
4306809,Encantado,0,,RS,Rio Grande do Sul,9028,22785,140,97.046,39,93.63,96.42,7,0,0,0
4304697,Capitão,0,,RS,Rio Grande do Sul,1054,2921,74,9.611,39,102.43,93.21,0,0,0,0
4312138,Mato Castelhano,0,,RS,Rio Grande do Sul,925,2442,238,94.932,39,98.83,80.84,116,0,0,0
4314175,Pedras Altas,0,,RS,Rio Grande do Sul,866,2059,1374,93.227,39,110.31,76.03,6,0,147,0
4205159,Doutor Pedrinho,0,Região Metropolitana do Vale do Itajaí,SC,Santa Catarina,1363,3637,374,96.602,39,101.61,93.06,142,128,0,0
4210209,Major Gercino,0,Região Metropolitana de Florianópolis,SC,Santa Catarina,1205,3214,306,94.473,39,101.25,71.32,0,0,0,0
4205209,Erval Velho,0,Região Metropolitana do Contestado,SC,Santa Catarina,1880,4826,209,94.944,39,97.77,100.35,2,0,0,0
4215604,Santa Rosa de Lima,0,Região Metropolitana de Tubarão,SC,Santa Catarina,737,2076,203,96.918,39,105.71,85.12,1,0,0,0
4204152,Celso Ramos,0,Região Metropolitana do Contestado,SC,Santa Catarina,1031,2805,208,93.031,39,103.41,78.98,0,0,0,0
4207858,Irati,0,Região Metropolitana do Extremo Oeste,SC,Santa Catarina,787,2069,78,92.231,39,102.05,83.24,0,0,0,0
4216701,São José do Cedro,0,Região Metropolitana do Extremo Oeste,SC,Santa Catarina,5336,14024,281,96.465,39,100.92,82.82,1,0,0,0
4216008,São Carlos,0,Região Metropolitana de Chapecó,SC,Santa Catarina,3873,10269,162,9.647,39,98.61,80.15,3,0,0,0
4218954,Urupema,0,Região Metropolitana de Lages,SC,Santa Catarina,962,2647,350,94.306,39,108.31,72.58,1,0,0,0
4205357,Flor do Sertão,0,Região Metropolitana do Extremo Oeste,SC,Santa Catarina,663,1783,58,88.267,39,103.08,92.11,0,0,0,0
4209805,Leoberto Leal,0,Região Metropolitana de Florianópolis,SC,Santa Catarina,1217,3315,294,91.752,39,105.81,71.69,0,0,0,0
4205555,Frei Rogério,0,Região Metropolitana de Lages,SC,Santa Catarina,866,2411,159,94.097,39,110.75,73.89,0,0,0,0
4208955,Jardinópolis,0,Região Metropolitana do Extremo Oeste,SC,Santa Catarina,676,1776,68,94.941,39,102.51,70.57,3,0,0,0
4205431,Formosa do Sul,0,Região Metropolitana do Extremo Oeste,SC,Santa Catarina,952,2675,100,93.397,39,101.81,84.36,0,0,0,0
4218350,Treviso,0,Região Metropolitana Carbonífera,SC,Santa Catarina,1369,3779,157,97.646,39,95.96,80.75,0,0,0,0
4208807,Jaguaruna,0,Região Metropolitana de Tubarão,SC,Santa Catarina,7567,20371,326,96.919,39,97.13,80.55,20,0,0,0
4215075,Riqueza,0,Região Metropolitana do Extremo Oeste,SC,Santa Catarina,1838,4766,191,93.897,39,106.05,88.03,1,0,0,0
4219002,Urussanga,0,Região Metropolitana Carbonífera,SC,Santa Catarina,7765,20888,255,97.672,39,94.14,91.14,4,0,0,0
4206751,Ibiam,0,Região Metropolitana do Contestado,SC,Santa Catarina,716,2003,146,96.611,39,107.44,81.3,0,0,0,0
4215695,Santiago do Sul,0,Região Metropolitana do Extremo Oeste,SC,Santa Catarina,577,1642,73,94.478,39,97.02,83.92,0,0,0,0
4201653,Arvoredo,0,Região Metropolitana de Chapecó,SC,Santa Catarina,870,2507,91,91.807,39,111.81,89.43,40,9,0,0
4210803,Meleiro,0,Região Metropolitana Carbonífera,SC,Santa Catarina,2589,6948,186,9.598,39,98.81,87.84,0,0,0,0
4217105,São Martinho,0,Região Metropolitana de Tubarão,SC,Santa Catarina,1168,3403,225,97.686,39,105.74,92.95,0,0,0,0
4202073,Balneário Gaivota,0,Região Metropolitana Carbonífera,SC,Santa Catarina,5970,15640,147,96.669,39,95.45,77.17,11,0,0,0
4205605,Galvão,0,Região Metropolitana do Extremo Oeste,SC,Santa Catarina,1155,3167,140,8.836,39,98.15,76.28,6,0,0,0
4217550,Serra Alta,0,Região Metropolitana de Chapecó,SC,Santa Catarina,1230,3303,91,95.927,39,99.46,82.18,0,0,0,0
4217758,Sul Brasil,0,Região Metropolitana de Chapecó,SC,Santa Catarina,999,2832,113,9.262,39,103.59,82.52,0,0,0,0
4202081,Bandeirante,0,Região Metropolitana do Extremo Oeste,SC,Santa Catarina,1141,3143,148,9.281,39,111.43,84.62,0,0,0,0
4204178,Cerro Negro,0,Região Metropolitana de Lages,SC,Santa Catarina,1197,3317,419,8.827,39,112.76,72.71,0,0,120,0
4204400,Coronel Freitas,0,Região Metropolitana de Chapecó,SC,Santa Catarina,3721,10359,234,93.922,39,100.7,81.02,2,0,0,0
4212239,Paraíso,0,Região Metropolitana do Extremo Oeste,SC,Santa Catarina,1574,4240,180,93.444,39,107.24,82.82,0,0,0,0
4203105,Caibi,0,Região Metropolitana do Extremo Oeste,SC,Santa Catarina,2310,6295,173,94.711,39,100.32,84.68,0,0,0,0
4213153,Planalto Alegre,0,Região Metropolitana de Chapecó,SC,Santa Catarina,1058,2942,63,92.445,39,104.02,82.31,0,0,0,0
4204707,Cunha Porã,0,Região Metropolitana do Extremo Oeste,SC,Santa Catarina,4189,10864,220,96.779,39,97.46,88.5,3,0,0,0
4207650,Iporã do Oeste,0,Região Metropolitana do Extremo Oeste,SC,Santa Catarina,3401,9263,201,97.216,39,101.62,87.41,0,0,0,0
4211876,Paial,0,Região Metropolitana de Chapecó,SC,Santa Catarina,692,1927,86,92.332,39,106.32,77.07,10,0,0,0
3522703,Itápolis,0,,SP,São Paulo,15001,39439,997,9.515,39,95.83,85.69,8,0,0,0
3536257,Parisi,0,,SP,São Paulo,1108,2890,85,93.283,39,93.44,92.16,1,0,0,0
3537602,Peruíbe,0,Região Metropolitana da Baixada Santista,SP,São Paulo,25016,67893,326,95.994,39,93,82.42,616,338,0,0
3500204,Adolfo,0,Região Metropolitana de São José do Rio Preto,SP,São Paulo,1650,4351,211,93.221,39,97.95,86.17,7,0,0,0
3519253,Iaras,0,,SP,São Paulo,1791,5112,401,9.463,39,209.51,62,3,0,0,0
3512506,Coroados,0,,SP,São Paulo,2021,5399,247,95.779,39,97.8,74.42,42,0,0,0
3514924,Elisiário,0,,SP,São Paulo,1184,3138,94,93.673,39,102.84,81.68,1,0,0,0
3548203,Santo Antônio do Pinhal,0,Região Metropolitana do Vale do Paraíba e Litoral Norte,SP,São Paulo,2606,7120,133,95.665,39,101.5,71.44,8,0,0,0
3549102,São João da Boa Vista,0,,SP,São Paulo,34670,92281,516,97.272,39,92.47,88.02,27,0,0,0
3523008,Itapura,0,,SP,São Paulo,1520,3974,302,93.282,39,100.25,75.48,0,0,0,0
3554904,Três Fronteiras,0,,SP,São Paulo,2587,6800,152,93.489,39,99.82,87.31,7,0,0,0
3550803,São Sebastião da Grama,0,,SP,São Paulo,3862,10399,252,95.747,39,99.33,88.77,5,0,0,0
3508207,Buritizal,0,Aglomeração Urbana de Franca,SP,São Paulo,1661,4347,266,94.854,39,95.69,86.2,7,0,0,0
3547601,Santa Rosa de Viterbo,0,Região Metropolitana de Ribeirão Preto,SP,São Paulo,8597,23369,289,96.622,39,93.24,84.55,14,0,0,0
3511102,Catanduva,0,,SP,São Paulo,44061,115591,291,96.804,39,91.94,86.62,82,0,0,0
3520301,Iguape,0,,SP,São Paulo,10838,29068,1979,94.179,39,100.64,80.94,327,0,379,94
3536802,Pedra Bela,0,,SP,São Paulo,2462,6526,159,92.718,39,107.7,95.08,8,0,0,0
3537305,Penápolis,0,,SP,São Paulo,23212,61406,711,96.814,39,92.78,81.07,31,0,0,0
3544707,Sagres,0,,SP,São Paulo,917,2469,148,91.114,39,94.04,78.63,4,0,0,0
3501905,Amparo,0,,SP,São Paulo,24491,67683,445,96.776,39,94.56,90.79,31,0,0,0
3520608,Indiana,0,,SP,São Paulo,1919,5090,129,95.471,39,101.9,80.11,3,0,0,0
3522604,Itapira,0,,SP,São Paulo,26200,71448,518,96.409,39,95.97,86.28,30,0,0,0
3531308,Monte Alto,0,Região Metropolitana de Ribeirão Preto,SP,São Paulo,18050,47417,347,96.691,39,95.75,93.6,24,0,0,0
3541307,Presidente Epitácio,0,,SP,São Paulo,15043,39345,1260,95.161,39,93.22,75.61,41,0,0,0
3504800,Bálsamo,0,Região Metropolitana de São José do Rio Preto,SP,São Paulo,3708,9595,150,96.337,39,95.12,87.95,1,0,0,0
3516705,Garça,0,,SP,São Paulo,15523,41937,556,95.895,39,92.91,87.46,28,0,0,0
3515202,Estrela d'Oeste,0,,SP,São Paulo,3464,9292,296,94.051,39,103.61,88.45,5,0,0,0
3519402,Ibirá,0,Região Metropolitana de São José do Rio Preto,SP,São Paulo,4404,11671,272,94.865,39,95.85,89.21,5,0,0,0
3534104,Oriente,0,,SP,São Paulo,2202,6060,219,95.808,39,92.44,90.56,0,0,0,0
3546603,Santa Fé do Sul,0,,SP,São Paulo,13404,34655,207,9.625,39,92.6,88.16,30,0,0,0
3515509,Fernandópolis,0,,SP,São Paulo,27621,71005,550,96.216,39,92.53,92.63,51,0,0,0
3530508,Mococa,0,Região Metropolitana de Ribeirão Preto,SP,São Paulo,24696,67282,855,96.425,39,96.25,87.17,29,0,0,0
3549250,São João de Iracema,0,,SP,São Paulo,687,1845,178,92.634,39,98.71,85.55,0,0,0,0
3519907,Iepê,0,,SP,São Paulo,2901,7583,595,95.123,39,94.16,85.43,0,0,0,0
3539004,Pirangi,0,,SP,São Paulo,4028,10849,216,94.885,39,99.47,92.9,2,0,0,0
3538600,Piracaia,0,,SP,São Paulo,9524,25967,386,94.533,39,95.43,90.25,32,0,0,0
3522109,Itanhaém,0,Região Metropolitana da Baixada Santista,SP,São Paulo,41964,112223,602,9.592,39,92.65,78.57,0,0,2,0
3549706,São José do Rio Pardo,0,,SP,São Paulo,18754,51955,420,96.904,39,93.07,89.85,9,0,0,0
3524303,Jaboticabal,0,Região Metropolitana de Ribeirão Preto,SP,São Paulo,27393,71622,707,96.569,39,91.09,87.81,18,0,0,0
3535705,Paraíso,0,,SP,São Paulo,2268,6099,155,94.063,39,102.02,86.66,13,0,0,0
3539905,Poloni,0,Região Metropolitana de São José do Rio Preto,SP,São Paulo,2168,5583,135,93.708,39,96.56,97.36,5,0,0,0
3550902,São Simão,0,Região Metropolitana de Ribeirão Preto,SP,São Paulo,4878,13406,617,96.225,39,96.23,91.77,3,0,0,0
3500550,Águas de Santa Bárbara,0,,SP,São Paulo,2710,7162,404,95.636,39,99.42,84.03,4,0,0,0
3509304,Cajobi,0,,SP,São Paulo,3513,9127,177,94.676,39,98.24,93.17,8,0,0,0
3545159,Saltinho,0,Região Metropolitana de Piracicaba,SP,São Paulo,2915,8161,100,97.909,39,96.46,90.53,4,0,0,0
3531704,Monteiro Lobato,0,Região Metropolitana do Vale do Paraíba e Litoral Norte,SP,São Paulo,1568,4121,333,91.898,39,99.81,72.89,2,0,0,0
3512308,Conchas,0,,SP,São Paulo,5593,15163,466,96.191,39,100.21,83.44,2,0,0,0
3508702,Caconde,0,,SP,São Paulo,6212,17018,468,94.719,39,98.69,92.12,4,0,1,0
3527009,Lindóia,0,,SP,São Paulo,2591,7014,49,96.522,39,97.13,79.66,0,0,0,0
3546009,Santa Branca,0,Região Metropolitana do Vale do Paraíba e Litoral Norte,SP,São Paulo,5161,13962,272,94.991,39,99.02,84.94,5,0,0,0
3530805,Mogi Mirim,0,,SP,São Paulo,33795,91948,498,96.952,39,94.57,80.18,151,0,0,0
3531506,Monte Azul Paulista,0,,SP,São Paulo,6769,18125,263,95.196,39,100.14,92.08,2,0,0,0
3536604,Paulo de Faria,0,Região Metropolitana de São José do Rio Preto,SP,São Paulo,2916,7176,738,92.765,39,100.71,92.55,1,0,0,0
3556206,Valinhos,0,Região Metropolitana de Campinas,SP,São Paulo,46360,126088,149,98.046,39,94.84,77.1,83,0,5,0
3531100,Mongaguá,0,Região Metropolitana da Baixada Santista,SP,São Paulo,21572,59169,143,96.169,39,103.53,84.59,655,309,24,0
3531407,Monte Aprazível,0,Região Metropolitana de São José do Rio Preto,SP,São Paulo,8641,22220,496,96.213,39,95.52,93.21,13,0,0,0
3512605,Coronel Macedo,0,,SP,São Paulo,1654,4280,304,9.125,39,101.98,88.2,4,0,0,0
3526001,Junqueirópolis,0,,SP,São Paulo,7151,19108,583,95.285,39,109.72,85.99,11,0,8,0
3540002,Pompéia,0,,SP,São Paulo,7313,20163,785,96.425,39,95.66,81.78,21,0,0,0
3548104,Santo Antônio do Jardim,0,,SP,São Paulo,2146,6126,110,93.995,39,101.18,91.72,2,0,0,0
3513702,Descalvado,0,,SP,São Paulo,11400,31622,754,96.189,39,96.13,85.06,21,0,0,0
3541208,Presidente Bernardes,0,,SP,São Paulo,4771,12415,749,9.548,39,126.87,117.2,6,0,0,0
3553401,Tanabi,0,Região Metropolitana de São José do Rio Preto,SP,São Paulo,9549,25213,747,94.728,39,96.8,86.74,9,0,0,0
3518206,Guararapes,0,,SP,São Paulo,11649,30985,956,95.219,39,94.77,83.43,78,0,0,0
3503000,Aramina,0,Aglomeração Urbana de Franca,SP,São Paulo,2002,5405,203,95.058,39,94.96,81.3,0,0,0,0
3513603,Cunha,0,Região Metropolitana do Vale do Paraíba e Litoral Norte,SP,São Paulo,8574,22063,1407,93.263,39,103.44,84.01,9,0,0,0
3554706,Torrinha,0,,SP,São Paulo,3418,9275,315,96.222,39,99.51,91.84,0,0,0,0
3548054,Santo Antônio do Aracanguá,0,,SP,São Paulo,3141,8374,1308,94.251,39,100.5,69.38,9,0,0,0
3539400,Piratininga,0,,SP,São Paulo,5246,14982,402,96.522,39,94.57,69.34,20,0,0,0
3552551,Suzanápolis,0,,SP,São Paulo,1279,3407,331,92.135,39,101.66,78.43,0,0,0,0
3506904,Bofete,0,,SP,São Paulo,3940,10445,654,9.429,39,103.62,85.36,8,0,0,0
3552304,Sud Mennucci,0,,SP,São Paulo,2810,7351,595,93.169,39,98.84,71.62,0,0,0,0
3550407,São Pedro,0,Região Metropolitana de Piracicaba,SP,São Paulo,13923,38103,611,96.473,39,94.12,92.07,25,0,0,0
3537701,Piacatu,0,,SP,São Paulo,2081,5490,232,92.926,39,98.17,87.86,7,0,0,0
3553658,Taquaral,0,Região Metropolitana de Ribeirão Preto,SP,São Paulo,949,2619,54,92.227,39,98.86,84.49,0,0,0,0
3524105,Ituverava,0,Aglomeração Urbana de Franca,SP,São Paulo,14031,37484,705,95.443,39,93.4,86.5,20,0,0,0
1715150,Novo Alegre,0,,TO,Tocantins,718,1843,200,87.677,39,101.31,69.53,0,0,61,0
2918605,Jussiape,0,,BA,Bahia,2533,7379,590,82.573,41,95.94,117.16,57,0,3,0
3204955,São Roque do Canaã,0,,ES,Espírito Santo,4095,10880,342,92.233,41,102.79,101.8,2,0,0,0
3202702,Itaguaçu,0,,ES,Espírito Santo,5263,13581,535,91.577,41,98.67,105.29,5,0,0,0
3203163,Laranja da Terra,0,,ES,Espírito Santo,4210,11092,458,89.316,41,101.97,102.92,8,0,261,0
5221908,Varjão,0,,GO,Goiás,1553,3716,517,88.842,41,101.3,94.31,9,0,0,0
5203401,Bom Jardim de Goiás,0,,GO,Goiás,3109,7780,1901,90.035,41,102.75,92.84,0,0,0,0
5206800,Damolândia,0,,GO,Goiás,1090,2717,86,89.086,41,97.39,92.53,3,0,0,0
5203104,Baliza,0,,GO,Goiás,1286,3341,1780,89.543,41,113.3,67.87,2,0,0,0
5208103,Formoso,0,,GO,Goiás,1816,4658,843,90.207,41,101.99,78.6,5,0,0,0
5214804,Nova Aurora,0,,GO,Goiás,832,2087,307,93.402,41,104.78,99.16,2,0,0,0
5216007,Panamá,0,,GO,Goiás,995,2449,432,90.005,41,100.24,94.01,3,0,0,0
5213905,Mossâmedes,0,,GO,Goiás,1861,4650,685,90.639,41,100.6,95.83,9,0,0,0
5200829,Amaralina,0,,GO,Goiás,1280,3259,1344,8.839,41,109.76,70.45,2,0,0,0
5201603,Araçu,0,,GO,Goiás,1528,3759,150,88.882,41,94.82,93.5,1,0,0,0
5216809,Petrolina de Goiás,0,,GO,Goiás,3749,9532,530,91.861,41,100.1,88.98,1,0,0,0
5214705,Nova América,0,,GO,Goiás,908,2337,209,89.589,41,103.04,77.64,137,98,0,0
5208905,Goiás,0,,GO,Goiás,9593,23919,3108,91.088,41,98.1,89.88,434,0,764,0
5211404,Itauçu,0,,GO,Goiás,2939,7647,383,92.559,41,96.84,93.25,0,0,0,0
5221577,Uirapuru,0,,GO,Goiás,1069,2797,1154,87.293,41,103.05,71.4,9,0,0,0
5219605,Santa Tereza de Goiás,0,,GO,Goiás,1317,3293,790,88.287,41,101.78,96.02,6,0,0,0
5202809,Avelinópolis,0,,GO,Goiás,1117,2868,170,88.409,41,100,99.35,6,0,0,0
5208509,Goiandira,0,,GO,Goiás,1898,4958,570,94.804,41,97.66,104.27,0,0,0,0
5220058,São João da Paraúna,0,,GO,Goiás,697,1774,287,91.638,41,97.33,99.34,2,0,0,0
5207535,Faina,0,,GO,Goiás,2814,7036,1950,86.414,41,107.76,85.37,49,0,66,0
5212055,Jesúpolis,0,,GO,Goiás,833,2123,115,86.639,41,104.92,75.24,4,0,0,0
5206503,Cromínia,0,,GO,Goiás,1536,3879,365,92.857,41,99.54,96.88,2,0,372,0
3113107,Caranaíba,0,,MG,Minas Gerais,1047,2933,160,9.222,41,105.82,101.51,0,0,0,0
3120607,Crucilândia,0,,MG,Minas Gerais,2119,5331,167,90.754,41,101.86,103.03,1,0,0,0
3159407,Santa Rita de Ibitipoca,0,,MG,Minas Gerais,1200,3297,324,8.952,41,109.59,92.57,2,0,3,0
3102803,Andrelândia,0,,MG,Minas Gerais,4523,11864,1005,91.845,41,98.32,99.74,10,0,26,0
3107505,Bom Jardim de Minas,0,,MG,Minas Gerais,2680,6757,412,91.731,41,99.62,99.15,1,0,0,0
3119609,Coronel Pacheco,0,,MG,Minas Gerais,990,2759,132,93.929,41,95.47,96.27,6,0,0,0
3145505,Olímpio Noronha,0,,MG,Minas Gerais,942,2554,55,91.302,41,98.68,96.26,2,0,0,0
3110400,Camacho,0,,MG,Minas Gerais,1050,2835,223,87.032,41,109.91,100.23,0,0,0,0
3137908,Lamim,0,,MG,Minas Gerais,1192,3184,119,91.969,41,99.37,108.09,4,0,48,0
3130309,Iguatama,0,,MG,Minas Gerais,2706,6801,628,95.703,41,96.6,94.25,1,0,0,0
3117009,Comercinho,0,,MG,Minas Gerais,2539,6656,655,78.779,41,101.39,105.08,2,0,0,0
3146701,Palma,0,,MG,Minas Gerais,2149,5690,316,91.596,41,100.39,112.27,15,0,0,0
3125705,Felixlândia,0,,MG,Minas Gerais,5369,13923,1555,93.089,41,100.09,102.6,8,0,2,0
3156502,Rubelita,0,,MG,Minas Gerais,2120,5678,1110,78.499,41,106.66,101.94,6,0,56,0
3134509,Itutinga,0,,MG,Minas Gerais,1631,4215,372,93.868,41,101.96,91.15,0,0,0,0
3130606,Inconfidentes,0,,MG,Minas Gerais,2763,7301,150,9.441,41,104.68,98.35,5,0,0,0
3127404,Gonçalves,0,,MG,Minas Gerais,1826,4717,187,92.665,41,105.7,96.92,4,0,0,0
3104403,Argirita,0,,MG,Minas Gerais,1012,2687,159,92.918,41,99.85,102.34,0,0,0,0
3161601,São Geraldo da Piedade,0,,MG,Minas Gerais,1259,3294,152,84.226,41,91.59,93.81,0,0,3,0
3171402,Vieiras,0,,MG,Minas Gerais,1418,3689,113,90.234,41,104.76,94.82,3,0,0,0
3115201,Conceição da Barra de Minas,0,,MG,Minas Gerais,1324,3541,273,93.025,41,107.22,102.8,0,0,31,0
3168200,Tapiraí,0,,MG,Minas Gerais,657,1689,408,90.736,41,112.58,101.09,0,0,0,0
3105004,Baldim,0,Região Metropolitana de Belo Horizonte,MG,Minas Gerais,2935,7435,556,92.375,41,99.52,107.93,1,0,0,0
3126505,Francisco Badaró,0,,MG,Minas Gerais,2832,7363,461,82.869,41,105.47,115.66,2,0,1292,0
3167400,Silvianópolis,0,,MG,Minas Gerais,2438,6135,312,89.219,41,104.47,112.56,6,0,0,0
3116308,Cipotânea,0,,MG,Minas Gerais,2042,5535,153,88.932,41,98.33,93.91,0,0,21,0
3129905,Ibitiúra de Minas,0,,MG,Minas Gerais,1323,3320,68,91.752,41,102.35,114.96,0,0,0,0
3167905,Tabuleiro,0,,MG,Minas Gerais,1554,4014,211,88.781,41,98.91,115.18,3,0,254,0
3101300,Alagoa,0,,MG,Minas Gerais,1024,2739,161,90.499,41,105.46,100.23,0,0,0,0
3150604,Piracema,0,,MG,Minas Gerais,2614,6676,280,91.949,41,100,103.2,0,0,37,0
3167707,Sobrália,0,Colar Metropolitano,MG,Minas Gerais,2010,5137,207,85.309,41,99.57,92.14,14,0,0,0
3114709,Carvalhópolis,0,,MG,Minas Gerais,1222,3319,81,9.315,41,105.6,112.99,2,0,5,0
3127354,Glaucilândia,0,,MG,Minas Gerais,1081,2928,146,90.132,41,98.24,91.94,0,0,8,0
3147709,Passa Tempo,0,,MG,Minas Gerais,3257,8443,429,94.648,41,99.46,112.32,0,0,175,0
3108909,Brazópolis,0,,MG,Minas Gerais,5441,14154,368,92.822,41,100.56,104.93,7,0,1,0
3148905,Pedra do Indaiá,0,,MG,Minas Gerais,1533,4107,348,93.274,41,108.52,103.32,6,0,0,0
3109105,Bueno Brandão,0,,MG,Minas Gerais,4196,10851,356,92.583,41,105.25,106.23,8,0,1,0
3105202,Bandeira,0,,MG,Minas Gerais,1754,4721,484,78.591,41,108.58,108.43,0,0,0,0
3107208,Bocaina de Minas,0,,MG,Minas Gerais,2211,5322,504,88.842,41,109.81,94.46,9,0,2,0
3117405,Conceição de Ipanema,0,,MG,Minas Gerais,1680,4405,254,87.808,41,100.68,94.07,3,0,0,0
3125903,Ferros,0,,MG,Minas Gerais,3647,9551,1089,84.996,41,99.71,107.99,8,0,209,0
3131406,Ipiaçu,0,,MG,Minas Gerais,1533,3753,466,89.611,41,105.5,96.7,1,0,0,0
3167509,Simão Pereira,0,,MG,Minas Gerais,1073,2947,136,94.353,41,98.99,101.92,2,0,0,0
3141702,Mesquita,0,Colar Metropolitano,MG,Minas Gerais,1837,5028,275,87.825,41,100.4,99.32,5,0,1,0
3119708,Coronel Xavier Chaves,0,,MG,Minas Gerais,1262,3486,141,9.564,41,97.96,89.77,4,0,194,0
3152600,Pouso Alto,0,,MG,Minas Gerais,2472,6537,263,95.286,41,99.45,95.15,1,0,0,0
3153202,Presidente Juscelino,0,,MG,Minas Gerais,1315,3465,696,86.829,41,102.99,100.18,0,0,441,0
3162609,São João do Oriente,0,Colar Metropolitano,MG,Minas Gerais,2774,7062,120,87.286,41,96.83,92.25,1,0,0,0
3112000,Candeias,0,,MG,Minas Gerais,5419,13881,721,89.694,41,101.92,111.36,9,0,0,0
3115508,Caxambu,0,,MG,Minas Gerais,8154,20943,100,95.552,41,91.28,105.15,7,0,0,0
3151909,Pocrane,0,,MG,Minas Gerais,3265,8334,691,86.965,41,98.43,107.96,1,0,0,0
3163409,São José do Goiabal,0,Colar Metropolitano,MG,Minas Gerais,1982,5388,190,90.419,41,96.36,93.72,0,0,0,0
3105103,Bambuí,0,,MG,Minas Gerais,9593,23448,1456,94.225,41,96.58,112.74,6,0,0,0
3120003,Córrego Novo,0,Colar Metropolitano,MG,Minas Gerais,1070,2875,205,85.166,41,100.91,95.02,0,0,0,0
3158805,Santana do Jacaré,0,,MG,Minas Gerais,1625,4185,106,89.656,41,102.3,107.54,8,0,0,0
3168309,Taquaraçu de Minas,0,Região Metropolitana de Belo Horizonte,MG,Minas Gerais,1593,4218,329,90.365,41,109.63,93.04,1,0,0,0
3171105,Veríssimo,0,,MG,Minas Gerais,1379,3375,1032,91.351,41,111.47,86.48,1,0,3,0
5106703,Ponte Branca,0,,MT,Mato Grosso,834,2004,701,8.645,41,108.08,83.82,6,0,0,0
5104203,Guiratinga,0,,MT,Mato Grosso,4402,10769,5044,90.726,41,105.66,94.28,12,0,0,0
5101209,Araguainha,0,,MT,Mato Grosso,408,1005,675,87.089,41,113.08,86.77,1,0,0,0
2502300,Bom Sucesso,0,,PB,Paraíba,1725,4658,186,74.834,41,98.26,113.12,0,0,0,0
2513208,Santa Cruz,0,Região Metropolitana de Sousa,PB,Paraíba,2053,5945,218,75.988,41,100.64,102.26,1,0,0,0
2201804,Bocaina,0,,PI,Piauí,1577,4077,262,82.474,41,94.56,105.41,0,0,0,0
4102703,Barra do Jacaré,0,,PR,Paraná,1045,2813,116,91.913,41,101.43,102.94,3,0,0,0
4112207,Janiópolis,0,Região Metropolitana de Campo Mourão,PR,Paraná,2314,5856,336,8.724,41,98.85,100.82,2,0,0,0
4116000,Miraselva,0,Região Metropolitana de Londrina,PR,Paraná,751,1966,90,92.088,41,100.41,103.72,0,0,0,0
4111001,Itambaracá,0,,PR,Paraná,2184,5851,207,87.892,41,96.93,92.11,3,0,0,0
4119004,Pérola d'Oeste,0,,PR,Paraná,2399,6210,205,93.338,41,100.16,97.63,1,0,0,0
4110300,Inajá,0,,PR,Paraná,996,2536,195,88.424,41,90.82,82.5,29,0,0,0
4120507,Primeiro de Maio,0,Região Metropolitana de Londrina,PR,Paraná,3806,10062,414,93.038,41,97.53,109.37,3,0,0,0
4125555,São Manoel do Paraná,0,,PR,Paraná,808,2138,95,89.506,41,96.51,95.79,0,0,0,0
4122107,Rio Bom,0,Região Metropolitana de Apucarana,PR,Paraná,1240,3155,178,90.469,41,101.45,101.32,1,0,0,0
4101853,Ariranha do Ivaí,0,Região Metropolitana de Apucarana,PR,Paraná,894,2329,234,85.372,41,99.23,94.61,5,0,0,0
4123907,Santa Mariana,0,,PR,Paraná,4216,11051,427,90.085,41,94.48,98.91,23,0,0,0
4106852,Cruzmaltina,0,Região Metropolitana de Apucarana,PR,Paraná,1076,2892,312,87.032,41,104.53,83.52,1,0,0,0
4102505,Barbosa Ferraz,0,Região Metropolitana de Campo Mourão,PR,Paraná,4306,10753,539,8.721,41,98.73,96.07,13,0,0,0
4101655,Arapuã,0,Região Metropolitana de Apucarana,PR,Paraná,1337,3527,217,87.775,41,94.22,91.87,2,0,0,0
4126405,Sertaneja,0,Região Metropolitana de Londrina,PR,Paraná,2191,5616,444,93.137,41,98.45,105.3,10,0,0,0
4125001,São João do Ivaí,0,Região Metropolitana de Apucarana,PR,Paraná,4213,10596,353,88.121,41,95.47,103.42,3,0,0,0
4107306,Doutor Camargo,0,Região Metropolitana de Maringá,PR,Paraná,2527,6326,118,94.418,41,96.06,103.36,0,0,0,0
4103305,Borrazópolis,0,Região Metropolitana de Apucarana,PR,Paraná,3054,7734,334,91.853,41,98.89,99.07,6,0,0,0
4124202,Santo Antônio do Caiuá,0,,PR,Paraná,980,2493,219,88.916,41,94.92,86.7,0,0,0,0
4113403,Leópolis,0,,PR,Paraná,1414,3750,345,92.116,41,97.99,95.97,2,0,0,0
4100806,Alvorada do Sul,0,Região Metropolitana de Londrina,PR,Paraná,3888,10199,424,92.241,41,100.78,96.73,9,0,0,0
4116109,Moreira Sales,0,Região Metropolitana de Campo Mourão,PR,Paraná,4495,11126,354,87.752,41,98.88,93.82,4,0,0,0
4120002,Porecatu,0,Região Metropolitana de Londrina,PR,Paraná,4344,11484,292,92.789,41,94.41,98.78,3,0,0,0
3303302,Niterói,0,Região Metropolitana do Rio de Janeiro,RJ,Rio de Janeiro,194492,480085,134,98.231,41,84.53,118.15,625,0,189,0
3300902,Cambuci,0,,RJ,Rio de Janeiro,5799,14585,558,9.064,41,98.83,106.14,4,0,0,0
3304607,Santa Maria Madalena,0,,RJ,Rio de Janeiro,3989,10198,811,89.665,41,100.55,97.06,8,0,59,0
3302106,Itaocara,0,,RJ,Rio de Janeiro,9046,22819,433,92.259,41,93.43,107.49,5,0,4,0
3302809,Mendes,0,,RJ,Rio de Janeiro,6917,17461,95,96.655,41,89.03,94.97,24,0,0,0
3302908,Miguel Pereira,0,,RJ,Rio de Janeiro,10250,26550,288,9.593,41,88.97,110.46,21,0,0,0
3302056,Italva,0,,RJ,Rio de Janeiro,5598,14061,291,91.111,41,94.19,106.06,0,0,0,0
2405702,Jardim do Seridó,0,,RN,Rio Grande do Norte,4467,11614,368,83.926,41,93.09,121.6,0,0,0,0
4313011,Nova Candelária,0,,RS,Rio Grande do Sul,1182,3061,98,97.899,41,103.25,113.24,0,0,0,0
4301958,Barra Funda,0,,RS,Rio Grande do Sul,896,2489,60,96.644,41,95,103.4,4,0,0,0
4316733,Santa Cecília do Sul,0,,RS,Rio Grande do Sul,617,1674,200,95.652,41,103.16,101.02,5,0,0,0
4304101,Campos Borges,0,,RS,Rio Grande do Sul,1460,3613,226,93.493,41,99.5,111.15,1,0,0,0
4312674,Nicolau Vergueiro,0,,RS,Rio Grande do Sul,769,1924,155,95.867,41,102.94,103.88,0,0,0,0
4323408,Vila Maria,0,,RS,Rio Grande do Sul,1657,4412,181,96.295,41,101.78,122.39,1,0,0,0
4305306,Chapada,0,,RS,Rio Grande do Sul,3814,9517,684,96.736,41,95.25,115.04,0,0,0,0
4311759,Manoel Viana,0,,RS,Rio Grande do Sul,2767,6791,1391,94.167,41,99.38,96.18,4,0,0,0
4307203,Erval Grande,0,,RS,Rio Grande do Sul,1956,4930,286,91.196,41,104.14,110.76,0,0,0,0
4312427,Mormaço,0,,RS,Rio Grande do Sul,1058,2754,146,93.467,41,97.28,106.09,0,0,0,0
4302204,Boa Vista do Buricá,0,,RS,Rio Grande do Sul,2735,6913,110,98.182,41,97.84,107.14,0,0,0,0
4302378,Bom Progresso,0,,RS,Rio Grande do Sul,821,2096,89,91.686,41,94.61,99.18,0,0,0,0
4317707,Santo Antônio das Missões,0,,RS,Rio Grande do Sul,4086,10238,1711,92.909,41,100.08,106.68,1,0,0,0
4317756,Santo Antônio do Planalto,0,,RS,Rio Grande do Sul,816,2089,203,96.572,41,93.78,102.45,1,0,0,0
4318804,São Lourenço do Sul,0,,RS,Rio Grande do Sul,15248,41882,2036,96.052,41,99.29,111.31,22,0,568,0
4310306,Ilópolis,0,,RS,Rio Grande do Sul,1509,4124,124,94.634,41,102.58,130.87,1,0,0,0
4321329,Taquaruçu do Sul,0,,RS,Rio Grande do Sul,1140,3119,77,94.872,41,101.62,101.83,3,0,0,0
4314068,Passa Sete,0,,RS,Rio Grande do Sul,1525,3956,304,91.183,41,104.26,97.44,1,0,0,0
4322806,Veranópolis,0,,RS,Rio Grande do Sul,9531,23961,289,98.369,41,94.71,110.7,17,0,0,0
4315354,Quinze de Novembro,0,,RS,Rio Grande do Sul,1518,3898,223,97.579,41,93.37,108.96,0,0,0,0
4316600,Sananduva,0,,RS,Rio Grande do Sul,6613,16382,504,96.715,41,95.55,120.87,20,0,0,0
4317905,Santo Cristo,0,,RS,Rio Grande do Sul,5911,15271,367,97.547,41,98.68,107.74,3,0,0,0
4306205,Cruzeiro do Sul,0,,RS,Rio Grande do Sul,4585,11468,155,96.981,41,99.93,112.19,32,0,0,0
4319208,São Nicolau,0,,RS,Rio Grande do Sul,2047,5105,486,89.736,41,100.94,105.11,2,0,0,0
4319364,São Pedro das Missões,0,,RS,Rio Grande do Sul,671,1755,80,91.632,41,99.43,96.28,0,0,0,0
4309126,Gramado dos Loureiros,0,,RS,Rio Grande do Sul,723,2014,131,86.702,41,107.2,103.11,0,0,0,0
4309753,Ibarama,0,,RS,Rio Grande do Sul,1417,3730,195,93.584,41,104.38,112.32,0,0,0,0
4312476,Morro Reuter,0,,RS,Rio Grande do Sul,2301,6022,89,98.482,41,100.9,103.48,2,0,0,0
4308003,Faxinal do Soturno,0,,RS,Rio Grande do Sul,2581,6698,170,96.639,41,96.65,125.29,13,0,0,0
4302808,Caçapava do Sul,0,,RS,Rio Grande do Sul,13439,32359,3048,94.265,41,94.29,107.42,78,0,262,20
4314464,Pinhal da Serra,0,,RS,Rio Grande do Sul,885,2244,438,93.258,41,105.67,105.8,1,0,0,0
4312302,Miraguaí,0,,RS,Rio Grande do Sul,1658,4427,131,94.189,41,99.15,92.59,180,71,0,0
4310652,Itati,0,Aglomeração Urbana do Litoral Norte,RS,Rio Grande do Sul,1041,2629,205,93.667,41,105.61,90.85,2,0,0,0
4316428,Sagrada Família,0,,RS,Rio Grande do Sul,973,2480,78,93.072,41,102.12,88.7,0,0,0,0
4302907,Cacequi,0,,RS,Rio Grande do Sul,4271,11078,2374,93.812,41,100.23,96.04,1,0,0,0
4323309,Vila Flores,0,,RS,Rio Grande do Sul,1323,3634,108,97.455,41,97.83,112.22,5,0,0,0
4315503,Restinga Seca,0,,RS,Rio Grande do Sul,5906,14890,969,94.777,41,97.11,114.05,12,0,756,585
4301073,Arroio do Padre,0,Aglomeração Urbana do Sul,RS,Rio Grande do Sul,823,2593,125,96.649,41,103.52,126.32,1,0,69,0
4314209,Pedro Osório,0,,RS,Rio Grande do Sul,3084,7449,604,93.595,41,90.97,104.92,10,0,0,0
4314076,Passo do Sobrado,0,,RS,Rio Grande do Sul,2381,5993,265,96.042,41,95.93,98.8,0,0,0,0
4314423,Picada Café,0,,RS,Rio Grande do Sul,2031,5351,84,98.563,41,96.01,93,0,0,0,0
4300109,Agudo,0,,RS,Rio Grande do Sul,6132,15974,535,95.475,41,96.44,101.99,1,0,0,0
4310413,Inhacorá,0,,RS,Rio Grande do Sul,782,2014,114,90.719,41,104.47,103.78,0,0,0,0
4320354,Sentinela do Sul,0,,RS,Rio Grande do Sul,2109,5234,282,93.633,41,108.57,108.6,8,0,0,0
4305157,Cerro Grande,0,,RS,Rio Grande do Sul,915,2379,73,88.713,41,100.08,99.52,2,0,0,0
4306932,Entre-Ijuís,0,,RS,Rio Grande do Sul,3582,9113,553,95.705,41,96.9,107.31,2,0,0,0
4306072,Cristal do Sul,0,,RS,Rio Grande do Sul,1057,2689,97,91.813,41,96.21,95.95,1,0,0,0
4320552,Sertão Santana,0,,RS,Rio Grande do Sul,2345,5788,252,95.312,41,103.44,118.46,2,0,0,0
4313102,Nova Palma,0,,RS,Rio Grande do Sul,2041,5584,315,97.667,41,98.65,138.17,1,0,127,0
4313490,Novo Barreiro,0,,RS,Rio Grande do Sul,1647,4272,123,92.863,41,103.53,94.57,0,0,0,0
4204756,Cunhataí,0,Região Metropolitana de Chapecó,SC,Santa Catarina,703,1964,55,96.835,41,105.64,91.69,0,0,0,0
4216255,São João do Oeste,0,Região Metropolitana do Extremo Oeste,SC,Santa Catarina,2347,6272,164,99.096,41,101.63,111.79,1,0,0,0
4204905,Descanso,0,Região Metropolitana do Extremo Oeste,SC,Santa Catarina,3128,8505,287,94.971,41,101.65,110.21,6,0,0,0
4215554,Santa Helena,0,Região Metropolitana do Extremo Oeste,SC,Santa Catarina,881,2423,81,96.238,41,105.16,100.99,0,0,0,0
4211892,Painel,0,Região Metropolitana de Lages,SC,Santa Catarina,841,2215,738,91.259,41,114.42,83.84,0,0,0,0
3520442,Ilha Solteira,0,,SP,São Paulo,9704,25534,653,96.627,41,93.63,98.53,18,0,0,0
3533106,Nova Guataporanga,0,,SP,São Paulo,867,2153,34,89.961,41,96.36,103.75,0,0,0,0
3540408,Populina,0,,SP,São Paulo,1614,4111,316,91.737,41,96.43,98.72,0,0,0,0
3540101,Pongaí,0,,SP,São Paulo,1363,3393,183,95.235,41,100.41,115.19,2,0,0,0
3531209,Monte Alegre do Sul,0,,SP,São Paulo,3244,8623,110,95.794,41,98.37,102.37,2,0,0,0
3532504,Neves Paulista,0,Região Metropolitana de São José do Rio Preto,SP,São Paulo,3718,9662,219,95.076,41,98.18,109.45,3,0,0,0
3514205,Dolcinópolis,0,,SP,São Paulo,887,2206,78,9.244,41,101,100.58,0,0,0,0
3501806,Américo de Campos,0,,SP,São Paulo,2361,5868,253,95.453,41,94.56,109.11,6,0,0,0
3537156,Pedrinhas Paulista,0,,SP,São Paulo,1063,2801,152,95.074,41,94.72,103.26,1,0,0,0
3505302,Barra Bonita,0,,SP,São Paulo,12894,34249,150,96.053,41,92.84,100.1,23,0,0,0
3548302,Santo Expedito,0,,SP,São Paulo,1194,3000,94,93.232,41,94.81,106.76,7,0,0,0
3500808,Alfredo Marcondes,0,,SP,São Paulo,1726,4432,119,94.636,41,98.88,101.72,3,0,0,0
3554656,Torre de Pedra,0,,SP,São Paulo,814,2046,71,94.968,41,100.98,103.56,0,0,0,0
3555901,Uru,0,,SP,São Paulo,539,1385,147,94.009,41,100.14,94.05,0,0,0,0
3516606,Gália,0,,SP,São Paulo,2441,6350,356,93.433,41,96.31,104.95,3,0,0,0
3516903,General Salgado,0,,SP,São Paulo,4019,10265,494,93.786,41,97.02,100.29,6,0,0,0
3555802,Urânia,0,,SP,São Paulo,3434,8808,209,93.051,41,96.25,105.54,2,0,0,0
3532306,Natividade da Serra,0,Região Metropolitana do Vale do Paraíba e Litoral Norte,SP,São Paulo,2838,6989,833,89.401,41,108.37,93.34,4,0,0,0
3536000,Parapuã,0,,SP,São Paulo,4102,10553,367,9.328,41,98.2,106.48,14,0,0,0
3555109,Tupi Paulista,0,,SP,São Paulo,5573,14024,245,96.434,41,103.13,125.29,5,0,0,0
3524808,Jales,0,,SP,São Paulo,19080,48638,369,96.272,41,93.55,98.81,11,0,0,0
3549201,São João das Duas Pontes,0,,SP,São Paulo,980,2575,129,91.628,41,97.25,93.06,0,0,0,0
3510906,Cássia dos Coqueiros,0,Região Metropolitana de Ribeirão Preto,SP,São Paulo,1076,2788,192,92.975,41,104.61,108.72,1,0,0,0
3500501,Águas de Lindóia,0,,SP,São Paulo,6799,17806,60,96.417,41,94.7,106.03,5,0,0,0
3503406,Arealva,0,,SP,São Paulo,3079,8095,506,96.191,41,99.36,108.7,1,0,0,0
3547700,Santo Anastácio,0,,SP,São Paulo,6888,17908,553,95.945,41,92.1,100.91,8,0,0,0
3552106,Socorro,0,,SP,São Paulo,15115,39995,449,95.489,41,96.42,107.33,18,0,0,0
3514502,Duartina,0,,SP,São Paulo,4790,12305,265,95.732,41,95.47,104.57,36,0,0,0
3533809,Óleo,0,,SP,São Paulo,973,2512,199,94.904,41,104.73,98.38,1,0,0,0
3554953,Tuiuti,0,,SP,São Paulo,2527,6778,127,94.632,41,99.06,108.16,2,0,0,0
3513900,Divinolândia,0,,SP,São Paulo,4189,10977,224,95.059,41,98.05,107.95,9,0,0,0
2900108,Abaíra,0,,BA,Bahia,2722,7281,539,81.162,43,95.48,136.99,42,0,521,0
2312502,São João do Jaguaribe,0,,CE,Ceará,2371,5855,279,79.656,43,91.97,127.5,0,0,0,0
5210604,Itaguaru,0,,GO,Goiás,1979,4894,241,88.408,43,100.57,117.4,4,0,0,0
5219357,Santa Isabel,0,,GO,Goiás,1397,3530,813,87.886,43,103.33,99.32,3,0,0,0
5200506,Aloândia,0,,GO,Goiás,812,1968,102,89.048,43,99.7,125.83,0,0,0,0
5209457,Guarinos,0,,GO,Goiás,883,2159,593,85.904,43,109.81,96.31,1,0,0,0
5212006,Jaupaci,0,,GO,Goiás,1137,2837,529,88.223,43,99.86,101.28,2,0,0,0
5210158,Ipiranga de Goiás,0,,GO,Goiás,1181,2912,244,91.697,43,105.85,97.47,1,0,0,0
5207600,Fazenda Nova,0,,GO,Goiás,2429,5864,1279,90.698,43,102.03,100.21,1,0,0,0
5211602,Ivolândia,0,,GO,Goiás,1092,2679,1261,90.416,43,101.57,92.17,0,0,0,0
5212600,Mairipotaba,0,,GO,Goiás,1064,2538,468,89.935,43,104.06,104.94,2,0,6,0
3156106,Ritápolis,0,,MG,Minas Gerais,1984,4994,405,9.361,43,98.17,124.79,0,0,0,0
3144409,Natércia,0,,MG,Minas Gerais,1814,4651,189,9.288,43,105.93,126.74,3,0,0,0
3127909,Grupiara,0,,MG,Minas Gerais,563,1392,193,93.934,43,102.92,123.9,0,0,0,0
3139250,Mamonas,0,,MG,Minas Gerais,2352,5993,284,77.745,43,101.24,115.88,4,0,0,0
3121803,Dionísio,0,Colar Metropolitano,MG,Minas Gerais,2590,6831,339,90.929,43,94.52,123.74,4,0,0,0
3150109,Piau,0,,MG,Minas Gerais,1088,2795,192,93.376,43,104.09,118.37,1,0,0,0
3108800,Braúnas,0,Colar Metropolitano,MG,Minas Gerais,1604,4437,378,89.192,43,98.7,116.93,7,0,52,0
3108701,Brás Pires,0,,MG,Minas Gerais,1634,4215,223,91.472,43,98.05,112.42,0,0,0,0
3132800,Itambé do Mato Dentro,0,,MG,Minas Gerais,828,2137,380,86.326,43,94.2,116.33,1,0,0,0
3148806,Pedra do Anta,0,,MG,Minas Gerais,1265,3309,173,86.287,43,98.86,142.49,1,0,0,0
3147501,Passabém,0,,MG,Minas Gerais,610,1593,94,82.718,43,91.39,135.77,0,0,0,0
3158508,Santana de Pirapama,0,,MG,Minas Gerais,2770,7002,1256,87.812,43,106.28,127.83,0,0,0,0
3103801,Arapuá,0,,MG,Minas Gerais,1045,2620,174,93.162,43,102.7,126.91,1,0,0,0
3166600,Serra da Saudade,0,,MG,Minas Gerais,337,829,336,91.036,43,109.3,119.33,0,0,0,0
3141504,Mendes Pimentel,0,,MG,Minas Gerais,2240,5606,306,83.212,43,95.19,107.03,1,0,0,0
3105707,Barra Longa,0,,MG,Minas Gerais,2017,5656,384,87.456,43,97.35,127.21,3,0,0,0
3121704,Diogo de Vasconcelos,0,,MG,Minas Gerais,1396,3549,165,83.025,43,100.17,121.43,0,0,3,0
4121307,Rancho Alegre,0,Região Metropolitana de Londrina,PR,Paraná,1412,3512,168,91.284,43,92.86,123.63,1,0,0,0
4107801,Floraí,0,Região Metropolitana de Maringá,PR,Paraná,1933,4774,191,93.692,43,95.67,121.9,3,0,0,0
4300208,Ajuricaba,0,,RS,Rio Grande do Sul,2592,6666,323,96.924,43,97.41,114.74,1,0,0,0
4316956,Santa Maria do Herval,0,,RS,Rio Grande do Sul,2414,6339,140,97.952,43,104.98,114.56,2,0,0,0
4323705,Vista Gaúcha,0,,RS,Rio Grande do Sul,1108,2783,90,95.964,43,100.5,101.32,1,0,0,0
4314605,Piratini,0,,RS,Rio Grande do Sul,7513,17472,3538,92.846,43,101.08,120.46,75,0,0,0
4313466,Novo Xingu,0,,RS,Rio Grande do Sul,622,1646,80,95.477,43,99.76,124.11,15,0,0,0
4300703,Anta Gorda,0,,RS,Rio Grande do Sul,2235,5954,242,97.047,43,100.24,144.31,1,0,0,0
4302220,Boa Vista do Cadeado,0,,RS,Rio Grande do Sul,855,2229,701,9.612,43,105.25,122.67,0,0,0,0
4314027,Paraíso do Sul,0,,RS,Rio Grande do Sul,2617,6468,338,94.129,43,99.24,129.61,0,0,0,0
4300570,Alto Feliz,0,,RS,Rio Grande do Sul,1230,3072,78,98.436,43,103.85,112.44,0,0,0,0
4320677,Sinimbu,0,,RS,Rio Grande do Sul,3206,8558,510,94.464,43,109.94,123.39,0,0,0,0
4306304,David Canabarro,0,,RS,Rio Grande do Sul,1658,4318,175,95.701,43,100.98,121.98,9,0,0,0
4305504,Ciríaco,0,,RS,Rio Grande do Sul,1680,4146,274,9.608,43,99.18,133.07,0,0,0,0
4313656,Palmares do Sul,0,Aglomeração Urbana do Litoral Norte,RS,Rio Grande do Sul,5173,12815,949,94.856,43,96.75,115.83,40,25,272,76
4310553,Itacurubi,0,,RS,Rio Grande do Sul,1170,2990,1121,93.644,43,104.86,104.52,0,0,0,0
4320230,Sede Nova,0,,RS,Rio Grande do Sul,1068,2688,119,93.129,43,103,106.47,3,0,0,0
4305871,Coronel Barros,0,,RS,Rio Grande do Sul,1092,2808,164,98.025,43,97.76,124.89,5,0,0,0
4306007,Crissiumal,0,,RS,Rio Grande do Sul,5267,12814,362,96.422,43,96.43,129.38,6,0,0,0
4308656,Garruchos,0,,RS,Rio Grande do Sul,1056,2684,804,90.965,43,110,106.05,1,0,0,0
4301057,Arroio do Sal,0,Aglomeração Urbana do Litoral Norte,RS,Rio Grande do Sul,4465,11031,119,97.761,43,94.7,111.89,10,0,0,0
4320321,Senador Salgado Filho,0,,RS,Rio Grande do Sul,1044,2667,147,9.533,43,99.18,116.63,0,0,0,0
4315131,Pouso Novo,0,,RS,Rio Grande do Sul,665,1739,105,91.814,43,106.53,141.03,0,0,0,0
4303301,Caibaté,0,,RS,Rio Grande do Sul,1895,4684,261,95.911,43,101.46,117.69,1,0,0,0
4313391,Novo Cabrais,0,,RS,Rio Grande do Sul,1458,3560,193,94.728,43,98.66,119.38,2,0,0,0
4320503,Sertão,0,,RS,Rio Grande do Sul,2191,5523,441,96.931,43,95.66,132.19,53,0,205,82
4318606,São José do Ouro,0,,RS,Rio Grande do Sul,2738,6834,335,94.846,43,94.59,124.19,31,0,0,0
4310363,Imigrante,0,,RS,Rio Grande do Sul,1182,3067,72,98.144,43,96.81,144.09,0,0,0,0
4318465,São José do Herval,0,,RS,Rio Grande do Sul,749,1902,103,89.774,43,107.64,110.06,0,0,0,0
4219606,Xavantina,0,Região Metropolitana de Chapecó,SC,Santa Catarina,1253,3651,218,95.249,43,107.32,122.3,22,0,0,0
4212601,Peritiba,0,Região Metropolitana do Contestado,SC,Santa Catarina,1200,2992,96,97.296,43,98.94,119.29,0,0,0,0
4215208,Romelândia,0,Região Metropolitana do Extremo Oeste,SC,Santa Catarina,1859,4803,223,92.718,43,102.82,119.13,1,0,0,0
4202099,Barra Bonita,0,Região Metropolitana do Extremo Oeste,SC,Santa Catarina,611,1661,93,92.121,43,108.76,100.32,0,0,0,0
4202057,Balneário Barra do Sul,0,"Região Metropolitana do Norte/Nordeste Catarinense, Região Metropolitana de Joinville ",SC,Santa Catarina,5797,14899,109,96.709,43,99.3,102.25,64,50,5,0
3501103,Alto Alegre,0,,SP,São Paulo,1518,3841,319,94.269,43,100.89,132.7,1,0,0,0
3543238,Ribeirão dos Índios,0,,SP,São Paulo,816,2025,196,91.671,43,91.58,129.05,0,0,0,0
3520426,Ilha Comprida,0,,SP,São Paulo,5258,13319,197,95.843,43,97.05,111.73,25,0,0,0
3532603,Nhandeara,0,,SP,São Paulo,4016,9758,436,94.403,43,92.61,128.93,2,0,0,0
3547650,Santa Salete,0,,SP,São Paulo,646,1643,79,94.949,43,101.1,118.92,0,0,0,0
3529104,Marinópolis,0,,SP,São Paulo,717,1860,78,89.707,43,100.43,108.95,1,0,0,0
3513850,Dirce Reis,0,,SP,São Paulo,642,1620,88,90.723,43,104.55,117.93,2,0,0,0
3526308,Lagoinha,0,Região Metropolitana do Vale do Paraíba e Litoral Norte,SP,São Paulo,2079,4991,255,93.867,43,102.91,114.96,3,0,0,0
3500402,Águas da Prata,0,,SP,São Paulo,2830,7262,143,96.849,43,92.25,131.01,0,0,0,0
3546207,Santa Cruz da Conceição,0,Região Metropolitana de Piracicaba,SP,São Paulo,1631,4271,150,96.288,43,96.19,121.72,4,0,0,0
3528304,Magda,0,,SP,São Paulo,1257,3163,312,94.159,43,95.37,119.43,3,0,0,0
5202601,Aurilândia,0,,GO,Goiás,1363,3266,566,89.099,45,101.35,132.1,4,0,0,0
5205703,Córrego do Ouro,0,,GO,Goiás,1021,2454,458,90.979,45,101.64,124.59,0,0,0,0
3146404,Paineiras,0,,MG,Minas Gerais,1780,4203,637,93.226,45,99.06,136.96,0,0,0,0
3169059,Tocos do Moji,0,,MG,Minas Gerais,1470,3824,115,91.253,45,113.98,133.87,0,0,0,0
3108107,Bonfim,0,Colar Metropolitano de Belo Horizonte,MG,Minas Gerais,3054,7388,302,92.847,45,102.84,152.65,6,0,337,0
3153806,Queluzito,0,,MG,Minas Gerais,678,1768,154,93.298,45,104.86,127.82,3,0,0,0
4307831,Eugênio de Castro,0,,RS,Rio Grande do Sul,1112,2608,418,95.576,45,100.53,142.53,1,0,0,0
4300851,Arambaré,0,,RS,Rio Grande do Sul,1729,4107,518,94.569,45,97.31,134.34,5,0,0,0
4313086,Nova Pádua,0,Região Metropolitana da Serra Gaúcha,RS,Rio Grande do Sul,810,2343,103,97.845,45,103.03,161.79,20,0,0,0
4321477,Tiradentes do Sul,0,,RS,Rio Grande do Sul,2029,5129,237,94.013,45,102.97,134.76,2,0,0,0
4315172,Protásio Alves,0,,RS,Rio Grande do Sul,752,2025,172,95.233,45,108.55,136.07,0,0,0,0
4305587,Colinas,0,,RS,Rio Grande do Sul,948,2421,61,983,45,100.75,153.85,2,0,0,0
4312054,Marques de Souza,0,,RS,Rio Grande do Sul,1574,3968,126,95.618,45,99.75,160.81,7,0,0,0
4303707,Campina das Missões,0,,RS,Rio Grande do Sul,2301,5882,225,97.882,45,97.71,150.3,1,0,0,0
4311643,Linha Nova,0,,RS,Rio Grande do Sul,665,1683,64,97.687,45,100.84,169.48,6,0,0,0
4318051,São Domingos do Sul,0,,RS,Rio Grande do Sul,1057,2749,79,97.437,45,99.71,157.49,0,0,0,0
4306957,Entre Rios do Sul,0,,RS,Rio Grande do Sul,1087,2674,120,93.125,45,94.85,129.44,2,0,0,0
4311106,Jaguari,0,,RS,Rio Grande do Sul,4309,10475,675,96.066,45,95.58,152.31,5,0,0,0
4318499,São José do Inhacorá,0,,RS,Rio Grande do Sul,956,2406,78,97.236,45,100.5,155.23,0,0,0,0
4309704,Humaitá,0,,RS,Rio Grande do Sul,1887,4680,135,96.951,45,96.19,137.31,7,0,0,0
4316436,Saldanha Marinho,0,,RS,Rio Grande do Sul,1035,2565,222,9.647,45,91.88,134.26,1,0,0,0
4306452,Dois Lajeados,0,,RS,Rio Grande do Sul,1161,3086,134,96.902,45,98.27,152,0,0,0,0
4319125,São Martinho da Serra,0,,RS,Rio Grande do Sul,1147,2860,670,92.528,45,107.85,131.71,5,0,0,0
4304853,Carlos Gomes,0,,RS,Rio Grande do Sul,513,1368,83,97.234,45,107.9,145.71,5,0,0,0
4317004,Santana da Boa Vista,0,,RS,Rio Grande do Sul,3043,7017,1419,91.635,45,101.84,133.21,2,0,163,0
4300505,Alpestre,0,,RS,Rio Grande do Sul,2845,7108,326,91.429,45,103.34,124.07,9,0,0,0
4309506,Guarani das Missões,0,,RS,Rio Grande do Sul,2802,7308,291,956,45,95.44,134.73,0,0,0,0
4312955,Nova Boa Vista,0,,RS,Rio Grande do Sul,796,2042,94,98.349,45,103.39,157.54,1,0,0,0
4322558,Vanini,0,,RS,Rio Grande do Sul,788,2004,65,95.113,45,99.6,135.79,0,0,0,0
4309803,Ibiaçá,0,,RS,Rio Grande do Sul,1770,4408,349,96.406,45,97.51,145.57,4,0,0,0
4322376,Unistalda,0,,RS,Rio Grande do Sul,806,1992,602,93.824,45,105.25,124.76,0,0,0,0
4307450,Esperança do Sul,0,,RS,Rio Grande do Sul,1276,3226,149,9.354,45,99.38,124.27,0,0,0,0
4308409,Formigueiro,0,,RS,Rio Grande do Sul,2536,6301,579,91.813,45,100.28,137.67,27,0,1314,0
4304309,Cândido Godói,0,,RS,Rio Grande do Sul,2439,6293,247,97.135,45,101.41,130.58,1,0,0,0
4311791,Maratá,0,,RS,Rio Grande do Sul,973,2462,82,96.665,45,103.46,133.43,0,0,0,0
4302584,Bozano,0,,RS,Rio Grande do Sul,807,2150,200,96.313,45,96.8,140.72,1,0,0,0
4314134,Paulo Bento,0,,RS,Rio Grande do Sul,793,2144,150,96.736,45,105.17,144.12,2,0,0,0
4308706,Gaurama,0,,RS,Rio Grande do Sul,2197,5579,204,96.714,45,95.21,150.39,2,0,0,0
3549300,São João do Pau d'Alho,0,,SP,São Paulo,925,2229,118,94.155,45,98.41,139.65,0,0,0,0
3531001,Monções,0,,SP,São Paulo,799,1937,104,94.219,45,98.67,122.51,0,0,0,0
3515806,Flora Rica,0,,SP,São Paulo,610,1487,225,91.819,45,96.43,132.89,0,0,0,0
3532108,Murutinga do Sul,0,,SP,São Paulo,1480,3712,251,94.345,45,98.35,128.16,3,0,0,0
3555208,Turiúba,0,,SP,São Paulo,756,1818,153,92.539,45,102.9,130,2,0,0,0
3501202,Álvares Florence,0,,SP,São Paulo,1533,3901,362,93.509,45,102.64,142.83,1,0,0,0
4306734,Doutor Maurício Cardoso,0,,RS,Rio Grande do Sul,1820,4443,256,96.254,47,97.96,153.83,0,0,0,0
4320578,Sete de Setembro,0,,RS,Rio Grande do Sul,696,1805,129,95.721,47,101.1,158.51,0,0,0,0
4302253,Boa Vista do Sul,0,,RS,Rio Grande do Sul,1052,2774,94,95.622,47,106.31,170.11,1,0,0,0
4322186,Tupanci do Sul,0,,RS,Rio Grande do Sul,560,1371,135,94.053,47,104.46,126.4,1,0,0,0
4318424,São João da Urtiga,0,,RS,Rio Grande do Sul,1739,4461,171,93.947,47,100.58,164.71,0,0,0,0
4322905,Viadutos,0,,RS,Rio Grande do Sul,1896,4769,268,95.569,47,99.04,171.21,0,0,0,0
4312005,Mariano Moro,0,,RS,Rio Grande do Sul,757,1858,99,94.227,47,99.36,165.59,0,0,0,0
4310702,Itatiba do Sul,0,,RS,Rio Grande do Sul,1285,3188,213,95.224,47,105.91,142.37,3,0,0,0
4313607,Paim Filho,0,,RS,Rio Grande do Sul,1414,3629,182,95.769,47,100.5,171.43,1,0,0,0
4322855,Vespasiano Correa,0,,RS,Rio Grande do Sul,642,1813,114,95.949,47,106.59,191.18,0,0,0,0
4316204,Rondinha,0,,RS,Rio Grande do Sul,1755,4980,252,96.056,47,95.8,152.69,0,0,0,0
4314787,Ponte Preta,0,,RS,Rio Grande do Sul,585,1575,100,95.979,47,102.7,154.31,1,0,0,0
4312351,Montauri,0,,RS,Rio Grande do Sul,535,1493,82,93.912,47,100.4,180.54,0,0,0,0
4321493,Toropi,0,,RS,Rio Grande do Sul,1058,2549,198,95.884,47,102.22,165.6,0,0,0,0
4323754,Vitória das Missões,0,,RS,Rio Grande do Sul,1312,3254,258,93.283,47,101.73,147.27,0,0,0,0
4315958,Rolador,0,,RS,Rio Grande do Sul,913,2288,295,9.367,47,107.33,160.42,2,0,0,0
4200754,Alto Bela Vista,0,Região Metropolitana do Contestado,SC,Santa Catarina,725,1856,103,97.843,47,102.4,143.57,3,0,0,0
3500600,Águas de São Pedro,0,Região Metropolitana de Piracicaba,SP,São Paulo,1153,2779,4,98.757,47,86.45,189.07,1,0,0,0
3547205,Santana da Ponte Pensa,0,,SP,São Paulo,667,1670,130,92.452,47,99.28,163.72,0,0,0,0
3515905,Floreal,0,,SP,São Paulo,1124,2733,204,93.703,47,94.52,178.35,1,0,0,0
4321626,Travesseiro,0,,RS,Rio Grande do Sul,830,2148,81,97.194,49,101.31,201.14,0,0,0,0
4300307,Alecrim,0,,RS,Rio Grande do Sul,2553,6120,316,94.272,49,102.21,169.57,0,0,0,0
4310462,Ipiranga do Sul,0,,RS,Rio Grande do Sul,675,1717,159,95.938,49,104.03,163.37,1,0,0,0
4315057,Porto Mauá,0,,RS,Rio Grande do Sul,843,2138,106,94.894,49,95.97,164.12,0,0,0,0
4306130,Cruzaltense,0,,RS,Rio Grande do Sul,616,1635,167,93.967,49,103.36,150,0,0,0,0
4301925,Barra do Rio Azul,0,,RS,Rio Grande do Sul,620,1696,147,95.632,49,102.15,199.52,0,0,0,0
4312385,Monte Belo do Sul,0,Região Metropolitana da Serra Gaúcha,RS,Rio Grande do Sul,917,2557,70,98.618,49,98.06,214.65,3,0,0,0
4314555,Pirapó,0,,RS,Rio Grande do Sul,917,2247,294,90.127,49,104.71,159.32,0,0,0,0
4315008,Porto Lucena,0,,RS,Rio Grande do Sul,1824,4349,251,92.976,51,100.46,193.02,0,0,0,0
4305934,Coronel Pilar,0,,RS,Rio Grande do Sul,565,1607,106,96.997,51,106.56,230.29,0,0,0,0
4321634,Três Arroios,0,,RS,Rio Grande do Sul,1028,2591,149,97.082,51,99.92,245.98,0,0,0,0
3555307,Turmalina,0,,SP,São Paulo,713,1669,148,94.673,51,94.52,205.38,0,0,0,0
4322350,União da Serra,0,,RS,Rio Grande do Sul,436,1170,131,96.815,53,113.89,243.28,0,0,0,0
4305835,Coqueiro Baixo,0,,RS,Rio Grande do Sul,502,1290,113,9.513,53,104.11,277.14,0,0,0,0